target_id,prot_ps,prot_acf,prot_cs,e_prot_ps,E_prot_ps,e_prot_acf,E_prot_acf,e_prot_cs,E_prot_cs,sph_ps,sph_acf,sph_cs,e_sph_ps,e_sph_acf,e_sph_cs,h_ps,fa_prob_ps,hacf,gacf,hcs
000,43.401094000839414,36.201157200343005,0.5611075200053164,1.1112701110288274,1.1112701110288274,-1.0,-1.0,0.17703452314449544,0.17703452314449544,805.1531230927347,770.019835726496,115.45085679172517,116.07391943864008,162.3406776628481,283.7948967093859,18.798220803320483,6.855457385051201e-09,0.5220756220103033,0.17479257998102823,1.8320521023198675
