target_id,prot_ps,prot_acf,prot_cs,e_prot_ps,E_prot_ps,e_prot_acf,E_prot_acf,e_prot_cs,E_prot_cs,sph_ps,sph_acf,sph_cs,e_sph_ps,e_sph_acf,e_sph_cs,h_ps,fa_prob_ps,hacf,gacf,hcs
001,0.19007519683822827,32.60395800030892,0.1683322560015949,0.07533070406307221,0.07533070406307221,-1.0,-1.0,0.03566983217010704,0.03566983217010704,101.95470144307569,196.57346753455246,101.2046557089066,137.71940829114087,112.85425930102421,134.8329638326106,13.601042711496223,1.2392022756039472e-06,0.09563930535397294,0.0457964711321143,0.1908297707680026
