target_id,prot_ps,prot_acf,prot_cs,e_prot_ps,E_prot_ps,e_prot_acf,E_prot_acf,e_prot_cs,E_prot_cs,sph_ps,sph_acf,sph_cs,e_sph_ps,e_sph_acf,e_sph_cs,h_ps,fa_prob_ps,hacf,gacf,hcs
002,17.35105286960535,18.06238440017114,17.303959085779603,1.866079087970047,1.866079087970047,-1.0,-1.0,0.2937109834422743,0.2937109834422743,131.60284652400802,132.74119141887476,131.62545662682484,25.82334347591771,20.800441440484445,25.83789604822551,69.60495865880345,5.901338703143824e-31,0.22607436460855984,0.16229269077622024,0.19942724076177581
