target_id,prot_ps,prot_acf,prot_cs,e_prot_ps,E_prot_ps,e_prot_acf,E_prot_acf,e_prot_cs,E_prot_cs,sph_ps,sph_acf,sph_cs,e_sph_ps,e_sph_acf,e_sph_cs,h_ps,fa_prob_ps,hacf,gacf,hcs
003,21.034984410987825,20.791533600197,20.915794537593897,0.8632596330066424,0.8632596330066424,-1.0,-1.0,0.5101103725666567,0.5101103725666567,108.35664579173998,108.6137149333721,108.53060768746865,16.108875433308828,15.962635316829314,15.845070518341638,148.06172013523107,4.984389404648874e-65,0.31645826084065454,0.30848891469480505,0.1627996060726672
