target_id,prot_ps,prot_acf,prot_cs,e_prot_ps,E_prot_ps,e_prot_acf,E_prot_acf,e_prot_cs,E_prot_cs,sph_ps,sph_acf,sph_cs,e_sph_ps,e_sph_acf,e_sph_cs,h_ps,fa_prob_ps,hacf,gacf,hcs
004,0.10421177283489108,28.7706492002726,0.2034014760019272,7.389056098930649,7.389056098930649,-1.0,-1.0,0.014914663037532052,0.014914663037532052,125.5886074879797,156.55625886226932,127.14952893150016,21.048169670920895,43.293011249160294,30.28773096035348,8.150770848238306,0.00028851287424714597,0.021029310920961893,0.02185384073336442,0.3262867448601824
