target_id,prot_ps,prot_acf,prot_cs,e_prot_ps,E_prot_ps,e_prot_acf,E_prot_acf,e_prot_cs,E_prot_cs,sph_ps,sph_acf,sph_cs,e_sph_ps,e_sph_acf,e_sph_cs,h_ps,fa_prob_ps,hacf,gacf,hcs
005,43.37373413973952,35.853937200339715,0.1959269034808197,1.3487410477043635,1.3487410477043635,-1.0,-1.0,0.034992632285801135,0.034992632285801135,715.5358017204298,688.3499301916472,68.84177184928662,204.41712143639757,206.36559661459052,248.93468312374398,60.729185702137634,4.223278865509401e-27,0.29019724256297674,0.14513601804959672,1.1820756868596793
