target_id,prot_ps,prot_acf,prot_cs,e_prot_ps,E_prot_ps,e_prot_acf,E_prot_acf,e_prot_cs,E_prot_cs,sph_ps,sph_acf,sph_cs,e_sph_ps,e_sph_acf,e_sph_cs,h_ps,fa_prob_ps,hacf,gacf,hcs
007,43.37197541388227,37.22198400035268,17.691569876990908,1.4987379467442274,1.4987379467442274,-1.0,-1.0,0.3335631187387954,0.3335631187387954,545.3699923289886,530.1078339897534,497.10150582176595,167.71387124396512,123.4915932929581,230.1529383581392,31.31980838683851,2.500230468632442e-14,0.5194266129314324,0.1680047377325673,0.9770622185512959
