target_id,prot_ps,prot_acf,prot_cs,e_prot_ps,E_prot_ps,e_prot_acf,E_prot_acf,e_prot_cs,E_prot_cs,sph_ps,sph_acf,sph_cs,e_sph_ps,e_sph_acf,e_sph_cs,h_ps,fa_prob_ps,hacf,gacf,hcs
008,43.371055481418914,39.124749600370706,17.643287634417103,1.560297349167217,1.560297349167217,-1.0,-1.0,0.343278557645042,0.343278557645042,294.7801545382244,283.3416654102269,271.0853932773932,61.258385970830744,70.51974564792418,109.05324889467398,23.705192900940723,5.0695047074551333e-11,0.6492975653062446,0.22974308993209727,0.8948699504280094
