target_id,prot_ps,prot_acf,prot_cs,e_prot_ps,E_prot_ps,e_prot_acf,E_prot_acf,e_prot_cs,E_prot_cs,sph_ps,sph_acf,sph_cs,e_sph_ps,e_sph_acf,e_sph_cs,h_ps,fa_prob_ps,hacf,gacf,hcs
010,15.090317608311814,14.770738800139952,15.241083012144408,0.767827936500832,0.767827936500832,-1.0,-1.0,0.6873890567234675,0.6873890567234675,708.996685997483,702.1952984675829,708.7760860870699,175.6377949070072,157.90524567501913,176.91019009696058,163.1423564331397,1.4066136786125845e-71,1.4437574753525797,0.7134657726133995,0.9881353792855215
