target_id,prot_ps,prot_acf,prot_cs,e_prot_ps,E_prot_ps,e_prot_acf,E_prot_acf,e_prot_cs,E_prot_cs,sph_ps,sph_acf,sph_cs,e_sph_ps,e_sph_acf,e_sph_cs,h_ps,fa_prob_ps,hacf,gacf,hcs
011,13.607751204553507,13.263804000125674,13.537241281113756,1.01980200162215,1.01980200162215,-1.0,-1.0,0.8388997200604963,0.8388997200604963,830.9140421463644,846.5525857334176,833.5306522129558,386.87289683308444,379.5643454294627,386.05509930133167,49.396974081425036,3.5250617873750827e-22,1.2748255154178083,0.6219244766760433,0.985073353420162
