target_id,prot_ps,prot_acf,prot_cs,e_prot_ps,E_prot_ps,e_prot_acf,E_prot_acf,e_prot_cs,E_prot_cs,sph_ps,sph_acf,sph_cs,e_sph_ps,e_sph_acf,e_sph_cs,h_ps,fa_prob_ps,hacf,gacf,hcs
012,4.993159131394448,4.805524800045532,4.943093364046836,0.34307062029285024,0.34307062029285024,-1.0,-1.0,0.22467643566665993,0.22467643566665993,370.67865785480143,367.5296216667592,363.9141079978386,96.06463674609817,100.82372616022793,87.43804650618071,106.5647055877414,5.242475356034283e-47,0.9426381107770869,0.6187099511919711,0.9597172982242673
