target_id,prot_ps,prot_acf,prot_cs,e_prot_ps,E_prot_ps,e_prot_acf,E_prot_acf,e_prot_cs,E_prot_cs,sph_ps,sph_acf,sph_cs,e_sph_ps,e_sph_acf,e_sph_cs,h_ps,fa_prob_ps,hacf,gacf,hcs
013,0.5342901938383686,22.124858400209632,0.6030983132654801,0.1789838050215707,0.1789838050215707,-1.0,-1.0,0.0021863423058885727,0.0021863423058885727,136.75970781209747,341.66862842017645,142.7117196630032,258.3051449973655,32.70657916895887,260.7645492595892,53.519851067540266,5.709840925321155e-24,0.27455879966097596,0.1372350422966172,1.7914347741985766
