target_id,prot_ps,prot_acf,prot_cs,e_prot_ps,E_prot_ps,e_prot_acf,E_prot_acf,e_prot_cs,E_prot_cs,sph_ps,sph_acf,sph_cs,e_sph_ps,e_sph_acf,e_sph_cs,h_ps,fa_prob_ps,hacf,gacf,hcs
015,0.4166169231550259,19.166544000181602,0.6809681344957964,0.12250439836163986,0.12250439836163986,-1.0,-1.0,0.0037579490001424356,0.0037579490001424356,133.1575454855358,235.88820025473294,142.7961474530896,105.8358776832323,41.92924558568911,104.40754107122495,26.355953133766338,3.5789447062311475e-12,0.21751079355295677,0.11149599930122975,3.540489996136784
