target_id,prot_ps,prot_acf,prot_cs,e_prot_ps,E_prot_ps,e_prot_acf,E_prot_acf,e_prot_cs,E_prot_cs,sph_ps,sph_acf,sph_cs,e_sph_ps,e_sph_acf,e_sph_cs,h_ps,fa_prob_ps,hacf,gacf,hcs
016,38.554440818971564,37.638648000356625,38.64444716163009,0.8889169504033078,0.8889169504033078,-1.0,-1.0,1.066551549301017,1.066551549301017,709.7605587564744,704.7965251653414,710.3053801447031,99.2841203400207,105.32124633284813,98.66120191500686,45.21267921813851,2.3141041623590142e-20,1.130632328235884,0.6693869768134157,0.9834989114496283
