target_id,prot_ps,prot_acf,prot_cs,e_prot_ps,E_prot_ps,e_prot_acf,E_prot_acf,e_prot_cs,E_prot_cs,sph_ps,sph_acf,sph_cs,e_sph_ps,e_sph_acf,e_sph_cs,h_ps,fa_prob_ps,hacf,gacf,hcs
017,34.70772915147792,34.9025544003307,35.05519231233214,1.4404736508391098,1.4404736508391098,-1.0,-1.0,1.3387038609226996,1.3387038609226996,1262.9732487158572,1261.7917967302933,1261.1339034745365,379.4860335254785,376.1254034080076,373.8758880610662,197.23127395161134,2.2056980745133683e-86,1.572238565453386,0.9031657706019675,0.9990306077789279
