target_id,prot_ps,prot_acf,prot_cs,e_prot_ps,E_prot_ps,e_prot_acf,E_prot_acf,e_prot_cs,E_prot_cs,sph_ps,sph_acf,sph_cs,e_sph_ps,e_sph_acf,e_sph_cs,h_ps,fa_prob_ps,hacf,gacf,hcs
020,16.52268947096236,46.38859200043953,16.369553446247043,0.9781776156846564,0.9781776156846564,-1.0,-1.0,0.37718724028352657,0.37718724028352657,201.9966062335188,203.46381003885915,203.0660725387338,54.605238579248436,44.37765337968366,53.96815719255553,20.688622700805958,1.0352501994894993e-09,0.486883890659352,0.4849321522636093,0.6658207026736968
