target_id,prot_ps,prot_acf,prot_cs,e_prot_ps,E_prot_ps,e_prot_acf,E_prot_acf,e_prot_cs,E_prot_cs,sph_ps,sph_acf,sph_cs,e_sph_ps,e_sph_acf,e_sph_cs,h_ps,fa_prob_ps,hacf,gacf,hcs
022,0.3967975028237227,18.29154960017331,0.3884247571207566,0.12633817556308755,0.12633817556308755,-1.0,-1.0,0.002394586611475138,0.002394586611475138,109.56366731615346,216.3677337782898,109.67755608338462,74.85477585068621,42.584323517870025,75.18175079845868,98.92537618578204,1.0895696621979414e-43,0.9559710020411417,0.47883558887993793,1.2827691826695404
