target_id,prot_ps,prot_acf,prot_cs,e_prot_ps,E_prot_ps,e_prot_acf,E_prot_acf,e_prot_cs,E_prot_cs,sph_ps,sph_acf,sph_cs,e_sph_ps,e_sph_acf,e_sph_cs,h_ps,fa_prob_ps,hacf,gacf,hcs
023,30.178247206051328,28.81926000027306,30.24476960252326,1.4894039370965662,1.4894039370965662,-1.0,-1.0,1.072750797923652,1.072750797923652,477.11406675504213,471.3843601197783,477.2402610637411,143.25480708304596,150.91368488227508,143.21515484287886,119.71690877029525,1.017670371296058e-52,1.2139957392404475,0.6139388831999061,0.9589230686632383
