target_id,prot_ps,prot_acf,prot_cs,e_prot_ps,E_prot_ps,e_prot_acf,E_prot_acf,e_prot_cs,E_prot_cs,sph_ps,sph_acf,sph_cs,e_sph_ps,e_sph_acf,e_sph_cs,h_ps,fa_prob_ps,hacf,gacf,hcs
024,43.39986731713813,33.735895200319646,0.55409367600525,1.3175748834357937,1.3175748834357937,-1.0,-1.0,0.21535413130651185,0.21535413130651185,970.8374261217518,959.1304950562517,134.24079107494052,201.99471133311022,189.77282117318205,159.25220191157857,21.329834617192752,5.452184274790085e-10,0.3027062870630874,0.11759725679421926,2.0712008575932765
