target_id,prot_ps,prot_acf,prot_cs,e_prot_ps,E_prot_ps,e_prot_acf,E_prot_acf,e_prot_cs,E_prot_cs,sph_ps,sph_acf,sph_cs,e_sph_ps,e_sph_acf,e_sph_cs,h_ps,fa_prob_ps,hacf,gacf,hcs
025,33.0430365628578,33.26367600031517,33.03843139526116,3.919856463775166,3.919856463775166,-1.0,-1.0,1.2674908751824623,1.2674908751824623,430.9462845326203,430.15959031165016,430.96040053100603,74.10706534110449,74.30289398931907,74.08460728483519,16.462396511360716,7.087156714887837e-08,1.167844736555501,0.5854462838948982,0.998883442011393
