target_id,prot_ps,prot_acf,prot_cs,e_prot_ps,E_prot_ps,e_prot_acf,E_prot_acf,e_prot_cs,E_prot_cs,sph_ps,sph_acf,sph_cs,e_sph_ps,e_sph_acf,e_sph_cs,h_ps,fa_prob_ps,hacf,gacf,hcs
026,11.018317781706738,10.861041600102908,11.099598330726927,0.7132742617616946,0.7132742617616946,-1.0,-1.0,0.5818896002274284,0.5818896002274284,1359.060632912881,1319.6346390494034,1174.450241156503,832.6843229572382,759.8184577391067,465.73315772476224,148.8075323230577,2.3643395468176065e-65,1.3473588846572295,0.6917180991548698,0.9847498541272489
