target_id,prot_ps,prot_acf,prot_cs,e_prot_ps,E_prot_ps,e_prot_acf,E_prot_acf,e_prot_cs,E_prot_cs,sph_ps,sph_acf,sph_cs,e_sph_ps,e_sph_acf,e_sph_cs,h_ps,fa_prob_ps,hacf,gacf,hcs
027,43.370369808678284,44.38860480042058,17.52759615616607,1.5283213081921752,1.5283213081921752,-1.0,-1.0,0.3408319926470354,0.3408319926470354,877.0771977486305,866.819647439017,795.3156690246572,342.89549199589135,340.18443917721214,443.1045299803188,24.769782563149946,1.748316735792154e-11,0.6384720694672266,0.22814274074013316,1.115540969296592
