target_id,prot_ps,prot_acf,prot_cs,e_prot_ps,E_prot_ps,e_prot_acf,E_prot_acf,e_prot_cs,E_prot_cs,sph_ps,sph_acf,sph_cs,e_sph_ps,e_sph_acf,e_sph_cs,h_ps,fa_prob_ps,hacf,gacf,hcs
029,0.23218979758268982,17.249889600163442,0.8964861123865825,0.05029794413935921,0.05029794413935921,-1.0,-1.0,0.0019951754563294895,0.0019951754563294895,181.96502174820148,619.5571411267433,348.9485097907278,317.2039512939816,73.00479533333605,278.6050917634105,874.9763690568833,0.0,0.31732865881589495,0.23724962910223737,0.8315679582345248
