target_id,prot_ps,prot_acf,prot_cs,e_prot_ps,E_prot_ps,e_prot_acf,E_prot_acf,e_prot_cs,E_prot_cs,sph_ps,sph_acf,sph_cs,e_sph_ps,e_sph_acf,e_sph_cs,h_ps,fa_prob_ps,hacf,gacf,hcs
030,40.8262235279154,37.27059480035314,40.83393397932791,1.0329905584687753,1.0329905584687753,-1.0,-1.0,1.1989219435934526,1.1989219435934526,819.4257945359597,802.128997377633,819.4659228820096,84.79229053387762,136.99655815891015,84.82941012145795,84.665936121865,1.6984436282235597e-37,0.8705407100289051,0.6498056211278099,0.8798228859039674
