target_id,prot_ps,prot_acf,prot_cs,e_prot_ps,E_prot_ps,e_prot_acf,E_prot_acf,e_prot_cs,E_prot_cs,sph_ps,sph_acf,sph_cs,e_sph_ps,e_sph_acf,e_sph_cs,h_ps,fa_prob_ps,hacf,gacf,hcs
032,0.7090493522979825,35.05533120033215,0.5350646143657032,0.20194976016129357,0.20194976016129357,-1.0,-1.0,0.002605061080659007,0.002605061080659007,146.62145780334478,400.2785049454978,127.93102721383053,234.088275191505,63.715435127246984,232.65051458631174,105.54347331707645,1.455633150057272e-46,0.47946226310526696,0.2381741020617373,1.3046329472807738
