target_id,prot_ps,prot_acf,prot_cs,e_prot_ps,E_prot_ps,e_prot_acf,E_prot_acf,e_prot_cs,E_prot_cs,sph_ps,sph_acf,sph_cs,e_sph_ps,e_sph_acf,e_sph_cs,h_ps,fa_prob_ps,hacf,gacf,hcs
033,28.916539757388954,29.180368800276483,29.212660260276785,1.4336478555988492,1.4336478555988492,-1.0,-1.0,1.3281978260457001,1.3281978260457001,650.2849649691209,645.9950159903976,645.7311606381463,223.19864358958455,226.75361815820733,226.6532644777433,68.54650403181657,1.7007150121257204e-30,1.5057653605480836,0.7634582037982462,0.9980372890868263
