target_id,prot_ps,prot_acf,prot_cs,e_prot_ps,E_prot_ps,e_prot_acf,E_prot_acf,e_prot_cs,E_prot_cs,sph_ps,sph_acf,sph_cs,e_sph_ps,e_sph_acf,e_sph_cs,h_ps,fa_prob_ps,hacf,gacf,hcs
034,23.94482857731343,23.131796400219173,23.697973332224542,3.964084378819891,3.964084378819891,-1.0,-1.0,1.4605199485062224,1.4605199485062224,251.2930239331572,252.9778833557209,251.73162673230004,96.15226414975538,99.96482047491297,97.41489390632887,22.050266051251494,2.6527182757333295e-10,0.14030876655930424,0.09931143760017895,0.14835606968244267
