target_id,prot_ps,prot_acf,prot_cs,e_prot_ps,E_prot_ps,e_prot_acf,E_prot_acf,e_prot_cs,E_prot_cs,sph_ps,sph_acf,sph_cs,e_sph_ps,e_sph_acf,e_sph_cs,h_ps,fa_prob_ps,hacf,gacf,hcs
036,0.1325228367417353,51.485781600487826,0.584371260005537,0.250431607515169,0.250431607515169,-1.0,-1.0,1.9580099792188472,1.9580099792188472,126.65357553032244,348.9366045519063,143.76017000179658,65.85937288821806,81.31598211969353,74.48027333604179,10.374771979345365,3.121000069711348e-05,0.6736573068817384,0.38774937110290775,0.7906995543315073
