target_id,prot_ps,prot_acf,prot_cs,e_prot_ps,E_prot_ps,e_prot_acf,E_prot_acf,e_prot_cs,E_prot_cs,sph_ps,sph_acf,sph_cs,e_sph_ps,e_sph_acf,e_sph_cs,h_ps,fa_prob_ps,hacf,gacf,hcs
037,16.14312960849119,16.166563200153178,15.982088243518417,1.017004252527951,1.017004252527951,-1.0,-1.0,0.3810961002775461,0.3810961002775461,347.0104960805586,348.32012338216214,346.1460297561173,208.55651847384215,207.59272935402717,210.59566744041302,120.33580545548327,5.480544586939901e-53,1.3807136117868226,0.6737917579205346,0.9988374540684358
