target_id,prot_ps,prot_acf,prot_cs,e_prot_ps,E_prot_ps,e_prot_acf,E_prot_acf,e_prot_cs,E_prot_cs,sph_ps,sph_acf,sph_cs,e_sph_ps,e_sph_acf,e_sph_cs,h_ps,fa_prob_ps,hacf,gacf,hcs
039,46.29693103038909,43.54833240041262,0.6522874920061803,3.104059397093962,3.104059397093962,-1.0,-1.0,0.2281389099464728,0.2281389099464728,436.06636018328953,408.6677154037214,130.47265332361295,23.65404044791084,73.4494662387059,200.48169564377557,15.806584503879517,1.3654870075302855e-07,0.6368571939615231,0.3567539803839203,0.9843932254725369
