target_id,prot_ps,prot_acf,prot_cs,e_prot_ps,E_prot_ps,e_prot_acf,E_prot_acf,e_prot_cs,E_prot_cs,sph_ps,sph_acf,sph_cs,e_sph_ps,e_sph_acf,e_sph_cs,h_ps,fa_prob_ps,hacf,gacf,hcs
040,25.709302217759177,26.47205280025082,25.924885872097672,1.8428537026418943,1.8428537026418943,-1.0,-1.0,1.4952874540341683,1.4952874540341683,820.1816117342063,838.8670783227365,823.4702166080455,174.85410832483123,175.88948878183868,173.40267711765932,28.380401467505827,4.726593446350162e-13,0.9898626785880626,0.4804838997760011,0.9808361914860383
