target_id,prot_ps,prot_acf,prot_cs,e_prot_ps,E_prot_ps,e_prot_acf,E_prot_acf,e_prot_cs,E_prot_cs,sph_ps,sph_acf,sph_cs,e_sph_ps,e_sph_acf,e_sph_cs,h_ps,fa_prob_ps,hacf,gacf,hcs
041,17.7988330781848,18.04849560017101,17.97648217217032,1.0752745394304086,1.0752745394304086,-1.0,-1.0,0.9195613651081572,0.9195613651081572,352.60406218012645,353.9380064586049,354.2173894901169,119.95117631386576,114.6849352498542,115.51079871583688,161.66774605241477,6.145963655454854e-71,0.8775284241937206,0.32419787267993544,0.9937713550299258
