target_id,prot_ps,prot_acf,prot_cs,e_prot_ps,E_prot_ps,e_prot_acf,E_prot_acf,e_prot_cs,E_prot_cs,sph_ps,sph_acf,sph_cs,e_sph_ps,e_sph_acf,e_sph_cs,h_ps,fa_prob_ps,hacf,gacf,hcs
042,15.090287706635895,29.874808800283063,15.23328404675522,0.4648241161364259,0.4648241161364259,-1.0,-1.0,0.28889072716965297,0.28889072716965297,1114.0442927621164,1223.5930182643856,1115.6211358079959,480.11430048335586,511.15866436903957,511.0069409857944,36.42056920306682,1.5231678604884633e-16,1.1052276535130567,0.6445931834559745,0.8511473041264196
