target_id,prot_ps,prot_acf,prot_cs,e_prot_ps,E_prot_ps,e_prot_acf,E_prot_acf,e_prot_cs,E_prot_cs,sph_ps,sph_acf,sph_cs,e_sph_ps,e_sph_acf,e_sph_cs,h_ps,fa_prob_ps,hacf,gacf,hcs
043,16.140193189626675,32.333126400306355,16.166979170131324,0.5853335957882333,0.5853335957882333,-1.0,-1.0,0.44851984074790174,0.44851984074790174,645.9104294560024,601.5590034852596,648.2975387586897,313.80711511219585,246.38065420788556,312.6244226962378,77.4395795306147,2.3357046693529082e-34,1.1288218894048594,0.698180315038591,1.0228681625338858
