target_id,prot_ps,prot_acf,prot_cs,e_prot_ps,E_prot_ps,e_prot_acf,E_prot_acf,e_prot_cs,E_prot_cs,sph_ps,sph_acf,sph_cs,e_sph_ps,e_sph_acf,e_sph_cs,h_ps,fa_prob_ps,hacf,gacf,hcs
044,26.708984214928325,27.951210000264837,26.96823018025552,5.852227824769183,5.852227824769183,-1.0,-1.0,1.0939706521265482,1.0939706521265482,862.4928036782587,845.7250092894747,860.0549509824301,185.61023431129286,196.33505051538788,187.22110731732852,16.235070370183944,8.896076828502446e-08,0.8643195957490087,0.4459193660460638,0.9537059443952787
