target_id,prot_ps,prot_acf,prot_cs,e_prot_ps,E_prot_ps,e_prot_acf,E_prot_acf,e_prot_cs,E_prot_cs,sph_ps,sph_acf,sph_cs,e_sph_ps,e_sph_acf,e_sph_cs,h_ps,fa_prob_ps,hacf,gacf,hcs
045,19.277794204194308,19.034600400180352,19.477444788184545,0.7390966421454035,0.7390966421454035,-1.0,-1.0,0.6271842000322574,0.6271842000322574,599.9825777032781,597.2802126812136,613.9472532200978,141.04984860622835,136.95173492537714,138.37608890950295,75.92931870945766,1.0575864302652974e-33,1.3574915018720444,0.7340110869569447,0.9933122618696789
