target_id,prot_ps,prot_acf,prot_cs,e_prot_ps,E_prot_ps,e_prot_acf,E_prot_acf,e_prot_cs,E_prot_cs,sph_ps,sph_acf,sph_cs,e_sph_ps,e_sph_acf,e_sph_cs,h_ps,fa_prob_ps,hacf,gacf,hcs
046,28.914449994634623,33.18034320031438,0.55409367600525,7.389056098930649,7.389056098930649,-1.0,-1.0,0.16648725542120452,0.16648725542120452,569.3629456422228,598.9324683313705,87.19499375441646,241.8244884113935,214.4501890798811,141.30753675359517,25.096544423859257,1.2609830296927888e-11,0.2963226585343723,0.1395193859629067,1.8160040513464464
