target_id,prot_ps,prot_acf,prot_cs,e_prot_ps,E_prot_ps,e_prot_acf,E_prot_acf,e_prot_cs,E_prot_cs,sph_ps,sph_acf,sph_cs,e_sph_ps,e_sph_acf,e_sph_cs,h_ps,fa_prob_ps,hacf,gacf,hcs
048,16.14311489968971,15.305457600145019,15.940320930406521,0.8566207713674857,0.8566207713674857,-1.0,-1.0,0.32062640261826103,0.32062640261826103,294.0851082764009,290.5176864205224,292.8960788511437,84.7307530025186,89.72514829315158,84.31435265815529,62.13724700179301,1.0330860720183765e-27,0.824593122085816,0.3732602943641776,0.9559564733457024
