target_id,prot_ps,prot_acf,prot_cs,e_prot_ps,E_prot_ps,e_prot_acf,E_prot_acf,e_prot_cs,E_prot_cs,sph_ps,sph_acf,sph_cs,e_sph_ps,e_sph_acf,e_sph_cs,h_ps,fa_prob_ps,hacf,gacf,hcs
049,0.3635325017570664,38.31225480036301,0.8195312123826717,0.15991049563278456,0.15991049563278456,-1.0,-1.0,0.002207587036374153,0.002207587036374153,138.00044847051237,768.0354091784463,216.13607141047603,177.5037634519994,144.13201887595736,223.07742102933295,107.04600058133276,3.2397584980503346e-47,0.7767656570525716,0.4132479751834188,0.6430557967066337
