target_id,prot_ps,prot_acf,prot_cs,e_prot_ps,E_prot_ps,e_prot_acf,E_prot_acf,e_prot_cs,E_prot_cs,sph_ps,sph_acf,sph_cs,e_sph_ps,e_sph_acf,e_sph_cs,h_ps,fa_prob_ps,hacf,gacf,hcs
050,17.34845429935864,32.52062520030813,17.18051504416284,1.7808489964578733,1.7808489964578733,-1.0,-1.0,1.0248835896440327,1.0248835896440327,189.27541002451773,192.0075951557785,189.2058334185155,24.2661044830947,7.972403035046767,23.43563796936064,21.529179518916077,4.4667961694297627e-10,0.4849911482423329,0.4552013244479469,0.9297558248222813
