target_id,prot_ps,prot_acf,prot_cs,e_prot_ps,E_prot_ps,e_prot_acf,E_prot_acf,e_prot_cs,E_prot_cs,sph_ps,sph_acf,sph_cs,e_sph_ps,e_sph_acf,e_sph_cs,h_ps,fa_prob_ps,hacf,gacf,hcs
051,46.27696869173277,45.15248880042782,46.21147715471744,1.4391043122052274,1.4391043122052274,-1.0,-1.0,1.537205328749957,1.537205328749957,380.1970174712524,377.02048784478916,380.0539723659533,123.98175100904584,123.67914972697889,123.81887007502809,127.95811167560527,2.682243395038783e-56,1.4124469351140043,0.734904042017,0.985070666587616
