target_id,prot_ps,prot_acf,prot_cs,e_prot_ps,E_prot_ps,e_prot_acf,E_prot_acf,e_prot_cs,E_prot_cs,sph_ps,sph_acf,sph_cs,e_sph_ps,e_sph_acf,e_sph_cs,h_ps,fa_prob_ps,hacf,gacf,hcs
052,31.56346867406773,31.458132000298065,31.461638789676613,4.1447062458016255,4.1447062458016255,-1.0,-1.0,2.9814479202473834,2.9814479202473834,133.26347354910985,133.46602111893841,133.4634144168572,25.657960921270202,25.809269047823786,25.803326322456837,18.912953161740923,6.112358316364585e-09,0.9109826827267955,0.4488816561122908,0.996758317005774
