target_id,prot_ps,prot_acf,prot_cs,e_prot_ps,E_prot_ps,e_prot_acf,E_prot_acf,e_prot_cs,E_prot_cs,sph_ps,sph_acf,sph_cs,e_sph_ps,e_sph_acf,e_sph_cs,h_ps,fa_prob_ps,hacf,gacf,hcs
054,31.54886890381335,30.055363200284773,31.232925108295934,2.112492146191557,2.112492146191557,-1.0,-1.0,1.1538477447699598,1.1538477447699598,656.2165833636634,641.3995635958835,653.7910340735145,212.5977692662931,191.56611215831163,218.51396172632062,169.22884494424596,3.197764389319153e-74,1.5996641730718149,0.8127977855366211,0.9482707361942965
