target_id,prot_ps,prot_acf,prot_cs,e_prot_ps,E_prot_ps,e_prot_acf,E_prot_acf,e_prot_cs,E_prot_cs,sph_ps,sph_acf,sph_cs,e_sph_ps,e_sph_acf,e_sph_cs,h_ps,fa_prob_ps,hacf,gacf,hcs
056,24.78538867784909,25.923445200245624,25.039423080237246,1.936573616577809,1.936573616577809,-1.0,-1.0,1.0546132921874931,1.0546132921874931,1401.5287381810558,1298.7060467181248,1412.4754220905577,362.94780874520984,246.36501727106742,349.45263159394295,67.58941203790052,4.428853522015753e-30,1.2008443766399206,0.6058240179574355,0.9568939827148992
