target_id,prot_ps,prot_acf,prot_cs,e_prot_ps,E_prot_ps,e_prot_acf,E_prot_acf,e_prot_cs,E_prot_cs,sph_ps,sph_acf,sph_cs,e_sph_ps,e_sph_acf,e_sph_cs,h_ps,fa_prob_ps,hacf,gacf,hcs
058,11.57320642958148,11.472148800108698,0.617218272005848,0.9696625935675551,0.9696625935675551,-1.0,-1.0,0.31172557931158745,0.31172557931158745,289.5092955731194,288.67360110207545,111.67303178172763,132.16596015520625,132.89832142118732,97.07925897890196,22.531000126726415,1.6402535002499827e-10,0.33976741094837626,0.07356669231263652,2.69468303964022
