target_id,prot_ps,prot_acf,prot_cs,e_prot_ps,E_prot_ps,e_prot_acf,E_prot_acf,e_prot_cs,E_prot_cs,sph_ps,sph_acf,sph_cs,e_sph_ps,e_sph_acf,e_sph_cs,h_ps,fa_prob_ps,hacf,gacf,hcs
060,43.370727458806435,36.36087840034452,0.6733290240063796,1.464357163093122,1.464357163093122,-1.0,-1.0,0.27684337168807094,0.27684337168807094,555.4321665386674,520.4433827403982,94.23087204610545,301.59059340187457,303.30813947612216,192.0758150122829,24.620991617323803,2.0287998384059444e-11,0.529482581318121,0.1614800397029902,1.5470660559488016
