target_id,prot_ps,prot_acf,prot_cs,e_prot_ps,E_prot_ps,e_prot_acf,E_prot_acf,e_prot_cs,E_prot_cs,sph_ps,sph_acf,sph_cs,e_sph_ps,e_sph_acf,e_sph_cs,h_ps,fa_prob_ps,hacf,gacf,hcs
061,31.55244358264574,30.965079600293393,31.549374180172215,1.45404057640781,1.45404057640781,-1.0,-1.0,0.904064137793478,0.904064137793478,1511.452342511411,1322.3350256737506,1511.510955742162,582.015885478051,651.5775709627976,582.0646470875967,166.70968620512696,3.971030303965295e-73,1.7034077275299715,0.874788382898565,0.9915721288923717
