target_id,prot_ps,prot_acf,prot_cs,e_prot_ps,E_prot_ps,e_prot_acf,E_prot_acf,e_prot_cs,E_prot_cs,sph_ps,sph_acf,sph_cs,e_sph_ps,e_sph_acf,e_sph_cs,h_ps,fa_prob_ps,hacf,gacf,hcs
063,0.38004237625155324,27.722044800262665,1.2295356124973522,0.229244747797911,0.229244747797911,-1.0,-1.0,0.0022605078334343755,0.0022605078334343755,201.25082069548418,1350.8240110255988,501.79961252425795,116.29614344977954,625.549040674806,330.78392333013477,428.75838971454556,6.202935671191644e-187,1.425793208039253,0.7220909197754614,0.27250923091154783
