target_id,prot_ps,prot_acf,prot_cs,e_prot_ps,E_prot_ps,e_prot_acf,E_prot_acf,e_prot_cs,E_prot_cs,sph_ps,sph_acf,sph_cs,e_sph_ps,e_sph_acf,e_sph_cs,h_ps,fa_prob_ps,hacf,gacf,hcs
067,10.677318803849618,10.270767600097315,10.650959075653173,0.46308479532709645,0.46308479532709645,-1.0,-1.0,0.38893246966127654,0.38893246966127654,637.4991129311906,628.1467335335573,637.6619269153192,174.77090375248733,173.47329716976958,173.8386543180525,70.32343650252938,2.876865634914481e-31,0.9813517387282278,0.46069819468083933,0.9575879767885416
