target_id,prot_ps,prot_acf,prot_cs,e_prot_ps,E_prot_ps,e_prot_acf,E_prot_acf,e_prot_cs,E_prot_cs,sph_ps,sph_acf,sph_cs,e_sph_ps,e_sph_acf,e_sph_cs,h_ps,fa_prob_ps,hacf,gacf,hcs
068,43.37191894778432,42.83305920040584,43.62966149303837,1.267542979900803,1.267542979900803,-1.0,-1.0,1.4178260957941837,1.4178260957941837,304.1172855911713,305.56720123750364,303.7648465818182,66.64796989326098,67.45578723994558,66.32723255513143,28.32307534619576,5.005467738902792e-13,0.6128328384417533,0.23293709392549683,0.99552863014537
