target_id,prot_ps,prot_acf,prot_cs,e_prot_ps,E_prot_ps,e_prot_acf,E_prot_acf,e_prot_cs,E_prot_cs,sph_ps,sph_acf,sph_cs,e_sph_ps,e_sph_acf,e_sph_cs,h_ps,fa_prob_ps,hacf,gacf,hcs
071,43.384488472160385,33.31228680031563,14.91844618814135,1.1877210307908428,1.1877210307908428,-1.0,-1.0,2.352340324184089,2.352340324184089,901.468743703285,894.0953479521502,831.9638148454468,251.09273677373716,239.90501472673415,396.47321071581575,39.702201199875326,5.722069118684621e-18,0.38218980527836866,0.18747089396675906,0.929805058632937
