target_id,prot_ps,prot_acf,prot_cs,e_prot_ps,E_prot_ps,e_prot_acf,E_prot_acf,e_prot_cs,E_prot_cs,sph_ps,sph_acf,sph_cs,e_sph_ps,e_sph_acf,e_sph_cs,h_ps,fa_prob_ps,hacf,gacf,hcs
073,25.706087046996842,25.242894000239176,25.664864683423524,1.1780249738651596,1.1780249738651596,-1.0,-1.0,0.6221881820919755,0.6221881820919755,937.2498336095912,970.1759209329572,937.9238524511335,150.30573818767152,151.72803132611,150.45219061578726,173.84349296168355,3.1675996911900567e-76,1.2761313122611262,0.631389712766733,0.9916064813755313
