target_id,prot_ps,prot_acf,prot_cs,e_prot_ps,E_prot_ps,e_prot_acf,E_prot_acf,e_prot_cs,E_prot_cs,sph_ps,sph_acf,sph_cs,e_sph_ps,e_sph_acf,e_sph_cs,h_ps,fa_prob_ps,hacf,gacf,hcs
074,0.1994783162645544,9.451328400089551,0.35432592515679695,0.07869700737556447,0.07869700737556447,-1.0,-1.0,0.0017256293722265237,0.0017256293722265237,257.33440115876834,779.9441368346992,334.1035388449563,475.87700965206244,114.54984099589403,449.05491573661266,1359.623117882987,0.0,0.009304151386478082,0.17427674345507338,13.807351717712958
