target_id,prot_ps,prot_acf,prot_cs,e_prot_ps,E_prot_ps,e_prot_acf,E_prot_acf,e_prot_cs,E_prot_cs,sph_ps,sph_acf,sph_cs,e_sph_ps,e_sph_acf,e_sph_cs,h_ps,fa_prob_ps,hacf,gacf,hcs
078,0.4854228103868598,36.83309760034899,0.5568714360052764,0.599659786299888,0.599659786299888,-1.0,-1.0,2.4427580478744906,2.4427580478744906,87.75397514686308,528.7052303650293,97.86333528504571,99.21414741970689,130.72390397595112,112.99205040750371,8.649954652882856,0.00017513478983542162,0.7219759236585755,0.35729717092804003,0.9328625801407099
