target_id,prot_ps,prot_acf,prot_cs,e_prot_ps,E_prot_ps,e_prot_acf,E_prot_acf,e_prot_cs,E_prot_cs,sph_ps,sph_acf,sph_cs,e_sph_ps,e_sph_acf,e_sph_cs,h_ps,fa_prob_ps,hacf,gacf,hcs
079,26.698254571277282,26.298442800249177,26.96823018025552,1.0299502468324173,1.0299502468324173,-1.0,-1.0,0.9253359508152584,0.9253359508152584,1145.4102159022125,1137.4500239768588,1161.9119811706728,550.5063281297139,555.7672037826756,565.9633162744386,305.69638554205807,1.7288074337513376e-133,1.5325665274706668,0.7997614476360788,0.9936031229917291
