target_id,prot_ps,prot_acf,prot_cs,e_prot_ps,E_prot_ps,e_prot_acf,E_prot_acf,e_prot_cs,E_prot_cs,sph_ps,sph_acf,sph_cs,e_sph_ps,e_sph_acf,e_sph_cs,h_ps,fa_prob_ps,hacf,gacf,hcs
080,11.195997791877423,11.854090800112317,11.306316528107125,1.262395352101242,1.262395352101242,-1.0,-1.0,0.9639709575499912,0.9639709575499912,274.8744470249761,271.0123607865724,274.523149722334,63.72549976838134,68.13653446221272,62.52888563690317,40.59627327922512,2.3402514823100973e-18,0.810219992569199,0.4250287020739791,0.9126627614774605
