target_id,prot_ps,prot_acf,prot_cs,e_prot_ps,E_prot_ps,e_prot_acf,E_prot_acf,e_prot_cs,E_prot_cs,sph_ps,sph_acf,sph_cs,e_sph_ps,e_sph_acf,e_sph_cs,h_ps,fa_prob_ps,hacf,gacf,hcs
081,43.4032487555676,34.68727800032866,2.6124832800247537,1.1900618108192145,1.1900618108192145,-1.0,-1.0,1.0725643410991246,1.0725643410991246,767.9518860330928,758.587296597301,360.48661633006316,181.21696868013393,137.74571859785732,461.5375098412608,15.209098050731939,2.4818334967530497e-07,0.35920122615908323,0.17166072001747726,2.0212211182185773
