target_id,prot_ps,prot_acf,prot_cs,e_prot_ps,E_prot_ps,e_prot_acf,E_prot_acf,e_prot_cs,E_prot_cs,sph_ps,sph_acf,sph_cs,e_sph_ps,e_sph_acf,e_sph_cs,h_ps,fa_prob_ps,hacf,gacf,hcs
084,30.173366110759943,28.72203840027214,29.936957657019697,4.446312106262554,4.446312106262554,-1.0,-1.0,0.9327446619921289,0.9327446619921289,564.4862262138284,542.8685599573913,559.9371882054105,203.52503723162542,175.55885025449803,206.17354116204652,52.81659464481119,1.153571167862532e-23,0.9961172296870324,0.4817971139024688,0.9498069893182812
