target_id,prot_ps,prot_acf,prot_cs,e_prot_ps,E_prot_ps,e_prot_acf,E_prot_acf,e_prot_cs,E_prot_cs,sph_ps,sph_acf,sph_cs,e_sph_ps,e_sph_acf,e_sph_cs,h_ps,fa_prob_ps,hacf,gacf,hcs
085,13.09389491633624,26.583163200251875,1.9028075733597112,0.577481989867059,0.577481989867059,-1.0,-1.0,0.002794072278017778,0.002794072278017778,117.2560495024532,119.33828524738041,85.61582285600718,25.216468207692998,22.755706689234252,33.23247167431646,31.199082813003116,2.8210481179073965e-14,0.40735241109085213,0.21984315065392715,1.0459485680864007
