target_id,prot_ps,prot_acf,prot_cs,e_prot_ps,E_prot_ps,e_prot_acf,E_prot_acf,e_prot_cs,E_prot_cs,sph_ps,sph_acf,sph_cs,e_sph_ps,e_sph_acf,e_sph_cs,h_ps,fa_prob_ps,hacf,gacf,hcs
088,28.91632089250072,33.21506520031471,1.2793216485822834,1.019873008594335,1.019873008594335,-1.0,-1.0,0.08772974955694161,0.08772974955694161,465.18571598855834,490.3283354310588,218.10882518975887,207.74430288207927,198.39610628151325,240.86072186043955,52.891386899668746,1.0704404927160634e-23,0.2691966359817572,0.12827065495290785,3.3300660221505622
