target_id,prot_ps,prot_acf,prot_cs,e_prot_ps,E_prot_ps,e_prot_acf,E_prot_acf,e_prot_cs,E_prot_cs,sph_ps,sph_acf,sph_cs,e_sph_ps,e_sph_acf,e_sph_cs,h_ps,fa_prob_ps,hacf,gacf,hcs
089,0.14075876764386316,34.68727800032866,1.615614660015308,7.389056098852261,7.389056098852261,-1.0,-1.0,0.6148729412123545,0.6148729412123545,71.39045924609177,146.07147053494228,92.94968461418654,6.060752485013687,33.674486938930315,23.737242590902692,15.805870953986062,1.3664616983429296e-07,0.25263882262934434,0.2345896740064645,0.24782830373686837
