target_id,prot_ps,prot_acf,prot_cs,e_prot_ps,E_prot_ps,e_prot_acf,E_prot_acf,e_prot_cs,E_prot_cs,sph_ps,sph_acf,sph_cs,e_sph_ps,e_sph_acf,e_sph_cs,h_ps,fa_prob_ps,hacf,gacf,hcs
090,11.763575602328885,11.48603760010883,11.77837835275339,0.40658147900536773,0.40658147900536773,-1.0,-1.0,0.10962435226157524,0.10962435226157524,524.3093598365675,530.0759001343537,523.9528127490074,154.73442376136518,152.93861780798582,155.22615411116473,297.1176102971649,9.19308703219238e-130,1.4133712205659537,0.7077270631209877,0.9785042704903915
