target_id,prot_ps,prot_acf,prot_cs,e_prot_ps,E_prot_ps,e_prot_acf,E_prot_acf,e_prot_cs,E_prot_cs,sph_ps,sph_acf,sph_cs,e_sph_ps,e_sph_acf,e_sph_cs,h_ps,fa_prob_ps,hacf,gacf,hcs
091,43.37093226276675,36.01365840034123,0.55409367600525,1.4465412627217982,1.4465412627217982,-1.0,-1.0,0.17298708525321566,0.17298708525321566,874.6885471295242,812.7704678538489,143.09968918163997,287.30028840538404,341.5919447356661,210.9807191221345,27.895543852002334,7.675721970910725e-13,0.32069660960611646,0.17321200816959556,1.6637027140526277
