target_id,prot_ps,prot_acf,prot_cs,e_prot_ps,E_prot_ps,e_prot_acf,E_prot_acf,e_prot_cs,E_prot_cs,sph_ps,sph_acf,sph_cs,e_sph_ps,e_sph_acf,e_sph_cs,h_ps,fa_prob_ps,hacf,gacf,hcs
092,28.9229387974271,30.715081200291024,29.16729136607522,1.2284061728527151,1.2284061728527151,-1.0,-1.0,0.7871051772187568,0.7871051772187568,360.38833080308444,351.9829019816264,359.82899722375976,76.71851459371803,81.43588213180023,75.61601407027572,36.32651471674829,1.6733820717521007e-16,1.1723982285932686,0.6239063247187989,0.9103476133840138
