target_id,prot_ps,prot_acf,prot_cs,e_prot_ps,E_prot_ps,e_prot_acf,E_prot_acf,e_prot_cs,E_prot_cs,sph_ps,sph_acf,sph_cs,e_sph_ps,e_sph_acf,e_sph_cs,h_ps,fa_prob_ps,hacf,gacf,hcs
094,0.10940338300357447,35.81227080033932,0.7218703800068398,0.1156941218030855,0.1156941218030855,-1.0,-1.0,0.16199995976489376,0.16199995976489376,83.84085111638176,303.9803753944762,116.9343213204987,113.2585540448086,67.12920230450746,158.079542473426,17.081942986552907,3.814225987038602e-08,0.21477892726613917,0.07356136412343228,0.17659674746801693
