target_id,prot_ps,prot_acf,prot_cs,e_prot_ps,E_prot_ps,e_prot_acf,E_prot_acf,e_prot_cs,E_prot_cs,sph_ps,sph_acf,sph_cs,e_sph_ps,e_sph_acf,e_sph_cs,h_ps,fa_prob_ps,hacf,gacf,hcs
095,3.241895287003594,3.2152572000304644,3.2545248396107955,1.1821500008472474,1.1821500008472474,-1.0,-1.0,0.17304401008204034,0.17304401008204034,468.8262941062375,467.97030126912153,469.43124251566354,137.91561767491353,135.64176401555346,140.05046345554837,45.11277825565824,2.5572273476414848e-20,0.22714888518110388,0.19121173263732527,0.8327838292954687
