target_id,prot_ps,prot_acf,prot_cs,e_prot_ps,E_prot_ps,e_prot_acf,E_prot_acf,e_prot_cs,E_prot_cs,sph_ps,sph_acf,sph_cs,e_sph_ps,e_sph_acf,e_sph_cs,h_ps,fa_prob_ps,hacf,gacf,hcs
096,0.24010882699868888,43.11777960040854,0.6178881448229169,0.05289991646336753,0.05289991646336753,-1.0,-1.0,0.0018854867308538252,0.0018854867308538252,213.8497128700632,1164.73963463218,338.53654039577464,499.00612054409584,159.30525534817173,475.75080593646106,1288.92922634453,0.0,0.45757307573451556,0.3567123284742863,0.610346973640918
