target_id,prot_ps,prot_acf,prot_cs,e_prot_ps,E_prot_ps,e_prot_acf,E_prot_acf,e_prot_cs,E_prot_cs,sph_ps,sph_acf,sph_cs,e_sph_ps,e_sph_acf,e_sph_cs,h_ps,fa_prob_ps,hacf,gacf,hcs
097,6.87281800844762,6.222182400058955,6.806206440064489,0.6607656223456473,0.6607656223456473,-1.0,-1.0,0.32171944474232245,0.32171944474232245,1353.8455433715797,1346.2123491573348,1376.166933687447,386.9363185142264,445.30244360057293,411.8246690032541,205.66286270236435,4.805666137745912e-90,0.41886437227297424,0.29226956607222127,0.7939040257414517
