target_id,prot_ps,prot_acf,prot_cs,e_prot_ps,E_prot_ps,e_prot_acf,E_prot_acf,e_prot_cs,E_prot_cs,sph_ps,sph_acf,sph_cs,e_sph_ps,e_sph_acf,e_sph_cs,h_ps,fa_prob_ps,hacf,gacf,hcs
098,0.17909045894045655,36.15949080034261,0.5897281800772823,0.3718953608101948,0.3718953608101948,-1.0,-1.0,0.0034157274016325865,0.0034157274016325865,83.29419492109162,216.37615062774034,91.32840251514618,17.289374373612926,69.98535322739858,22.20366894698103,10.466280476452663,2.8480797307844213e-05,0.8226072831989482,0.4297148119918548,1.0507921764012709
