target_id,prot_ps,prot_acf,prot_cs,e_prot_ps,E_prot_ps,e_prot_acf,E_prot_acf,e_prot_cs,E_prot_cs,sph_ps,sph_acf,sph_cs,e_sph_ps,e_sph_acf,e_sph_cs,h_ps,fa_prob_ps,hacf,gacf,hcs
100,0.3964181001636605,32.88173400031155,0.3479584375063711,0.12254159115008176,0.12254159115008176,-1.0,-1.0,0.0024238995429044117,0.0024238995429044117,114.40223404326368,438.14854345598576,108.68384237477422,135.26486513767284,53.15944786703916,133.44542580217407,82.20740864324816,1.9850710452120515e-36,0.1844362547672853,0.102212671528358,0.3983912840004447
