target_id,prot_ps,prot_acf,prot_cs,e_prot_ps,E_prot_ps,e_prot_acf,E_prot_acf,e_prot_cs,E_prot_cs,sph_ps,sph_acf,sph_cs,e_sph_ps,e_sph_acf,e_sph_cs,h_ps,fa_prob_ps,hacf,gacf,hcs
101,13.345383796297709,13.041583200123569,13.480608168127727,1.393672976476549,1.393672976476549,-1.0,-1.0,0.9558900640475043,0.9558900640475043,547.6301171758721,535.1456680563092,544.5208410123912,120.0050553866029,126.05013079965161,121.52668733001268,29.140276180847447,2.2107460286154486e-13,1.1644599827197835,0.5956571085647167,0.9835621266338666
