target_id,prot_ps,prot_acf,prot_cs,e_prot_ps,E_prot_ps,e_prot_acf,E_prot_acf,e_prot_cs,E_prot_cs,sph_ps,sph_acf,sph_cs,e_sph_ps,e_sph_acf,e_sph_cs,h_ps,fa_prob_ps,hacf,gacf,hcs
104,0.24328965146330078,19.374876000183576,1.83279274009206,0.08535778287948656,0.08535778287948656,-1.0,-1.0,0.002770581777983782,0.002770581777983782,432.75329464347567,1194.477866851733,1054.284515070689,791.3651414738331,168.0096823894608,210.72107505123208,3070.3364728375495,0.0,0.19687077006027479,0.12585490561298257,0.012500924664922154
