target_id,prot_ps,prot_acf,prot_cs,e_prot_ps,E_prot_ps,e_prot_acf,E_prot_acf,e_prot_cs,E_prot_cs,sph_ps,sph_acf,sph_cs,e_sph_ps,e_sph_acf,e_sph_cs,h_ps,fa_prob_ps,hacf,gacf,hcs
106,33.04719992339291,33.79839480032024,33.38589744031632,3.250355893650515,3.250355893650515,-1.0,-1.0,1.5589564558887634,1.5589564558887634,1089.7683297847182,1097.5956136900572,1087.8920707562843,427.609089412125,383.85537228154664,422.63672407313277,28.787064998411804,3.1472882545733197e-13,0.849796906340188,0.4081414750865549,0.9863810618550858
