target_id,prot_ps,prot_acf,prot_cs,e_prot_ps,E_prot_ps,e_prot_acf,E_prot_acf,e_prot_cs,E_prot_cs,sph_ps,sph_acf,sph_cs,e_sph_ps,e_sph_acf,e_sph_cs,h_ps,fa_prob_ps,hacf,gacf,hcs
107,11.192607260215837,10.694376000101329,10.955624328103802,0.8588712299017441,0.8588712299017441,-1.0,-1.0,0.4671104116972392,0.4671104116972392,420.8373243316143,406.9031471110823,419.99589819290145,190.9431435004214,221.14402748707298,192.68511892088478,34.890044098875514,7.037953198369314e-16,0.7025877202776941,0.3202228179077293,0.9653214781444007
