target_id,prot_ps,prot_acf,prot_cs,e_prot_ps,E_prot_ps,e_prot_acf,E_prot_acf,e_prot_cs,E_prot_cs,sph_ps,sph_acf,sph_cs,e_sph_ps,e_sph_acf,e_sph_cs,h_ps,fa_prob_ps,hacf,gacf,hcs
109,13.608428774316538,13.687412400129688,13.747134240130253,0.9695226564255646,0.9695226564255646,-1.0,-1.0,0.8212843853655052,0.8212843853655052,974.2592855757505,982.503912294657,985.8375736745154,465.6315952614119,468.1911286747338,462.3471656831918,68.45048614958759,1.87211094208523e-30,1.4638686793599118,0.7316379239704116,0.9990681960783937
