target_id,prot_ps,prot_acf,prot_cs,e_prot_ps,E_prot_ps,e_prot_acf,E_prot_acf,e_prot_cs,E_prot_cs,sph_ps,sph_acf,sph_cs,e_sph_ps,e_sph_acf,e_sph_cs,h_ps,fa_prob_ps,hacf,gacf,hcs
110,0.22117440006921443,33.624784800318594,0.5487565746610665,0.07093805154434568,0.07093805154434568,-1.0,-1.0,0.0022036638515569185,0.0022036638515569185,97.7493204622711,621.9387026062898,148.50199101271335,158.59034974571696,111.81755185784014,181.0286547617197,448.211941963336,2.2081414094584287e-195,0.2363047333229484,0.10688972724856557,4.453019126955428
