target_id,prot_ps,prot_acf,prot_cs,e_prot_ps,E_prot_ps,e_prot_acf,E_prot_acf,e_prot_cs,E_prot_cs,sph_ps,sph_acf,sph_cs,e_sph_ps,e_sph_acf,e_sph_cs,h_ps,fa_prob_ps,hacf,gacf,hcs
112,16.13846194927073,32.56923600030859,16.307187300154506,0.6040931475057341,0.6040931475057341,-1.0,-1.0,0.4442297341141045,0.4442297341141045,623.2297366309249,655.474290629694,622.5270071889994,285.2501740848591,276.96047018433916,279.9520899737911,31.66858472811492,1.7640398954581427e-14,1.2304395524765988,0.7027863317475982,0.6321342002448833
