target_id,prot_ps,prot_acf,prot_cs,e_prot_ps,E_prot_ps,e_prot_acf,E_prot_acf,e_prot_cs,E_prot_cs,sph_ps,sph_acf,sph_cs,e_sph_ps,e_sph_acf,e_sph_cs,h_ps,fa_prob_ps,hacf,gacf,hcs
113,0.5650010327718844,33.13867680031399,0.5611075200053164,0.24141810866299548,0.24141810866299548,-1.0,-1.0,0.09157184203866997,0.09157184203866997,146.29355243226183,812.5300562543597,143.40000110251333,317.5088627427607,231.5047411870247,312.9135041209016,18.80437165037683,6.813419930683893e-09,0.3738365526696452,0.1747677755420511,2.43156026775019
