target_id,prot_ps,prot_acf,prot_cs,e_prot_ps,E_prot_ps,e_prot_acf,E_prot_acf,e_prot_cs,E_prot_cs,sph_ps,sph_acf,sph_cs,e_sph_ps,e_sph_acf,e_sph_cs,h_ps,fa_prob_ps,hacf,gacf,hcs
115,26.703795679139716,25.38178200024049,26.908390758432546,1.144886315844751,1.144886315844751,-1.0,-1.0,0.7585465589254888,0.7585465589254888,739.4735229215919,734.0142572498258,743.6527460779533,192.89955027375518,162.90969537090538,189.15548905593727,57.99430687510195,6.507175836028895e-26,1.0531736740629078,0.535118403503685,0.9381164033544829
