target_id,prot_ps,prot_acf,prot_cs,e_prot_ps,E_prot_ps,e_prot_acf,E_prot_acf,e_prot_cs,E_prot_cs,sph_ps,sph_acf,sph_cs,e_sph_ps,e_sph_acf,e_sph_cs,h_ps,fa_prob_ps,hacf,gacf,hcs
116,18.76093564468134,18.57627000017601,18.95140648817956,0.6128112803686898,0.6128112803686898,-1.0,-1.0,0.4331499432258448,0.4331499432258448,852.1609761771566,854.9133551777819,850.4688638281716,332.39110176936276,336.27690561513634,326.1000285180616,314.63778639280576,2.262275912252609e-137,1.5700594100243337,0.7649025012863307,0.9957092165384023
