target_id,prot_ps,prot_acf,prot_cs,e_prot_ps,E_prot_ps,e_prot_acf,E_prot_acf,e_prot_cs,E_prot_cs,sph_ps,sph_acf,sph_cs,e_sph_ps,e_sph_acf,e_sph_cs,h_ps,fa_prob_ps,hacf,gacf,hcs
119,0.33872932520688115,24.479010000231938,0.47252241998657585,0.09776580086415376,0.09776580086415376,-1.0,-1.0,0.001895329829397312,0.001895329829397312,229.5967376477036,911.3878939130776,279.5364014598629,438.6932782282353,333.41870057649646,429.86625067727505,1012.1388741853618,0.0,1.1076642878261973,0.576554187702769,0.9281029714018343
