target_id,prot_ps,prot_acf,prot_cs,e_prot_ps,E_prot_ps,e_prot_acf,E_prot_acf,e_prot_cs,E_prot_cs,sph_ps,sph_acf,sph_cs,e_sph_ps,e_sph_acf,e_sph_cs,h_ps,fa_prob_ps,hacf,gacf,hcs
121,16.13884561814839,16.930447200160415,16.16198254172877,2.6319830467269734,2.6319830467269734,-1.0,-1.0,0.2904815748452329,0.2904815748452329,229.03016978040796,229.2368190516687,229.1383250282766,29.437212049379394,23.61473933335953,29.272299562185005,35.74159766556162,3.003456590833413e-16,0.5517288751243392,0.20683653722465542,0.06319967262491201
