target_id,prot_ps,prot_acf,prot_cs,e_prot_ps,E_prot_ps,e_prot_acf,E_prot_acf,e_prot_cs,E_prot_cs,sph_ps,sph_acf,sph_cs,e_sph_ps,e_sph_acf,e_sph_cs,h_ps,fa_prob_ps,hacf,gacf,hcs
123,10.357759093664153,9.854103600093367,10.25743435209719,1.1167395726960738,1.1167395726960738,-1.0,-1.0,0.7961572486617006,0.7961572486617006,276.37844862374214,273.3472917289144,278.64289713237423,134.38589088599593,134.04225239164103,131.78754075104308,32.228371684938594,1.0078502700291686e-14,0.9139166153179943,0.4419629438830345,0.9391149334101144
