target_id,prot_ps,prot_acf,prot_cs,e_prot_ps,E_prot_ps,e_prot_acf,E_prot_acf,e_prot_cs,E_prot_cs,sph_ps,sph_acf,sph_cs,e_sph_ps,e_sph_acf,e_sph_cs,h_ps,fa_prob_ps,hacf,gacf,hcs
124,2.12124012606408,0.861105600008159,2.134399750735752,0.17604022122255322,0.17604022122255322,-1.0,-1.0,0.10342574140447004,0.10342574140447004,166.08448265940206,145.37852072996705,162.04795308990236,63.357258874402476,63.20109509197396,61.95021354024083,211.26176997976145,1.7790127501512347e-92,0.21182161898717558,0.46080306285115624,2.0732185625386417
