target_id,prot_ps,prot_acf,prot_cs,e_prot_ps,E_prot_ps,e_prot_acf,E_prot_acf,e_prot_cs,E_prot_cs,sph_ps,sph_acf,sph_cs,e_sph_ps,e_sph_acf,e_sph_cs,h_ps,fa_prob_ps,hacf,gacf,hcs
125,11.379583915626387,22.548466800213646,11.384784142420711,0.28839319923189055,0.28839319923189055,-1.0,-1.0,0.08725476131488585,0.08725476131488585,1513.5725211032852,1540.9042784742799,1512.9729062890158,385.43216639792416,301.7043464698857,384.87444362741553,148.82577348960956,2.321602209829067e-65,1.2506193826355503,0.753962194328042,0.6606548221827275
