target_id,prot_ps,prot_acf,prot_cs,e_prot_ps,E_prot_ps,e_prot_acf,E_prot_acf,e_prot_cs,E_prot_cs,sph_ps,sph_acf,sph_cs,e_sph_ps,e_sph_acf,e_sph_cs,h_ps,fa_prob_ps,hacf,gacf,hcs
126,0.27015794058363285,13.840189200131135,0.2846921347405883,0.299045637333476,0.299045637333476,-1.0,-1.0,0.0015956737956916156,0.0015956737956916156,559.9002984505915,2228.0433756823295,580.0188342736143,432.25289705774685,656.4554634365087,427.3553396012188,2469.840105914485,0.0,0.6484885257459938,0.6489102455488398,0.017640729415985334
