target_id,prot_ps,prot_acf,prot_cs,e_prot_ps,E_prot_ps,e_prot_acf,E_prot_acf,e_prot_cs,E_prot_cs,sph_ps,sph_acf,sph_cs,e_sph_ps,e_sph_acf,e_sph_cs,h_ps,fa_prob_ps,hacf,gacf,hcs
127,0.21570994992330936,19.159599600181537,0.20624868000195423,0.08096270415198518,0.08096270415198518,-1.0,-1.0,0.011400292230820118,0.011400292230820118,141.24431098616947,308.2302341634059,138.18398535844275,221.31503245172215,141.9106195886238,211.70344359127273,12.139119721608262,5.346225705610075e-06,0.1175952558920276,0.07835866231484637,0.1912155456098923
