target_id,prot_ps,prot_acf,prot_cs,e_prot_ps,E_prot_ps,e_prot_acf,E_prot_acf,e_prot_cs,E_prot_cs,sph_ps,sph_acf,sph_cs,e_sph_ps,e_sph_acf,e_sph_cs,h_ps,fa_prob_ps,hacf,gacf,hcs
128,3.2064849713685897,33.66645120031899,3.205852255302565,0.09771525500298445,0.09771525500298445,-1.0,-1.0,0.049593726875086744,0.049593726875086744,113.6540232844062,145.76830367518104,113.6540232844062,35.10615204551172,15.433523911173465,35.10615204551172,120.4167403036517,5.054452939896275e-53,0.33377039819084775,0.2571710962920894,1.9516104492569755
