target_id,prot_ps,prot_acf,prot_cs,e_prot_ps,E_prot_ps,e_prot_acf,E_prot_acf,e_prot_cs,E_prot_cs,sph_ps,sph_acf,sph_cs,e_sph_ps,e_sph_acf,e_sph_cs,h_ps,fa_prob_ps,hacf,gacf,hcs
129,26.69812123110219,22.930408800217265,26.67005871570328,2.7554451488492475,2.7554451488492475,-1.0,-1.0,2.0507892995779535,2.0507892995779535,551.2156399652964,523.4917311048479,551.2321061395776,180.30716798648797,220.88108282936284,180.57304199152966,28.521591863059893,4.1042143903279425e-13,0.05501693344753858,0.15483295011904055,1.2699662382013939
