target_id,prot_ps,prot_acf,prot_cs,e_prot_ps,E_prot_ps,e_prot_acf,E_prot_acf,e_prot_cs,E_prot_cs,sph_ps,sph_acf,sph_cs,e_sph_ps,e_sph_acf,e_sph_cs,h_ps,fa_prob_ps,hacf,gacf,hcs
130,8.069990793610957,7.777728000073694,7.539882300071439,0.8253853829490477,0.8253853829490477,-1.0,-1.0,0.5091761998113465,0.5091761998113465,184.5211805103138,183.31658202756353,184.55544205087074,70.52765640824076,69.77988430882249,70.73528909859226,75.11518338634353,2.3872084779951278e-33,0.9724013263549302,0.5404944175519549,0.9457320621846372
