target_id,prot_ps,prot_acf,prot_cs,e_prot_ps,E_prot_ps,e_prot_acf,E_prot_acf,e_prot_cs,E_prot_cs,sph_ps,sph_acf,sph_cs,e_sph_ps,e_sph_acf,e_sph_cs,h_ps,fa_prob_ps,hacf,gacf,hcs
137,40.81556348139982,34.53450120032721,2.124361404020129,1.111003741245014,1.111003741245014,-1.0,-1.0,0.1642332794690887,0.1642332794690887,186.8258759138893,186.40239106336833,130.39400307346287,25.372773678631223,18.752891559781464,46.24517886210057,14.515083180242351,4.967975786448247e-07,0.5338612403209739,0.22338661861797793,1.4487479694127103
