target_id,prot_ps,prot_acf,prot_cs,e_prot_ps,E_prot_ps,e_prot_acf,E_prot_acf,e_prot_cs,E_prot_cs,sph_ps,sph_acf,sph_cs,e_sph_ps,e_sph_acf,e_sph_cs,h_ps,fa_prob_ps,hacf,gacf,hcs
140,43.39978132095931,39.326137200372614,43.55431885724232,1.3865631149432973,1.3865631149432973,-1.0,-1.0,1.5375257110909224,1.5375257110909224,1024.4645578589798,887.7534987742739,1022.8758620072439,373.7664673473354,459.95499836812877,372.93553807313947,22.540622915888942,1.624545385792334e-10,0.6798197421733844,0.31576866860927916,0.8561934531222246
