target_id,prot_ps,prot_acf,prot_cs,e_prot_ps,E_prot_ps,e_prot_acf,E_prot_acf,e_prot_cs,E_prot_cs,sph_ps,sph_acf,sph_cs,e_sph_ps,e_sph_acf,e_sph_cs,h_ps,fa_prob_ps,hacf,gacf,hcs
141,33.04737102622524,32.34701520030649,33.13341910374403,1.868556898248555,1.868556898248555,-1.0,-1.0,1.4233455922339142,1.4233455922339142,354.29997190967504,350.898367763574,354.563133837104,109.97426399142684,109.99171953528277,108.25116790128477,57.22322389112193,1.4069207256582729e-25,1.4381846129369518,0.718810853511412,0.990609163211146
