target_id,prot_ps,prot_acf,prot_cs,e_prot_ps,E_prot_ps,e_prot_acf,E_prot_acf,e_prot_cs,E_prot_cs,sph_ps,sph_acf,sph_cs,e_sph_ps,e_sph_acf,e_sph_cs,h_ps,fa_prob_ps,hacf,gacf,hcs
142,11.01832728338428,10.715209200101526,10.953562258713413,0.37479356246891554,0.37479356246891554,-1.0,-1.0,0.2709578686441921,0.2709578686441921,448.3908842171682,448.50620741767784,447.0358560760566,155.8272989473125,158.67242110518245,157.0397358711415,378.0416776139068,6.585450395920657e-165,1.4982758047215432,0.774720795578342,0.9744506363973936
