target_id,prot_ps,prot_acf,prot_cs,e_prot_ps,E_prot_ps,e_prot_acf,E_prot_acf,e_prot_cs,E_prot_cs,sph_ps,sph_acf,sph_cs,e_sph_ps,e_sph_acf,e_sph_cs,h_ps,fa_prob_ps,hacf,gacf,hcs
143,5.9818319013289685,11.715202800111001,5.926212072056152,0.47625126462273487,0.47625126462273487,-1.0,-1.0,0.35041094212211055,0.35041094212211055,548.207239203618,557.836299153643,545.2748382535492,204.59970927076114,167.3405322140736,208.38927886709115,15.869114552406245,1.2827177876172097e-07,0.7701081676007405,0.35699877585251244,0.8117314806445558
