target_id,prot_ps,prot_acf,prot_cs,e_prot_ps,E_prot_ps,e_prot_acf,E_prot_acf,e_prot_cs,E_prot_cs,sph_ps,sph_acf,sph_cs,e_sph_ps,e_sph_acf,e_sph_cs,h_ps,fa_prob_ps,hacf,gacf,hcs
145,0.43680208913339147,47.485807200449926,0.9925056594403853,0.33792837810076237,0.33792837810076237,-1.0,-1.0,0.0025673839351511582,0.0025673839351511582,102.98747934375166,275.70847213402334,118.98326659341596,39.93383959585536,40.070631482737724,48.72136646096567,26.19365775574559,4.209582020327715e-12,0.414829715540182,0.35520375762196643,1.7786042087775003
