target_id,prot_ps,prot_acf,prot_cs,e_prot_ps,E_prot_ps,e_prot_acf,E_prot_acf,e_prot_cs,E_prot_cs,sph_ps,sph_acf,sph_cs,e_sph_ps,e_sph_acf,e_sph_cs,h_ps,fa_prob_ps,hacf,gacf,hcs
146,25.709414689129204,25.298449200239702,25.620015341379546,1.4040858598270403,1.4040858598270403,-1.0,-1.0,0.6286515648453762,0.6286515648453762,1018.2420944217614,1046.8846407588208,1019.9898629087326,169.93589728209807,174.04929623286554,167.02051195800567,108.64901777386817,6.521254007254322e-48,1.1015642618172343,0.5236036719363729,0.9932045738950959
