target_id,prot_ps,prot_acf,prot_cs,e_prot_ps,E_prot_ps,e_prot_acf,E_prot_acf,e_prot_cs,E_prot_cs,sph_ps,sph_acf,sph_cs,e_sph_ps,e_sph_acf,e_sph_cs,h_ps,fa_prob_ps,hacf,gacf,hcs
147,11.56922317397947,12.124922400114883,11.685064104110714,1.368023508328884,1.368023508328884,-1.0,-1.0,0.8340236991970128,0.8340236991970128,209.76423001417626,215.0231292156527,209.60554592388712,78.88258452978407,71.2562344036976,77.55787489172519,37.60629318915433,4.6536571378566956e-17,0.9448330082671301,0.4227960317201284,0.953550138409811
