target_id,prot_ps,prot_acf,prot_cs,e_prot_ps,E_prot_ps,e_prot_acf,E_prot_acf,e_prot_cs,E_prot_cs,sph_ps,sph_acf,sph_cs,e_sph_ps,e_sph_acf,e_sph_cs,h_ps,fa_prob_ps,hacf,gacf,hcs
151,0.10071889420388995,34.73588880032912,1.865682504017677,0.09287065732309736,0.09287065732309736,-1.0,-1.0,0.0822211099475631,0.0822211099475631,111.03392445185472,422.314639587863,230.50414027883286,11.270851105599675,48.95484558419333,114.76770962512848,9.993651456276892,4.56890700403307e-05,0.6512264722648236,0.3498209403597748,1.1579941307852823
