target_id,prot_ps,prot_acf,prot_cs,e_prot_ps,E_prot_ps,e_prot_acf,E_prot_acf,e_prot_cs,E_prot_cs,sph_ps,sph_acf,sph_cs,e_sph_ps,e_sph_acf,e_sph_cs,h_ps,fa_prob_ps,hacf,gacf,hcs
152,0.15057583923063114,36.02754720034136,0.20868216477445217,0.32971375736411546,0.32971375736411546,-1.0,-1.0,0.0035900438203157756,0.0035900438203157756,130.15032457814831,240.49405065643833,131.250743236333,12.27857080378847,11.234126084721316,12.49653189560917,10.615264364510766,2.4538570688976125e-05,0.4577853318240694,0.2225596875550219,3.0426277872512992
