target_id,prot_ps,prot_acf,prot_cs,e_prot_ps,E_prot_ps,e_prot_acf,E_prot_acf,e_prot_cs,E_prot_cs,sph_ps,sph_acf,sph_cs,e_sph_ps,e_sph_acf,e_sph_cs,h_ps,fa_prob_ps,hacf,gacf,hcs
153,26.689522378555978,25.555392000242136,26.59908013711068,5.077105964086637,5.077105964086637,-1.0,-1.0,0.7856529463728391,0.7856529463728391,399.8486517411716,393.79615373098375,398.05940521178474,126.73157200075997,155.4990614230751,131.26025470319254,21.375245963079717,5.21013083045001e-10,0.7407295585589211,0.343087336365834,0.9601160172539573
