target_id,prot_ps,prot_acf,prot_cs,e_prot_ps,E_prot_ps,e_prot_acf,E_prot_acf,e_prot_cs,E_prot_cs,sph_ps,sph_acf,sph_cs,e_sph_ps,e_sph_acf,e_sph_cs,h_ps,fa_prob_ps,hacf,gacf,hcs
154,1.8134084455006911,0.5763852000054612,1.8210453945896188,0.38461746619671516,0.38461746619671516,-1.0,-1.0,0.10046481662036656,0.10046481662036656,212.65189453484106,187.64908476724494,210.19385146975495,69.234416606967,68.65364108601347,72.99900156285626,38.303834919614104,2.3166256397345423e-17,0.3164281926386948,0.35493209795347375,1.6932591616323394
