target_id,prot_ps,prot_acf,prot_cs,e_prot_ps,E_prot_ps,e_prot_acf,E_prot_acf,e_prot_cs,E_prot_cs,sph_ps,sph_acf,sph_cs,e_sph_ps,e_sph_acf,e_sph_cs,h_ps,fa_prob_ps,hacf,gacf,hcs
155,2.244140188190021,34.513668000327016,2.3306100840220827,0.3537936209180043,0.3537936209180043,-1.0,-1.0,0.1771838684928058,0.1771838684928058,301.0189320632103,477.7551133896402,316.102075906606,185.29832272200903,28.64205382291427,204.25905119541662,54.385581427961874,2.4023821411250525e-24,0.23275041832291912,0.11186136792137276,4.034538506381587
