target_id,prot_ps,prot_acf,prot_cs,e_prot_ps,E_prot_ps,e_prot_acf,E_prot_acf,e_prot_cs,E_prot_cs,sph_ps,sph_acf,sph_cs,e_sph_ps,e_sph_acf,e_sph_cs,h_ps,fa_prob_ps,hacf,gacf,hcs
156,30.17161072666121,31.687297200300236,30.090075235163457,3.619495642914729,3.619495642914729,-1.0,-1.0,0.9138376474071235,0.9138376474071235,310.41779380491454,345.93022836890776,310.766798702269,95.65671780597012,55.99971843901703,95.4546474486163,24.755279385889764,1.7738576478128728e-11,1.0585991594600155,0.5378207981642135,0.9533262953281981
