target_id,prot_ps,prot_acf,prot_cs,e_prot_ps,E_prot_ps,e_prot_acf,E_prot_acf,e_prot_cs,E_prot_cs,sph_ps,sph_acf,sph_cs,e_sph_ps,e_sph_acf,e_sph_cs,h_ps,fa_prob_ps,hacf,gacf,hcs
157,28.914648551388066,31.097023200294643,14.75787664907129,0.9897970457550265,0.9897970457550265,-1.0,-1.0,0.20569260290903388,0.20569260290903388,468.284898206644,443.7287026911966,467.30819102552545,251.14030518044416,253.9238066035167,290.8793221802553,31.147507686242136,2.9703613606755295e-14,0.26907816927079825,0.14020096540804491,1.6250191820875002
