target_id,prot_ps,prot_acf,prot_cs,e_prot_ps,E_prot_ps,e_prot_acf,E_prot_acf,e_prot_cs,E_prot_cs,sph_ps,sph_acf,sph_cs,e_sph_ps,e_sph_acf,e_sph_cs,h_ps,fa_prob_ps,hacf,gacf,hcs
158,11.765322613379974,11.576314800109685,11.771978189200853,0.5716463000782217,0.5716463000782217,-1.0,-1.0,0.37788547391300853,0.37788547391300853,744.3026987617122,750.1491680736608,743.9811492595103,182.29968319755363,179.10118307369498,182.95571982578372,75.04783581760552,2.5535185999977602e-33,1.3379704964290813,0.6349911127454111,0.9908020619177371
