target_id,prot_ps,prot_acf,prot_cs,e_prot_ps,E_prot_ps,e_prot_acf,E_prot_acf,e_prot_cs,E_prot_cs,sph_ps,sph_acf,sph_cs,e_sph_ps,e_sph_acf,e_sph_cs,h_ps,fa_prob_ps,hacf,gacf,hcs
160,33.063149609458556,33.04839960031313,33.11859004395552,2.448387613023746,2.448387613023746,-1.0,-1.0,0.8524238016180784,0.8524238016180784,335.61915281374974,335.6535957282193,335.57994323066544,102.03186629586371,102.08095491776514,101.83705551206701,33.73359770214542,2.2370962160146486e-15,0.6202669353085246,0.60546029109645,1.0000162918193407
