target_id,prot_ps,prot_acf,prot_cs,e_prot_ps,E_prot_ps,e_prot_acf,E_prot_acf,e_prot_cs,E_prot_cs,sph_ps,sph_acf,sph_cs,e_sph_ps,e_sph_acf,e_sph_cs,h_ps,fa_prob_ps,hacf,gacf,hcs
161,13.881229888224093,14.124909600133833,14.020674156132843,1.1880497522223956,1.1880497522223956,-1.0,-1.0,0.8802699527601647,0.8802699527601647,1054.3033917141888,1046.1986485830014,1051.0908588547516,473.8167557527145,475.1983792288777,471.39750388316224,113.23564940778809,6.643276176714883e-50,1.4025141403034045,0.6869256205108122,0.9890205408426724
