target_id,prot_ps,prot_acf,prot_cs,e_prot_ps,E_prot_ps,e_prot_acf,E_prot_acf,e_prot_cs,E_prot_cs,sph_ps,sph_acf,sph_cs,e_sph_ps,e_sph_acf,e_sph_cs,h_ps,fa_prob_ps,hacf,gacf,hcs
164,5.257363348489875,5.416632000051322,5.309479908050307,0.5806681552714166,0.5806681552714166,-1.0,-1.0,0.43214765903461755,0.43214765903461755,688.2885972888331,699.1067680121631,702.0585595055992,199.5538126585614,215.22538891687057,199.0243988721565,35.66547980990823,3.2409992021861184e-16,0.6608768082093157,0.42328128317684843,0.9757404454927138
