target_id,prot_ps,prot_acf,prot_cs,e_prot_ps,E_prot_ps,e_prot_acf,E_prot_acf,e_prot_cs,E_prot_cs,sph_ps,sph_acf,sph_cs,e_sph_ps,e_sph_acf,e_sph_cs,h_ps,fa_prob_ps,hacf,gacf,hcs
165,43.38459241256047,39.39558120037327,42.947850132406934,1.6488067058982623,1.6488067058982623,-1.0,-1.0,2.091110509986805,2.091110509986805,672.4906266687138,729.0359604296035,672.4561709246556,105.7459902321582,170.20670557733288,106.49711535880034,39.86478690914186,4.863433961042045e-18,1.2976887550049332,0.6688661516136721,0.8173243396184301
