target_id,prot_ps,prot_acf,prot_cs,e_prot_ps,E_prot_ps,e_prot_acf,E_prot_acf,e_prot_cs,E_prot_cs,sph_ps,sph_acf,sph_cs,e_sph_ps,e_sph_acf,e_sph_cs,h_ps,fa_prob_ps,hacf,gacf,hcs
168,17.802954837561124,34.62477840032807,0.5087467440061109,1.683519738099191,1.683519738099191,-1.0,-1.0,1.0957297049621681,1.0957297049621681,130.5691082200526,132.0592585871324,63.79528616146003,35.41845372372928,19.698756644691485,12.001106719957125,43.692843258523006,1.0578869851100839e-19,0.19665265450094452,0.20496231443922314,1.710898919101884
