target_id,prot_ps,prot_acf,prot_cs,e_prot_ps,E_prot_ps,e_prot_acf,E_prot_acf,e_prot_cs,E_prot_cs,sph_ps,sph_acf,sph_cs,e_sph_ps,e_sph_acf,e_sph_cs,h_ps,fa_prob_ps,hacf,gacf,hcs
169,0.1084955640595826,32.98590000031254,1.8816637932810105,7.389056098930649,7.389056098930649,-1.0,-1.0,0.18816304070554374,0.18816304070554374,80.51358868975726,1785.890998915699,819.516941393518,46.50036622106332,279.2781776359767,469.5684856269826,11.911233415708521,6.714552206895224e-06,0.9346021078166185,0.4473484410044151,0.9984868581369228
