target_id,prot_ps,prot_acf,prot_cs,e_prot_ps,E_prot_ps,e_prot_acf,E_prot_acf,e_prot_cs,E_prot_cs,sph_ps,sph_acf,sph_cs,e_sph_ps,e_sph_acf,e_sph_cs,h_ps,fa_prob_ps,hacf,gacf,hcs
171,43.36656942424261,40.13863200038031,0.6531208200062281,1.389805598862459,1.389805598862459,-1.0,-1.0,2.0988858010167646,2.0988858010167646,720.4959629515652,677.8122787731301,136.19731737064492,50.686147178179034,96.96377106679502,192.93057182186428,15.85171213770087,1.305235537843455e-07,0.5474077516424511,0.18227144532024098,1.6745296299659846
