target_id,prot_ps,prot_acf,prot_cs,e_prot_ps,E_prot_ps,e_prot_acf,E_prot_acf,e_prot_cs,E_prot_cs,sph_ps,sph_acf,sph_cs,e_sph_ps,e_sph_acf,e_sph_cs,h_ps,fa_prob_ps,hacf,gacf,hcs
172,0.5593510224441656,38.680308000366495,0.5474631485566912,0.38901492461872866,0.38901492461872866,-1.0,-1.0,0.024162892668965652,0.024162892668965652,91.25011295681838,402.8522074374881,90.17734595437734,94.73434250206157,92.02352019936112,93.87642405646322,13.366463064377896,1.5668190692891944e-06,0.6109124820817724,0.2899222297367856,1.45142107926451
