target_id,prot_ps,prot_acf,prot_cs,e_prot_ps,E_prot_ps,e_prot_acf,E_prot_acf,e_prot_cs,E_prot_cs,sph_ps,sph_acf,sph_cs,e_sph_ps,e_sph_acf,e_sph_cs,h_ps,fa_prob_ps,hacf,gacf,hcs
173,43.38457514327379,37.8469800003586,17.659864709932517,1.2442200628384972,1.2442200628384972,-1.0,-1.0,0.3244271849553061,0.3244271849553061,1011.4826339357896,967.5114722259523,917.921229236346,214.84098716549914,195.36155887290715,378.2152910391737,52.67598662946664,1.3277297241855237e-23,0.6056625530722555,0.19314274597948886,0.9118308539398633
