target_id,prot_ps,prot_acf,prot_cs,e_prot_ps,E_prot_ps,e_prot_acf,E_prot_acf,e_prot_cs,E_prot_cs,sph_ps,sph_acf,sph_cs,e_sph_ps,e_sph_acf,e_sph_cs,h_ps,fa_prob_ps,hacf,gacf,hcs
174,17.793119376011916,19.805428800187656,0.9889520040093702,0.9151091047317135,0.9151091047317135,-1.0,-1.0,0.04940419564047692,0.04940419564047692,487.63924152825615,495.1030445254663,209.94483396113733,141.93671639977052,127.63769812212806,128.59760386443625,23.556310260392628,5.883346675752286e-11,0.7759353953394201,0.3893710908456584,0.8157491146197502
