target_id,prot_ps,prot_acf,prot_cs,e_prot_ps,E_prot_ps,e_prot_acf,E_prot_acf,e_prot_cs,E_prot_cs,sph_ps,sph_acf,sph_cs,e_sph_ps,e_sph_acf,e_sph_cs,h_ps,fa_prob_ps,hacf,gacf,hcs
175,0.27080625110538986,32.60395800030892,0.22766394651726518,0.06736907245505676,0.06736907245505676,-1.0,-1.0,0.003120012216806004,0.003120012216806004,85.37903554894596,292.1676610628245,82.09762955212994,129.23708000145538,86.0238148052428,126.76063757188659,69.43078251018224,7.024158156274272e-31,0.18229476734500188,0.10002329776808405,0.10157818588194685
