target_id,prot_ps,prot_acf,prot_cs,e_prot_ps,E_prot_ps,e_prot_acf,E_prot_acf,e_prot_cs,E_prot_cs,sph_ps,sph_acf,sph_cs,e_sph_ps,e_sph_acf,e_sph_cs,h_ps,fa_prob_ps,hacf,gacf,hcs
176,0.37992360466819336,42.694171200404526,0.8272875198397848,0.23174491428015237,0.23174491428015237,-1.0,-1.0,0.002421345046366183,0.002421345046366183,68.15756387341203,321.0880161942187,88.5209203944736,15.696142490406553,11.363104119260427,33.46004992098596,85.74696933041619,5.76188226450065e-38,0.9624127006107727,0.49970314934737603,1.0384838383829997
