target_id,prot_ps,prot_acf,prot_cs,e_prot_ps,E_prot_ps,e_prot_acf,E_prot_acf,e_prot_cs,E_prot_cs,sph_ps,sph_acf,sph_cs,e_sph_ps,e_sph_acf,e_sph_cs,h_ps,fa_prob_ps,hacf,gacf,hcs
178,10.848569372097721,10.541599200099881,10.955624328103802,0.684471975826887,0.684471975826887,-1.0,-1.0,0.4247559023735881,0.4247559023735881,378.03768637534233,377.23871713040677,377.97267145135964,149.17768062676623,152.4522656426895,149.53415511356695,47.77120216623814,1.7915564848681244e-21,0.8631123884221866,0.3700187124963896,0.976165814676187
