target_id,prot_ps,prot_acf,prot_cs,e_prot_ps,E_prot_ps,e_prot_acf,E_prot_acf,e_prot_cs,E_prot_cs,sph_ps,sph_acf,sph_cs,e_sph_ps,e_sph_acf,e_sph_cs,h_ps,fa_prob_ps,hacf,gacf,hcs
179,18.267208661604993,17.263778400163574,18.203045336427785,0.6627222793871872,0.6627222793871872,-1.0,-1.0,0.3277204178930593,0.3277204178930593,287.0981538828378,284.58929452366317,287.4879073470863,94.2294857013016,93.1783641803727,93.60776240344134,113.49865038059703,5.106959764351303e-50,0.9154316582198334,0.41254367963085825,0.9214092757722577
