target_id,prot_ps,prot_acf,prot_cs,e_prot_ps,E_prot_ps,e_prot_acf,E_prot_acf,e_prot_cs,E_prot_cs,sph_ps,sph_acf,sph_cs,e_sph_ps,e_sph_acf,e_sph_cs,h_ps,fa_prob_ps,hacf,gacf,hcs
180,10.058973641751633,9.91660320009396,10.009661898348647,0.3964885501117855,0.3964885501117855,-1.0,-1.0,0.1267488673617494,0.1267488673617494,1377.066681568534,1393.3169287143944,1383.741272481828,554.3694485231224,534.5907477614119,536.1587432874996,124.05646007804552,1.3272842582926908e-54,0.554994996238295,0.24136449993994197,0.9878762531827177
