target_id,prot_ps,prot_acf,prot_cs,e_prot_ps,E_prot_ps,e_prot_acf,E_prot_acf,e_prot_cs,E_prot_cs,sph_ps,sph_acf,sph_cs,e_sph_ps,e_sph_acf,e_sph_cs,h_ps,fa_prob_ps,hacf,gacf,hcs
181,19.282072745922488,40.36085280038242,2.275610436021562,3.542123569582424,3.542123569582424,-1.0,-1.0,0.8104759709508736,0.8104759709508736,1038.5741140537125,1080.9400784304075,597.0954664614294,416.5352257671558,267.289508917448,577.3857140937489,12.664121483589495,3.162582922852733e-06,0.2766969102334499,0.2020425434363233,1.6952701676218775
