target_id,prot_ps,prot_acf,prot_cs,e_prot_ps,E_prot_ps,e_prot_acf,E_prot_acf,e_prot_cs,E_prot_cs,sph_ps,sph_acf,sph_cs,e_sph_ps,e_sph_acf,e_sph_cs,h_ps,fa_prob_ps,hacf,gacf,hcs
182,0.8118767369854977,6.243015600059152,0.47817735672821726,0.5654105185638615,0.5654105185638615,-1.0,-1.0,0.0021066015391101086,0.0021066015391101086,205.15161150600554,279.5849633011389,183.5184486201595,148.42234907988382,34.619189317942165,158.4190982879046,381.72407011008147,1.6570771989190602e-166,0.07274389385833245,0.04185341463812997,2.136707440983783
