target_id,prot_ps,prot_acf,prot_cs,e_prot_ps,E_prot_ps,e_prot_acf,E_prot_acf,e_prot_cs,E_prot_cs,sph_ps,sph_acf,sph_cs,e_sph_ps,e_sph_acf,e_sph_cs,h_ps,fa_prob_ps,hacf,gacf,hcs
183,5.689791899668454,5.611075200053165,5.678776206364626,0.258583797029141,0.258583797029141,-1.0,-1.0,0.033678426266500736,0.033678426266500736,662.9911601558082,660.6764947162159,664.2681961004122,214.44835178959764,201.15602830618673,211.03782972760786,302.0518752729421,6.615113810102787e-132,1.1437486736849607,0.6481498950254173,0.9717929366642145
