target_id,prot_ps,prot_acf,prot_cs,e_prot_ps,E_prot_ps,e_prot_acf,E_prot_acf,e_prot_cs,E_prot_cs,sph_ps,sph_acf,sph_cs,e_sph_ps,e_sph_acf,e_sph_cs,h_ps,fa_prob_ps,hacf,gacf,hcs
184,23.936366167352055,23.972068800227134,24.001819680314025,0.956031976132283,0.956031976132283,-1.0,-1.0,0.43908061309380403,0.43908061309380403,504.64366811958536,504.93573907319706,505.1778299439714,153.83152432957687,154.16635264413455,154.6519370812369,266.0298418861375,2.915463759078403e-116,1.3367055291824959,0.6743649339598609,0.9995403348562142
