target_id,prot_ps,prot_acf,prot_cs,e_prot_ps,E_prot_ps,e_prot_acf,E_prot_acf,e_prot_cs,E_prot_cs,sph_ps,sph_acf,sph_cs,e_sph_ps,e_sph_acf,e_sph_cs,h_ps,fa_prob_ps,hacf,gacf,hcs
185,23.13451051193085,43.56222120041275,43.878608064415744,1.2232407270444172,1.2232407270444172,-1.0,-1.0,2.6032605145701746,2.6032605145701746,373.78989047574004,384.1540346113532,382.21346422717625,73.93594650619364,65.34707967068722,69.44271108444424,21.224206705589275,6.059602624105202e-10,0.8389641797779241,0.45196102050368164,0.7577718081064101
