target_id,prot_ps,prot_acf,prot_cs,e_prot_ps,E_prot_ps,e_prot_acf,E_prot_acf,e_prot_cs,E_prot_cs,sph_ps,sph_acf,sph_cs,e_sph_ps,e_sph_acf,e_sph_cs,h_ps,fa_prob_ps,hacf,gacf,hcs
186,15.090316267949824,14.784627600140084,15.241083012144408,0.7611378751608717,0.7611378751608717,-1.0,-1.0,0.6806381065843863,0.6806381065843863,694.9256529334509,689.1141196287473,694.5004500146641,180.23823910238517,163.19908246464396,182.26739297664287,164.25804715347988,4.609316318933257e-72,1.435525185036695,0.7102963901075664,0.9888678464215025
