target_id,prot_ps,prot_acf,prot_cs,e_prot_ps,E_prot_ps,e_prot_acf,E_prot_acf,e_prot_cs,E_prot_cs,sph_ps,sph_acf,sph_cs,e_sph_ps,e_sph_acf,e_sph_cs,h_ps,fa_prob_ps,hacf,gacf,hcs
187,0.28913832597592004,11.22215040010633,0.2818731960026708,0.06826788463778705,0.06826788463778705,-1.0,-1.0,0.004092544933181164,0.004092544933181164,417.9014751676052,1101.1264721703155,415.2377088749743,816.4961406074524,191.15462124397283,816.6288593388153,2224.447858218128,0.0,0.1441731679618322,0.06521644966103506,0.01792581321594652
