target_id,prot_ps,prot_acf,prot_cs,e_prot_ps,E_prot_ps,e_prot_acf,E_prot_acf,e_prot_cs,E_prot_cs,sph_ps,sph_acf,sph_cs,e_sph_ps,e_sph_acf,e_sph_cs,h_ps,fa_prob_ps,hacf,gacf,hcs
188,9.508965674143179,9.208274400087248,9.511321903486063,0.29358805371750113,0.29358805371750113,-1.0,-1.0,0.06232300708996507,0.06232300708996507,318.56733170381955,320.3504619586663,318.5328113225382,108.3597248697045,110.76387625321694,108.50107619519801,343.622616654662,5.842432852614959e-150,1.1548578274337378,0.5510002539764736,0.9599625094147209
