target_id,prot_ps,prot_acf,prot_cs,e_prot_ps,E_prot_ps,e_prot_acf,E_prot_acf,e_prot_cs,E_prot_cs,sph_ps,sph_acf,sph_cs,e_sph_ps,e_sph_acf,e_sph_cs,h_ps,fa_prob_ps,hacf,gacf,hcs
190,19.2902726858774,20.284592400192196,0.5891628960055821,3.556168626157463,3.556168626157463,-1.0,-1.0,0.08854502496180901,0.08854502496180901,670.2759615251806,674.8663716211211,200.31946020464656,200.19774202686142,182.40036185472937,114.22708310388637,14.517917538841152,4.953914698056107e-07,0.5628411299463709,0.21793537260181928,3.0282215633706415
