target_id,prot_ps,prot_acf,prot_cs,e_prot_ps,E_prot_ps,e_prot_acf,E_prot_acf,e_prot_cs,E_prot_cs,sph_ps,sph_acf,sph_cs,e_sph_ps,e_sph_acf,e_sph_cs,h_ps,fa_prob_ps,hacf,gacf,hcs
192,16.140067902959252,32.284515600305895,16.178499359909594,0.5860631224770831,0.5860631224770831,-1.0,-1.0,0.45142353136372504,0.45142353136372504,639.2227550333873,609.1871383509695,642.2569883261901,277.3355771280723,238.9397033911167,274.2566016991481,69.63370701154267,5.734100367733947e-31,1.1041580459963511,0.6953100214054388,1.0125562697267982
