target_id,prot_ps,prot_acf,prot_cs,e_prot_ps,E_prot_ps,e_prot_acf,E_prot_acf,e_prot_cs,E_prot_cs,sph_ps,sph_acf,sph_cs,e_sph_ps,e_sph_acf,e_sph_cs,h_ps,fa_prob_ps,hacf,gacf,hcs
193,31.55241403120667,28.68731640027181,31.232925108295934,7.389056098930616,7.389056098930616,-1.0,-1.0,1.1258402911824001,1.1258402911824001,749.4028858969011,746.473376290858,747.5172936905917,78.18461460285342,74.63482226874959,87.58373906415356,38.09274859301667,2.8610766009076735e-17,0.703902457096513,0.2583066435137195,0.9071145758605585
