target_id,prot_ps,prot_acf,prot_cs,e_prot_ps,E_prot_ps,e_prot_acf,E_prot_acf,e_prot_cs,E_prot_cs,sph_ps,sph_acf,sph_cs,e_sph_ps,e_sph_acf,e_sph_cs,h_ps,fa_prob_ps,hacf,gacf,hcs
194,31.541927671070454,30.347028000287537,31.69259317854953,3.7805421527188123,3.7805421527188123,-1.0,-1.0,1.600554092864221,1.600554092864221,842.3130601632222,800.5292856092552,840.9175098889627,346.0645035287244,328.6770561941353,341.5544532602762,21.081837042905065,6.986738743243062e-10,1.00928892543835,0.599910564596825,0.9743268438536953
