target_id,prot_ps,prot_acf,prot_cs,e_prot_ps,E_prot_ps,e_prot_acf,E_prot_acf,e_prot_cs,E_prot_cs,sph_ps,sph_acf,sph_cs,e_sph_ps,e_sph_acf,e_sph_cs,h_ps,fa_prob_ps,hacf,gacf,hcs
196,15.771651226512143,15.00684840014219,7.5386466214808,1.505915387654892,1.505915387654892,-1.0,-1.0,0.05398002091131692,0.05398002091131692,591.134315708771,596.6350490646682,570.8900408461612,205.982810573298,217.27832597116827,275.5180158574547,27.71616812911668,9.183772609075483e-13,1.1468730949691117,0.5957736033988275,0.9319107334407003
