target_id,prot_ps,prot_acf,prot_cs,e_prot_ps,E_prot_ps,e_prot_acf,E_prot_acf,e_prot_cs,E_prot_cs,sph_ps,sph_acf,sph_cs,e_sph_ps,e_sph_acf,e_sph_cs,h_ps,fa_prob_ps,hacf,gacf,hcs
197,19.279038702867894,19.159599600181537,19.477444788184545,1.6427082300307967,1.6427082300307967,-1.0,-1.0,0.641715816643329,0.641715816643329,383.33903971655747,383.73934071260504,385.552187411779,62.45850943849443,62.99202326269861,54.39581616766562,91.45533974927339,1.911835873047609e-40,1.058121079232707,0.4865722272607727,0.9963245773781662
