target_id,prot_ps,prot_acf,prot_cs,e_prot_ps,E_prot_ps,e_prot_acf,E_prot_acf,e_prot_cs,E_prot_cs,sph_ps,sph_acf,sph_cs,e_sph_ps,e_sph_acf,e_sph_cs,h_ps,fa_prob_ps,hacf,gacf,hcs
199,0.2243086817378466,26.42344200025036,0.19447170845389203,0.06091115271884023,0.06091115271884023,-1.0,-1.0,0.002584427260792928,0.002584427260792928,106.62981497775691,404.24739779876796,103.12506318286506,305.8934888472654,75.20017021996382,300.18000484643056,80.6330902069732,9.582831776231816e-36,0.0306365797357132,0.01866944636214631,0.3728791625880181
