target_id,prot_ps,prot_acf,prot_cs,e_prot_ps,E_prot_ps,e_prot_acf,E_prot_acf,e_prot_cs,E_prot_cs,sph_ps,sph_acf,sph_cs,e_sph_ps,e_sph_acf,e_sph_cs,h_ps,fa_prob_ps,hacf,gacf,hcs
205,38.564656300875775,35.805326400339254,38.17663066836173,1.8937611215646206,1.8937611215646206,-1.0,-1.0,2.3457617610915666,2.3457617610915666,553.9541307116093,545.2649068993326,556.3716113946234,129.16268317049688,136.27773063378697,135.58702492774995,30.720566836443183,4.5522629704878424e-14,1.2611465702661184,0.6478884263864096,0.8884095988601666
