target_id,prot_ps,prot_acf,prot_cs,e_prot_ps,E_prot_ps,e_prot_acf,E_prot_acf,e_prot_cs,E_prot_cs,sph_ps,sph_acf,sph_cs,e_sph_ps,e_sph_acf,e_sph_cs,h_ps,fa_prob_ps,hacf,gacf,hcs
206,15.776240534663549,15.777676800149493,15.80206677624585,0.6151999537542361,0.6151999537542361,-1.0,-1.0,0.19748738874347901,0.19748738874347901,337.8457506247366,337.8608843853585,338.0353024007452,108.71287407987911,108.80176237114667,109.47337224343602,171.76662646481668,2.527562778380441e-75,1.0290896559580478,0.5212767360110168,0.9968901046148707
