target_id,prot_ps,prot_acf,prot_cs,e_prot_ps,E_prot_ps,e_prot_acf,E_prot_acf,e_prot_cs,E_prot_cs,sph_ps,sph_acf,sph_cs,e_sph_ps,e_sph_acf,e_sph_cs,h_ps,fa_prob_ps,hacf,gacf,hcs
207,31.552481862752387,31.985906400303065,31.870907136301973,2.5746670879635394,2.5746670879635394,-1.0,-1.0,2.324525507204192,2.324525507204192,3098.027134056831,3120.500543316415,3126.01713705211,426.67159683197957,455.1745020378933,454.2177611201848,89.56834038129058,1.2617229978786977e-39,1.3132350187419117,0.7049138861587898,0.9942732842088247
