target_id,prot_ps,prot_acf,prot_cs,e_prot_ps,E_prot_ps,e_prot_acf,E_prot_acf,e_prot_cs,E_prot_cs,sph_ps,sph_acf,sph_cs,e_sph_ps,e_sph_acf,e_sph_cs,h_ps,fa_prob_ps,hacf,gacf,hcs
211,23.138487295106984,21.770694000206277,22.96363818758346,0.9319610194482771,0.9319610194482771,-1.0,-1.0,0.5765463743020485,0.5765463743020485,653.4977963760441,630.7658072800491,649.8920583968344,193.96179678374094,225.4844663759096,201.47369300338474,82.23215677610001,1.936547157666334e-36,1.1911467299929013,0.5966305136283235,0.9279608426631406
