target_id,prot_ps,prot_acf,prot_cs,e_prot_ps,E_prot_ps,e_prot_acf,E_prot_acf,e_prot_cs,E_prot_cs,sph_ps,sph_acf,sph_cs,e_sph_ps,e_sph_acf,e_sph_cs,h_ps,fa_prob_ps,hacf,gacf,hcs
214,6.086911524811938,13.847133600131201,6.099663836485724,0.2718805162541115,0.2718805162541115,-1.0,-1.0,0.2003668933298852,0.2003668933298852,716.8994421404593,737.4709319494303,715.1516106123507,248.9554936029861,203.79584138642068,251.53146184907666,18.589040805295152,8.450495102388345e-09,0.7035211490966121,0.34627294457644225,1.1133315873477643
