target_id,prot_ps,prot_acf,prot_cs,e_prot_ps,E_prot_ps,e_prot_acf,E_prot_acf,e_prot_cs,E_prot_cs,sph_ps,sph_acf,sph_cs,e_sph_ps,e_sph_acf,e_sph_cs,h_ps,fa_prob_ps,hacf,gacf,hcs
215,0.5595900093135742,12.44436480011791,0.7287453360069049,0.19069015859288985,0.19069015859288985,-1.0,-1.0,0.11814293511181957,0.11814293511181957,161.06343914601695,456.1377549122213,188.80089173664035,279.66503833311094,164.6678891767037,281.187873324179,33.992205496462326,1.7273196960499958e-15,0.39185094636177903,0.13867245033735418,3.2633196718158652
