target_id,prot_ps,prot_acf,prot_cs,e_prot_ps,E_prot_ps,e_prot_acf,E_prot_acf,e_prot_cs,E_prot_cs,sph_ps,sph_acf,sph_cs,e_sph_ps,e_sph_acf,e_sph_cs,h_ps,fa_prob_ps,hacf,gacf,hcs
216,17.798748132841446,19.43737560018417,17.97648217217032,3.1355290363547437,3.1355290363547437,-1.0,-1.0,1.8705946149297257,1.8705946149297257,218.4437442321257,215.59628480504824,218.40448976923847,69.87199401375547,79.20467038382169,70.0860624358852,43.02473600013732,2.0634529455948372e-19,0.6680471872534365,0.27349911608325644,0.7974359035125521
