target_id,prot_ps,prot_acf,prot_cs,e_prot_ps,E_prot_ps,e_prot_acf,E_prot_acf,e_prot_cs,E_prot_cs,sph_ps,sph_acf,sph_cs,e_sph_ps,e_sph_acf,e_sph_cs,h_ps,fa_prob_ps,hacf,gacf,hcs
217,16.146695926657976,34.54144560032728,1.4448518640136898,2.1932927790287104,2.1932927790287104,-1.0,-1.0,0.3597088882997046,0.3597088882997046,249.15752310673736,260.04419700950194,135.82856671594354,64.29973836361982,30.3363448972491,70.31214322347776,45.39124425659498,1.9356779043362553e-20,0.5455279842330499,0.29070663324421464,1.1064544920744648
