target_id,prot_ps,prot_acf,prot_cs,e_prot_ps,E_prot_ps,e_prot_acf,E_prot_acf,e_prot_cs,E_prot_cs,sph_ps,sph_acf,sph_cs,e_sph_ps,e_sph_acf,e_sph_cs,h_ps,fa_prob_ps,hacf,gacf,hcs
218,6.036126192066245,5.888851200055797,6.095030436057749,0.5966742353207526,0.5966742353207526,-1.0,-1.0,0.25049447488165033,0.25049447488165033,817.2266733463632,808.0960827596683,815.8988561880648,221.36410500580843,229.70498297172185,231.78350913202397,123.71564674635121,1.8662821099584782e-54,1.0284086365434626,0.5725103245805419,0.9621222489889244
