target_id,prot_ps,prot_acf,prot_cs,e_prot_ps,E_prot_ps,e_prot_acf,E_prot_acf,e_prot_cs,E_prot_cs,sph_ps,sph_acf,sph_cs,e_sph_ps,e_sph_acf,e_sph_cs,h_ps,fa_prob_ps,hacf,gacf,hcs
219,5.178684117985937,30.138696000285563,0.8868693240084031,1.1412325244251287,1.1412325244251287,-1.0,-1.0,0.20057903743120534,0.20057903743120534,251.0361874464172,277.96657375214386,126.57903083517078,68.76881587485076,29.25175536543893,47.591759396960484,24.59699959963568,2.0780634436005543e-11,0.36402465604372025,0.15478962507575764,1.2482726877702055
