target_id,prot_ps,prot_acf,prot_cs,e_prot_ps,E_prot_ps,e_prot_acf,E_prot_acf,e_prot_cs,E_prot_cs,sph_ps,sph_acf,sph_cs,e_sph_ps,e_sph_acf,e_sph_cs,h_ps,fa_prob_ps,hacf,gacf,hcs
220,34.69584936484043,32.763679200310435,34.36103008832558,4.879193053691995,4.879193053691995,-1.0,-1.0,3.6602013466503203,3.6602013466503203,1274.763917922461,1295.9317146349495,1272.2108590012285,370.27170534857623,387.38489953808715,370.6855507656304,21.152879829446672,6.507602445822745e-10,1.3487075957792958,0.6893081611063389,0.9337597728292857
