target_id,prot_ps,prot_acf,prot_cs,e_prot_ps,E_prot_ps,e_prot_acf,E_prot_acf,e_prot_cs,E_prot_cs,sph_ps,sph_acf,sph_cs,e_sph_ps,e_sph_acf,e_sph_cs,h_ps,fa_prob_ps,hacf,gacf,hcs
221,23.945635835262376,28.180375200267008,1.7996632158313792,4.449852426029379,4.449852426029379,-1.0,-1.0,0.002631106988194176,0.002631106988194176,559.2900073368788,561.8984262672917,295.2385442379148,74.92368851895606,93.12535576719625,145.03905458580212,16.603413022939346,6.155018227299977e-08,0.6661514842377435,0.30564835246892286,1.8065204831303951
