target_id,prot_ps,prot_acf,prot_cs,e_prot_ps,E_prot_ps,e_prot_acf,E_prot_acf,e_prot_cs,E_prot_cs,sph_ps,sph_acf,sph_cs,e_sph_ps,e_sph_acf,e_sph_cs,h_ps,fa_prob_ps,hacf,gacf,hcs
222,11.765332522935756,12.409642800117581,0.7294397760069113,2.4112215279736446,2.4112215279736446,-1.0,-1.0,0.020312521050785525,0.020312521050785525,362.2593618991644,363.9494230381071,149.97990366594766,123.75810963160889,134.52201982530286,97.79203681635624,12.53148096961099,3.611161942746523e-06,0.529549639255098,0.16354281312829558,3.318087297721427
