target_id,prot_ps,prot_acf,prot_cs,e_prot_ps,E_prot_ps,e_prot_acf,E_prot_acf,e_prot_cs,E_prot_cs,sph_ps,sph_acf,sph_cs,e_sph_ps,e_sph_acf,e_sph_cs,h_ps,fa_prob_ps,hacf,gacf,hcs
223,0.5459412265252195,11.937423600113107,0.7972801979470874,0.23371909714556036,0.23371909714556036,-1.0,-1.0,0.0025551217527303434,0.0025551217527303434,146.926493630397,285.2586362183512,160.9914636763646,214.5192343808675,95.95236172387735,211.923466212704,78.77955595939166,6.116085669449392e-35,0.054250614254961964,0.03424358198046096,0.4306959298903256
