target_id,prot_ps,prot_acf,prot_cs,e_prot_ps,E_prot_ps,e_prot_acf,E_prot_acf,e_prot_cs,E_prot_cs,sph_ps,sph_acf,sph_cs,e_sph_ps,e_sph_acf,e_sph_cs,h_ps,fa_prob_ps,hacf,gacf,hcs
224,33.05624707947011,32.67340200030958,33.38589744031632,4.312686901609018,4.312686901609018,-1.0,-1.0,1.359847808361434,1.359847808361434,265.9369423160634,251.2078831159015,265.6687715050814,66.77136425895216,90.69299907753823,65.19024984193385,56.87765167565239,1.9876949468443523e-25,0.7519872557284083,0.38712333722631304,0.9957758899750521
