target_id,prot_ps,prot_acf,prot_cs,e_prot_ps,E_prot_ps,e_prot_acf,E_prot_acf,e_prot_cs,E_prot_cs,sph_ps,sph_acf,sph_cs,e_sph_ps,e_sph_acf,e_sph_cs,h_ps,fa_prob_ps,hacf,gacf,hcs
225,0.5559827538064155,13.35408120012653,0.8329314926016744,0.27201880657306954,0.27201880657306954,-1.0,-1.0,0.0019713309486607063,0.0019713309486607063,139.58988429621172,257.99086632443414,160.11868423363345,120.62433177752261,39.8914081014977,116.30135742977834,180.03077942225093,6.510673611906946e-79,0.5558629891535397,0.2520149383190433,1.6752760435773661
