target_id,prot_ps,prot_acf,prot_cs,e_prot_ps,E_prot_ps,e_prot_acf,E_prot_acf,e_prot_cs,E_prot_cs,sph_ps,sph_acf,sph_cs,e_sph_ps,e_sph_acf,e_sph_cs,h_ps,fa_prob_ps,hacf,gacf,hcs
227,46.287251525939446,45.687207600432885,46.73187733855923,2.100709224391649,2.100709224391649,-1.0,-1.0,2.2541032514482464,2.2541032514482464,2309.5909990334535,2307.0748895982974,2309.104944487173,257.30733740606826,246.63190130224078,264.7206086161465,52.40540265788418,1.7402947248469691e-23,1.515041245454504,0.8048578925623191,0.9966789932286697
