target_id,prot_ps,prot_acf,prot_cs,e_prot_ps,E_prot_ps,e_prot_acf,E_prot_acf,e_prot_cs,E_prot_cs,sph_ps,sph_acf,sph_cs,e_sph_ps,e_sph_acf,e_sph_cs,h_ps,fa_prob_ps,hacf,gacf,hcs
228,12.178148202262324,11.888812800112646,12.058672824114257,0.6313678937313939,0.6313678937313939,-1.0,-1.0,0.3674633918323759,0.3674633918323759,151.98972021718578,152.3451227175261,152.00620395939447,54.29809731317731,55.256031416502545,55.264962146035494,57.035006635639824,1.6982880074675645e-25,0.8830894411333438,0.37511486921063,0.9740350588446512
