target_id,prot_ps,prot_acf,prot_cs,e_prot_ps,E_prot_ps,e_prot_acf,E_prot_acf,e_prot_cs,E_prot_cs,sph_ps,sph_acf,sph_cs,e_sph_ps,e_sph_acf,e_sph_cs,h_ps,fa_prob_ps,hacf,gacf,hcs
229,18.756532182843454,19.291543200182787,18.593301646615732,1.6101296171283483,1.6101296171283483,-1.0,-1.0,0.803520464174833,0.803520464174833,530.7068164456933,530.4587681601175,530.338984887069,172.24982235317566,164.531757725032,180.1195369004436,45.047808200383166,2.7288865244578494e-20,0.5408505299762945,0.20091425571359997,0.9815497577869469
