target_id,prot_ps,prot_acf,prot_cs,e_prot_ps,E_prot_ps,e_prot_acf,E_prot_acf,e_prot_cs,E_prot_cs,sph_ps,sph_acf,sph_cs,e_sph_ps,e_sph_acf,e_sph_cs,h_ps,fa_prob_ps,hacf,gacf,hcs
230,43.37157031469014,40.87473840038729,0.5510829926530033,1.1803243591394017,1.1803243591394017,-1.0,-1.0,0.006299701105460179,0.006299701105460179,837.4513622186765,869.0590628070737,133.07547110894365,255.61893465456475,231.20143052468714,283.2561004203698,29.366630670439932,1.7629270751312723e-13,0.5694230666031076,0.17792156466931008,1.4797848144210943
