target_id,prot_ps,prot_acf,prot_cs,e_prot_ps,E_prot_ps,e_prot_acf,E_prot_acf,e_prot_cs,E_prot_cs,sph_ps,sph_acf,sph_cs,e_sph_ps,e_sph_acf,e_sph_cs,h_ps,fa_prob_ps,hacf,gacf,hcs
231,0.5524291190002848,35.242830000333925,0.41937231600397357,0.26015246953879123,0.26015246953879123,-1.0,-1.0,0.013803585969743255,0.013803585969743255,107.177477781666,574.3634521210971,92.39277557287694,158.3869319161966,157.28398022438572,127.89907475467382,34.25492748283125,1.3282322357453563e-15,0.5359781296627482,0.21099989589186097,2.0412486998854495
