target_id,prot_ps,prot_acf,prot_cs,e_prot_ps,E_prot_ps,e_prot_acf,E_prot_acf,e_prot_cs,E_prot_cs,sph_ps,sph_acf,sph_cs,e_sph_ps,e_sph_acf,e_sph_cs,h_ps,fa_prob_ps,hacf,gacf,hcs
232,0.4943543509661666,23.74984800022503,0.8255348407127513,0.16521155872660342,0.16521155872660342,-1.0,-1.0,0.0026932344773074888,0.0026932344773074888,159.94576487687593,840.5493035669305,238.5997933009623,127.67883329232019,286.3941677772243,182.1254102921836,69.10016938425632,9.776372434859611e-31,0.573445703189464,0.23897943906566502,2.0153588336374675
