target_id,prot_ps,prot_acf,prot_cs,e_prot_ps,E_prot_ps,e_prot_acf,E_prot_acf,e_prot_cs,E_prot_cs,sph_ps,sph_acf,sph_cs,e_sph_ps,e_sph_acf,e_sph_cs,h_ps,fa_prob_ps,hacf,gacf,hcs
233,11.762518437110256,11.305483200107119,0.9693687960091848,0.37085107408174306,0.37085107408174306,-1.0,-1.0,0.241405529091317,0.241405529091317,185.30073281660574,187.1966623189219,103.14824181413965,40.176537909822635,40.72114857545782,71.19529824853133,53.64051252596473,5.06082597372749e-24,0.3724829934570792,0.05997796777068518,2.774026100131884
