target_id,prot_ps,prot_acf,prot_cs,e_prot_ps,E_prot_ps,e_prot_acf,E_prot_acf,e_prot_cs,E_prot_cs,sph_ps,sph_acf,sph_cs,e_sph_ps,e_sph_acf,e_sph_cs,h_ps,fa_prob_ps,hacf,gacf,hcs
235,28.91478502245745,30.610915200290037,14.776004813793785,1.3997543782859294,1.3997543782859294,-1.0,-1.0,0.14177354434609088,0.14177354434609088,675.8714826494561,632.2020525036578,674.5853309778227,172.07998957041963,236.91589377963075,244.3054543460369,30.12275262250346,8.276653163802673e-14,0.9512371617068093,0.4696611220886914,0.9318308319075672
