target_id,prot_ps,prot_acf,prot_cs,e_prot_ps,E_prot_ps,e_prot_acf,E_prot_acf,e_prot_cs,E_prot_cs,sph_ps,sph_acf,sph_cs,e_sph_ps,e_sph_acf,e_sph_cs,h_ps,fa_prob_ps,hacf,gacf,hcs
239,16.14313047219529,15.555456000147387,15.984272700151452,0.9976428559001548,0.9976428559001548,-1.0,-1.0,0.8487258346577574,0.8487258346577574,2404.9297987246277,2429.005067087006,2410.1310070274026,527.2877622978073,512.710249572218,523.9925564975651,233.46947589507383,4.031762359108051e-102,1.613681258114708,0.8173194797640633,0.9648425235180375
