target_id,prot_ps,prot_acf,prot_cs,e_prot_ps,E_prot_ps,e_prot_acf,E_prot_acf,e_prot_cs,E_prot_cs,sph_ps,sph_acf,sph_cs,e_sph_ps,e_sph_acf,e_sph_cs,h_ps,fa_prob_ps,hacf,gacf,hcs
240,10.84388804511275,10.694376000101329,10.955624328103802,0.7664150504106039,0.7664150504106039,-1.0,-1.0,0.46511849323334764,0.46511849323334764,347.6671770233957,345.69442347723856,349.5156905169082,141.681594251133,144.569334459467,140.97551119781872,53.46369620983762,6.039649750994973e-24,1.1024803411753696,0.5138548028817723,0.9907441031846203
