target_id,prot_ps,prot_acf,prot_cs,e_prot_ps,E_prot_ps,e_prot_acf,E_prot_acf,e_prot_cs,E_prot_cs,sph_ps,sph_acf,sph_cs,e_sph_ps,e_sph_acf,e_sph_cs,h_ps,fa_prob_ps,hacf,gacf,hcs
241,43.400176872992915,36.763653600348334,0.55409367600525,1.218984196386271,1.218984196386271,-1.0,-1.0,0.21313383156262186,0.21313383156262186,634.924881498493,594.6931648910943,104.89060245469159,264.7764866171436,281.18954938161124,128.5971391008938,19.03163414849683,5.428330827558209e-09,0.5346280205275196,0.19465826518280419,1.4438149708188028
