target_id,prot_ps,prot_acf,prot_cs,e_prot_ps,E_prot_ps,e_prot_acf,E_prot_acf,e_prot_cs,E_prot_cs,sph_ps,sph_acf,sph_cs,e_sph_ps,e_sph_acf,e_sph_cs,h_ps,fa_prob_ps,hacf,gacf,hcs
242,18.758999234861836,18.569325600175944,18.95140648817956,0.5905938829714439,0.5905938829714439,-1.0,-1.0,0.41234486442229384,0.41234486442229384,902.2840616471702,904.8005682353256,900.5123510362795,296.0976433487506,301.8172051633703,288.2423200518675,260.74868657547574,5.731710632325809e-114,1.3494137162937307,0.6214504748918946,0.9955780170673677
