target_id,prot_ps,prot_acf,prot_cs,e_prot_ps,E_prot_ps,e_prot_acf,E_prot_acf,e_prot_cs,E_prot_cs,sph_ps,sph_acf,sph_cs,e_sph_ps,e_sph_acf,e_sph_cs,h_ps,fa_prob_ps,hacf,gacf,hcs
243,0.44546768089465394,33.51367440031754,0.8815585363798644,0.48153645382231275,0.48153645382231275,-1.0,-1.0,0.001970092735161016,0.001970092735161016,152.74510353051627,225.25431237967413,161.06732201257697,30.068636697946634,6.886224611754344,22.585589454896397,417.90870139934384,3.195634071498586e-182,0.2233262964020129,0.16102106091056406,0.022059458041482568
