target_id,prot_ps,prot_acf,prot_cs,e_prot_ps,E_prot_ps,e_prot_acf,E_prot_acf,e_prot_cs,E_prot_cs,sph_ps,sph_acf,sph_cs,e_sph_ps,e_sph_acf,e_sph_cs,h_ps,fa_prob_ps,hacf,gacf,hcs
244,31.543390732492917,31.88174040030208,31.239800064296,4.049922437030348,4.049922437030348,-1.0,-1.0,1.148548218617966,1.148548218617966,147.7362862314939,148.23256292716945,147.3149837843572,27.688863252306408,28.446260263950965,26.99015666044406,32.04422911432921,1.2116247016456101e-14,0.3216652379929952,0.31719740759221093,0.18030134738862336
