target_id,prot_ps,prot_acf,prot_cs,e_prot_ps,E_prot_ps,e_prot_acf,E_prot_acf,e_prot_cs,E_prot_cs,sph_ps,sph_acf,sph_cs,e_sph_ps,e_sph_acf,e_sph_cs,h_ps,fa_prob_ps,hacf,gacf,hcs
245,31.55248267514588,30.965079600293393,31.54936443456533,1.454748236387412,1.454748236387412,-1.0,-1.0,0.890936721984482,0.890936721984482,1514.517533921979,1335.903960379552,1514.5716502877024,565.1275447409729,628.816425562258,565.1807776954388,151.04173583474048,2.5316728831486596e-66,1.6584712256800893,0.8497648355633747,0.9916678551003099
