target_id,prot_ps,prot_acf,prot_cs,e_prot_ps,E_prot_ps,e_prot_acf,E_prot_acf,e_prot_cs,E_prot_cs,sph_ps,sph_acf,sph_cs,e_sph_ps,e_sph_acf,e_sph_cs,h_ps,fa_prob_ps,hacf,gacf,hcs
247,38.56414549184497,37.374760800354125,38.80245477981884,1.4612203136926665,1.4612203136926665,-1.0,-1.0,1.6164254158387266,1.6164254158387266,521.6213863997704,517.9825476804016,521.9777906214936,169.99530196190838,174.48980053994651,169.32202288907087,92.15489912377653,9.498080152558409e-41,1.4456511677800292,0.7233450174008974,0.9791568067187387
