target_id,prot_ps,prot_acf,prot_cs,e_prot_ps,E_prot_ps,e_prot_acf,E_prot_acf,e_prot_cs,E_prot_cs,sph_ps,sph_acf,sph_cs,e_sph_ps,e_sph_acf,e_sph_cs,h_ps,fa_prob_ps,hacf,gacf,hcs
249,0.21770091886118526,46.95108840044486,49.087185840465104,0.08483899188617133,0.08483899188617133,-1.0,-1.0,4.070253407401175,4.070253407401175,73.82817930584618,246.71949568107763,247.93589830798206,92.68270586119672,32.72450277975806,32.44088088797254,15.818262689552983,1.3496333478885513e-07,0.6984396214486834,0.4322807744768247,0.7743166918989897
