target_id,prot_ps,prot_acf,prot_cs,e_prot_ps,E_prot_ps,e_prot_acf,E_prot_acf,e_prot_cs,E_prot_cs,sph_ps,sph_acf,sph_cs,e_sph_ps,e_sph_acf,e_sph_cs,h_ps,fa_prob_ps,hacf,gacf,hcs
252,0.4511888730002987,37.805313600358204,0.49490675619722097,0.16405744762850816,0.16405744762850816,-1.0,-1.0,0.0026113419697914976,0.0026113419697914976,201.37169919493607,1505.5987147217147,218.0795630159732,179.57929014004773,543.9237075560097,187.25232429951262,179.80841725833466,8.131985300844707e-79,1.5084673394459722,0.7518377087797767,0.9514727274189404
