target_id,prot_ps,prot_acf,prot_cs,e_prot_ps,E_prot_ps,e_prot_acf,E_prot_acf,e_prot_cs,E_prot_cs,sph_ps,sph_acf,sph_cs,e_sph_ps,e_sph_acf,e_sph_cs,h_ps,fa_prob_ps,hacf,gacf,hcs
253,17.348272601219445,17.395722000164824,17.389444847232763,2.480551820195931,2.480551820195931,-1.0,-1.0,1.545704081916849,1.545704081916849,164.36746632420602,164.2821663919882,164.29288659499406,32.20055303832709,32.13191702104341,32.13899623021551,21.245340826815006,5.932882028504672e-10,0.613474753642996,0.2624704282593273,0.0948743785152924
