target_id,prot_ps,prot_acf,prot_cs,e_prot_ps,E_prot_ps,e_prot_acf,E_prot_acf,e_prot_cs,E_prot_cs,sph_ps,sph_acf,sph_cs,e_sph_ps,e_sph_acf,e_sph_cs,h_ps,fa_prob_ps,hacf,gacf,hcs
254,18.76093564468134,18.6596028001768,18.95140648817956,0.5846242144374703,0.5846242144374703,-1.0,-1.0,0.4052456368517755,0.4052456368517755,1213.9995736686521,1216.557654193656,1209.993162782,449.8718870830633,452.4992956677979,444.9203289271064,140.35911065685227,1.1036027064979227e-61,0.8134087984831677,0.29809538950370534,0.997405160859031
