target_id,prot_ps,prot_acf,prot_cs,e_prot_ps,E_prot_ps,e_prot_acf,E_prot_acf,e_prot_cs,E_prot_cs,sph_ps,sph_acf,sph_cs,e_sph_ps,e_sph_acf,e_sph_cs,h_ps,fa_prob_ps,hacf,gacf,hcs
1164583,50.37838582722819,43.89169500768185,1.4653042127564548,7.389056098929287,7.389056098929287,-1.0,-1.0,0.40184971694276017,0.40184971694276017,1650.42141500443,1642.5108834493547,667.192946336711,484.60280150241493,463.4377240640282,370.6583903009696,12.330473870135432,4.4151273912452874e-06,0.6351926344393195,0.31710200598180416,1.2189057236668932
