target_id,prot_ps,prot_acf,prot_cs,e_prot_ps,E_prot_ps,e_prot_acf,E_prot_acf,e_prot_cs,E_prot_cs,sph_ps,sph_acf,sph_cs,e_sph_ps,e_sph_acf,e_sph_cs,h_ps,fa_prob_ps,hacf,gacf,hcs
1163248,5.792451385386801,59.625770832411945,3.1361945718933293,7.389056098930649,7.389056098930649,-1.0,-1.0,0.11533497505134373,0.11533497505134373,443.14960441081956,541.7759449886153,346.1232813306831,163.04774653162812,41.77808110221658,98.22527209874791,20.01052833181213,2.0395669484180825e-09,0.27194838609297434,0.13549400256451347,0.5804056463008626
