target_id,prot_ps,prot_acf,prot_cs,e_prot_ps,E_prot_ps,e_prot_acf,E_prot_acf,e_prot_cs,E_prot_cs,sph_ps,sph_acf,sph_cs,e_sph_ps,e_sph_acf,e_sph_cs,h_ps,fa_prob_ps,hacf,gacf,hcs
1162339,0.49310168141923005,-1.0,0.9760426332511788,0.21807184673836005,0.21807184673836005,-1.0,-1.0,0.008234408457026188,0.008234408457026188,462.87232423969385,-1.0,578.7793624418438,359.87425226940843,-1.0,430.00832946518943,371.69486394267227,3.7581286061159634e-162,-1.0,-1.0,0.04093734983541618
