target_id,prot_ps,prot_acf,prot_cs,e_prot_ps,E_prot_ps,e_prot_acf,E_prot_acf,e_prot_cs,E_prot_cs,sph_ps,sph_acf,sph_cs,e_sph_ps,e_sph_acf,e_sph_cs,h_ps,fa_prob_ps,hacf,gacf,hcs
1725330,12.174777513327182,24.807337937876582,25.44754704027578,1.0626344230051614,1.0626344230051614,-1.0,-1.0,1.1670249100990036,1.1670249100990036,1344.1297851570682,1708.1838458919465,1703.7767660592751,1263.0367791981869,864.8934633961021,1002.4546056048412,24.342106121163905,2.6813754802784628e-11,0.6647906330689164,0.31937638113268535,0.9381699254752993
