target_id,prot_ps,prot_acf,prot_cs,e_prot_ps,E_prot_ps,e_prot_acf,E_prot_acf,e_prot_cs,E_prot_cs,sph_ps,sph_acf,sph_cs,e_sph_ps,e_sph_acf,e_sph_cs,h_ps,fa_prob_ps,hacf,gacf,hcs
1865663,31.7538647415158,31.202410917263478,31.760110099073124,2.8140350855344836,2.8140350855344836,-1.0,-1.0,0.306814652579852,0.306814652579852,2718.6027699192737,2700.637637461497,2718.6568858632145,630.0950432143263,720.5820419606255,628.4151981438499,52.51740960491324,1.55588969625912e-23,0.9735688972411696,0.49727038854797173,0.9804751797824042
