target_id,prot_ps,prot_acf,prot_cs,e_prot_ps,E_prot_ps,e_prot_acf,E_prot_acf,e_prot_cs,E_prot_cs,sph_ps,sph_acf,sph_cs,e_sph_ps,e_sph_acf,e_sph_cs,h_ps,fa_prob_ps,hacf,gacf,hcs
2012690,8.943820028896791,8.888680238742381,8.945272118735698,0.2965540304432523,0.2965540304432523,-1.0,-1.0,0.21284775168613757,0.21284775168613757,3560.5000100901443,3582.4225881466755,3560.5000100901443,1274.1023620099006,1255.5356198962684,1274.1023620099006,139.01311074655425,4.2400706255841724e-61,1.0836808152027315,0.6085689031909729,0.9593756837714382
