target_id,prot_ps,prot_acf,prot_cs,e_prot_ps,E_prot_ps,e_prot_acf,E_prot_acf,e_prot_cs,E_prot_cs,sph_ps,sph_acf,sph_cs,e_sph_ps,e_sph_acf,e_sph_cs,h_ps,fa_prob_ps,hacf,gacf,hcs
2012265,16.601922142648213,34.51256757695228,0.5259641737306114,4.608216456209905,4.608216456209905,-1.0,-1.0,2.068091332795979,2.068091332795979,1673.0446852246941,1729.5700644126805,649.1890051381747,462.28465539957205,408.7751853859137,124.7181125840234,13.810615840329861,1.0049067163335335e-06,0.23969688426413405,0.02062342133781791,5.464925752584052
