target_id,prot_ps,prot_acf,prot_cs,e_prot_ps,E_prot_ps,e_prot_acf,E_prot_acf,e_prot_cs,E_prot_cs,sph_ps,sph_acf,sph_cs,e_sph_ps,e_sph_acf,e_sph_cs,h_ps,fa_prob_ps,hacf,gacf,hcs
2164105,4.700864793299108,-1.0,4.7158239159488184,1.737040457414069,1.737040457414069,-1.0,-1.0,0.19262097693821548,0.19262097693821548,648.292863822364,-1.0,647.1003276805152,189.1837369567432,-1.0,183.54082237263728,14.44890209346357,5.307885566193122e-07,-1.0,-1.0,0.5261379356929522
