target_id,prot_ps,prot_acf,prot_cs,e_prot_ps,E_prot_ps,e_prot_acf,E_prot_acf,e_prot_cs,E_prot_cs,sph_ps,sph_acf,sph_cs,e_sph_ps,e_sph_acf,e_sph_cs,h_ps,fa_prob_ps,hacf,gacf,hcs
2301274,47.1285221868461,-1.0,0.2859008176455389,1.712478927092757,1.712478927092757,-1.0,-1.0,0.008631600356368107,0.008631600356368107,1615.0133409686787,-1.0,974.9688133189653,243.43563966227083,-1.0,166.96543339505357,15.628203900943829,1.6321395313116666e-07,-1.0,-1.0,0.29336990987852046
