target_id,prot_ps,prot_acf,prot_cs,e_prot_ps,E_prot_ps,e_prot_acf,E_prot_acf,e_prot_cs,E_prot_cs,sph_ps,sph_acf,sph_cs,e_sph_ps,e_sph_acf,e_sph_cs,h_ps,fa_prob_ps,hacf,gacf,hcs
2301389,7.861447681888651,15.611393541097641,15.354745500683784,0.25548536244988573,0.25548536244988573,-1.0,-1.0,0.5170596255279563,0.5170596255279563,1586.6043492211463,1638.5238726828145,1638.5428292508523,522.4991165010225,438.8283590649823,452.5548285798843,44.21089139127336,6.301643476152345e-20,0.5664039594540324,0.2904902287231058,0.9358731261449734
