target_id,prot_ps,prot_acf,prot_cs,e_prot_ps,E_prot_ps,e_prot_acf,E_prot_acf,e_prot_cs,E_prot_cs,sph_ps,sph_acf,sph_cs,e_sph_ps,e_sph_acf,e_sph_cs,h_ps,fa_prob_ps,hacf,gacf,hcs
2306825,1.4973317714822043,-1.0,3.1663929966652757,0.7091246019419295,0.7091246019419295,-1.0,-1.0,0.009109882724847349,0.009109882724847349,454.9024189953589,-1.0,597.613417858681,169.30234344511078,-1.0,294.0634324369763,21.753405278354624,3.5695718248646757e-10,-1.0,-1.0,0.4266742294097562
