target_id,prot_ps,prot_acf,prot_cs,e_prot_ps,E_prot_ps,e_prot_acf,E_prot_acf,e_prot_cs,E_prot_cs,sph_ps,sph_acf,sph_cs,e_sph_ps,e_sph_acf,e_sph_cs,h_ps,fa_prob_ps,hacf,gacf,hcs
2301910,7.192671886829855,-1.0,7.1536870439361575,0.31433140235022583,0.31433140235022583,-1.0,-1.0,0.3643593813543245,0.3643593813543245,416.0595275577889,-1.0,416.64644709395844,42.49683154718835,-1.0,44.56893502959594,18.07336640676151,1.4152615247902922e-08,-1.0,-1.0,0.5938356520543598
