target_id,prot_ps,prot_acf,prot_cs,e_prot_ps,E_prot_ps,e_prot_acf,E_prot_acf,e_prot_cs,E_prot_cs,sph_ps,sph_acf,sph_cs,e_sph_ps,e_sph_acf,e_sph_cs,h_ps,fa_prob_ps,hacf,gacf,hcs
2310259,16.049661971853645,32.71454782085493,16.2215933373291,0.9931492557157795,0.9931492557157795,-1.0,-1.0,0.7731657560969651,0.7731657560969651,1695.3626627221804,1738.8649920342307,1687.4762928665405,654.474849342602,540.1584383943621,653.4009835359371,23.079166022074226,9.480812324746283e-11,0.49990616148769107,0.2512873440917328,0.5228323309651551
