target_id,prot_ps,prot_acf,prot_cs,e_prot_ps,E_prot_ps,e_prot_acf,E_prot_acf,e_prot_cs,E_prot_cs,sph_ps,sph_acf,sph_cs,e_sph_ps,e_sph_acf,e_sph_cs,h_ps,fa_prob_ps,hacf,gacf,hcs
2422417,1.4558344684152678,-1.0,3.1455064118710525,0.819730492903321,0.819730492903321,-1.0,-1.0,0.09879149918910665,0.09879149918910665,304.67702062647555,-1.0,368.7531181287815,55.50588930122314,-1.0,105.35316847647059,17.230181130446717,3.288723887867e-08,-1.0,-1.0,0.5066612146067189
