target_id,prot_ps,prot_acf,prot_cs,e_prot_ps,E_prot_ps,e_prot_acf,E_prot_acf,e_prot_cs,E_prot_cs,sph_ps,sph_acf,sph_cs,e_sph_ps,e_sph_acf,e_sph_cs,h_ps,fa_prob_ps,hacf,gacf,hcs
2447723,11.679552736826327,11.667690662201494,11.622375454593122,0.3940132962629552,0.3940132962629552,-1.0,-1.0,0.11515705067500441,0.11515705067500441,1592.3055090914534,1590.7844011080495,1594.1116543326343,397.7444257794809,400.749558584404,406.2174478816993,43.921825150758615,8.413829399078265e-20,0.3705882141357132,0.2597067178772322,0.9370683988284898
