target_id,prot_ps,prot_acf,prot_cs,e_prot_ps,E_prot_ps,e_prot_acf,E_prot_acf,e_prot_cs,E_prot_cs,sph_ps,sph_acf,sph_cs,e_sph_ps,e_sph_acf,e_sph_cs,h_ps,fa_prob_ps,hacf,gacf,hcs
2425504,3.8017671383669973,3.7802283302880824,3.7618154611482524,0.09792117630360123,0.09792117630360123,-1.0,-1.0,0.007916236787016608,0.007916236787016608,6863.200510759647,6830.890619212881,6849.698531751961,2516.2745797925268,2567.072568852932,2538.5440465083375,2996.189714695087,0.0,1.464688467101854,0.8536919840869072,0.7709744100826293
