target_id,prot_ps,prot_acf,prot_cs,e_prot_ps,E_prot_ps,e_prot_acf,E_prot_acf,e_prot_cs,E_prot_cs,sph_ps,sph_acf,sph_cs,e_sph_ps,e_sph_acf,e_sph_cs,h_ps,fa_prob_ps,hacf,gacf,hcs
2423787,0.14190019733366918,-1.0,1.173260470144451,0.2478335506875005,0.2478335506875005,-1.0,-1.0,0.10125977227409216,0.10125977227409216,832.7923518100547,-1.0,1064.44540199782,208.36004425692408,-1.0,403.3076555560139,10.925917556871765,1.7985987834277053e-05,-1.0,-1.0,0.4024516497170103
