target_id,prot_ps,prot_acf,prot_cs,e_prot_ps,E_prot_ps,e_prot_acf,E_prot_acf,e_prot_cs,E_prot_cs,sph_ps,sph_acf,sph_cs,e_sph_ps,e_sph_acf,e_sph_cs,h_ps,fa_prob_ps,hacf,gacf,hcs
2558295,0.10190213813420526,-1.0,0.6540506052273051,0.12098928683866471,0.12098928683866471,-1.0,-1.0,0.009978619033230765,0.009978619033230765,272.77250850428885,-1.0,291.53886697949963,48.097135371915186,-1.0,39.17058325807762,11.111760190025276,1.4935640968260153e-05,-1.0,-1.0,0.2759667438986201
