target_id,prot_ps,prot_acf,prot_cs,e_prot_ps,E_prot_ps,e_prot_acf,E_prot_acf,e_prot_cs,E_prot_cs,sph_ps,sph_acf,sph_cs,e_sph_ps,e_sph_acf,e_sph_cs,h_ps,fa_prob_ps,hacf,gacf,hcs
2572803,3.720079178986547,-1.0,3.7617706233933585,1.9930760967672547,1.9930760967672547,-1.0,-1.0,0.009777599769291923,0.009777599769291923,881.0146148595305,-1.0,862.416149853657,155.1945453583123,-1.0,123.38623279558934,17.616638409132637,2.2345555177993476e-08,-1.0,-1.0,0.3205789456877253
