target_id,prot_ps,prot_acf,prot_cs,e_prot_ps,E_prot_ps,e_prot_acf,E_prot_acf,e_prot_cs,E_prot_cs,sph_ps,sph_acf,sph_cs,e_sph_ps,e_sph_acf,e_sph_cs,h_ps,fa_prob_ps,hacf,gacf,hcs
2576197,0.5493324761723991,-1.0,2.196807201686679,7.389056097370895,7.389056097370895,-1.0,-1.0,0.027962243685202653,0.027962243685202653,560.1308333542129,-1.0,724.373235063748,109.5623371053596,-1.0,323.253837040558,1853.8052328446092,0.0,-1.0,-1.0,0.016847608326675256
