target_id,prot_ps,prot_acf,prot_cs,e_prot_ps,E_prot_ps,e_prot_acf,E_prot_acf,e_prot_cs,E_prot_cs,sph_ps,sph_acf,sph_cs,e_sph_ps,e_sph_acf,e_sph_cs,h_ps,fa_prob_ps,hacf,gacf,hcs
2580654,3.2944197460464855,-1.0,2.0398604598394763,7.389056098875196,7.389056098875196,-1.0,-1.0,0.009462341371833714,0.009462341371833714,341.38342303365897,-1.0,312.57205613323833,92.08733087776572,-1.0,76.90128163570893,18.368510681978616,1.053554896904479e-08,-1.0,-1.0,0.33241332748821495
