target_id,prot_ps,prot_acf,prot_cs,e_prot_ps,E_prot_ps,e_prot_acf,E_prot_acf,e_prot_cs,E_prot_cs,sph_ps,sph_acf,sph_cs,e_sph_ps,e_sph_acf,e_sph_cs,h_ps,fa_prob_ps,hacf,gacf,hcs
2692704,14.90787561165141,14.916623565368354,14.910120271130234,0.35777262744517163,0.35777262744517163,-1.0,-1.0,0.07220958800438473,0.07220958800438473,5657.92398437152,5659.0850711108815,5658.437846296385,1974.0935100077056,1975.8939815944411,1974.4782611170701,611.1548494647749,3.7915893002886933e-266,1.1004281342881084,0.5065826420169002,0.9470818735982268
