target_id,prot_ps,prot_acf,prot_cs,e_prot_ps,E_prot_ps,e_prot_acf,E_prot_acf,e_prot_cs,E_prot_cs,sph_ps,sph_acf,sph_cs,e_sph_ps,e_sph_acf,e_sph_cs,h_ps,fa_prob_ps,hacf,gacf,hcs
2696497,45.90516799515388,53.55695639923215,1.5341540042830777,7.389056098930649,7.389056098930649,-1.0,-1.0,0.007761183055084865,0.007761183055084865,1407.6015007373796,1403.32373486507,1004.0705893702592,145.99216880635012,75.96952443686249,122.83727611914135,15.269357051146038,2.3366974815070467e-07,0.1453922245836387,0.05250119907031427,0.6853378735446548
