target_id,prot_ps,prot_acf,prot_cs,e_prot_ps,E_prot_ps,e_prot_acf,E_prot_acf,e_prot_cs,E_prot_cs,sph_ps,sph_acf,sph_cs,e_sph_ps,e_sph_acf,e_sph_cs,h_ps,fa_prob_ps,hacf,gacf,hcs
2694407,1.3981670362409273,0.837783177383244,4.389779512127863,0.07762823920229414,0.07762823920229414,-1.0,-1.0,0.24033138150724756,0.24033138150724756,253.72703907334173,243.3932393306589,289.90192692621446,45.49663496209125,47.51817634640878,54.78629967039757,81.77601789940567,3.0558122973080146e-36,0.3191546821491458,0.432226799038939,0.23279783219926486
