target_id,prot_ps,prot_acf,prot_cs,e_prot_ps,E_prot_ps,e_prot_acf,E_prot_acf,e_prot_cs,E_prot_cs,sph_ps,sph_acf,sph_cs,e_sph_ps,e_sph_acf,e_sph_cs,h_ps,fa_prob_ps,hacf,gacf,hcs
2719007,3.1972682147956686,-1.0,3.135557723301463,1.1840536411195313,1.1840536411195313,-1.0,-1.0,0.0591707848374023,0.0591707848374023,569.0754749314327,-1.0,560.3190231030648,189.35968102004085,-1.0,173.518396218428,23.6471686172534,5.372360618455528e-11,-1.0,-1.0,0.5492376502256975
