target_id,prot_ps,prot_acf,prot_cs,e_prot_ps,E_prot_ps,e_prot_acf,E_prot_acf,e_prot_cs,E_prot_cs,sph_ps,sph_acf,sph_cs,e_sph_ps,e_sph_acf,e_sph_cs,h_ps,fa_prob_ps,hacf,gacf,hcs
2717854,3.698574708060588,3.759814027696848,3.6942216199310494,0.14119199059205942,0.14119199059205942,-1.0,-1.0,0.06996695326982677,0.06996695326982677,2200.4575810636916,2207.15294940756,2202.998808106098,904.3297648569446,882.4944482272824,901.3325542446293,508.616918853176,1.2896704214822436e-221,1.2024403322280182,0.7836377848049696,0.5589011280848257
