target_id,prot_ps,prot_acf,prot_cs,e_prot_ps,E_prot_ps,e_prot_acf,E_prot_acf,e_prot_cs,E_prot_cs,sph_ps,sph_acf,sph_cs,e_sph_ps,e_sph_acf,e_sph_cs,h_ps,fa_prob_ps,hacf,gacf,hcs
2720649,3.1690783725815863,-1.0,3.135559152415954,1.07388601466698,1.07388601466698,-1.0,-1.0,0.14073909771168963,0.14073909771168963,828.5098415976476,-1.0,820.9319268533025,224.46372147383502,-1.0,207.13535720731738,15.382172134142518,2.0874088598043848e-07,-1.0,-1.0,0.4629808211963081
