target_id,prot_ps,prot_acf,prot_cs,e_prot_ps,E_prot_ps,e_prot_acf,E_prot_acf,e_prot_cs,E_prot_cs,sph_ps,sph_acf,sph_cs,e_sph_ps,e_sph_acf,e_sph_cs,h_ps,fa_prob_ps,hacf,gacf,hcs
2713915,11.322734753937763,11.340738746803254,11.433508033128454,0.5189309561164005,0.5189309561164005,-1.0,-1.0,0.36011789187209364,0.36011789187209364,529.3551663370171,528.7685655147797,527.2022743430923,148.55849022302255,148.97882759595203,152.23775380901586,114.04252109922693,2.964574606464976e-50,0.6697393831844274,0.4620224789842909,0.9846923585205014
