target_id,prot_ps,prot_acf,prot_cs,e_prot_ps,E_prot_ps,e_prot_acf,E_prot_acf,e_prot_cs,E_prot_cs,sph_ps,sph_acf,sph_cs,e_sph_ps,e_sph_acf,e_sph_cs,h_ps,fa_prob_ps,hacf,gacf,hcs
2721966,1.5198894847002296,-1.0,7.41572040713993,0.7722921023995271,0.7722921023995271,-1.0,-1.0,0.33254967883093456,0.33254967883093456,817.0399846162874,-1.0,1378.3477217276359,198.99541612117685,-1.0,512.1134252969027,19.577657424803128,3.1443538380496243e-09,-1.0,-1.0,0.3683824947453246
