target_id,prot_ps,prot_acf,prot_cs,e_prot_ps,E_prot_ps,e_prot_acf,E_prot_acf,e_prot_cs,E_prot_cs,sph_ps,sph_acf,sph_cs,e_sph_ps,e_sph_acf,e_sph_cs,h_ps,fa_prob_ps,hacf,gacf,hcs
2858741,18.493277870118987,18.12471436196938,18.387387816069175,0.5887468536904965,0.5887468536904965,-1.0,-1.0,0.20031536416820556,0.20031536416820556,4597.02480639526,4622.631691084653,4588.412294096769,1013.8170997382854,953.240400793429,1024.841817474823,100.21998827393352,2.985465908171786e-44,0.7296443649322725,0.4285078442094303,0.9840526684300482
