target_id,prot_ps,prot_acf,prot_cs,e_prot_ps,E_prot_ps,e_prot_acf,E_prot_acf,e_prot_cs,E_prot_cs,sph_ps,sph_acf,sph_cs,e_sph_ps,e_sph_acf,e_sph_cs,h_ps,fa_prob_ps,hacf,gacf,hcs
2835890,3.001057598084784,-1.0,2.9931872571480027,2.7593835314648163,2.7593835314648163,-1.0,-1.0,0.15544300270008832,0.15544300270008832,974.8599332825762,-1.0,967.0297240190243,641.6439507721931,-1.0,585.3515731162992,19.84315972840501,2.4111555370411912e-09,-1.0,-1.0,0.4571729424112701
