target_id,prot_ps,prot_acf,prot_cs,e_prot_ps,E_prot_ps,e_prot_acf,E_prot_acf,e_prot_cs,E_prot_cs,sph_ps,sph_acf,sph_cs,e_sph_ps,e_sph_acf,e_sph_cs,h_ps,fa_prob_ps,hacf,gacf,hcs
2848223,4.790007707707625,4.740636482834816,4.694701155533202,0.22842345478391174,0.22842345478391174,-1.0,-1.0,0.08516886649105579,0.08516886649105579,3948.6641004194676,3988.9705373804677,3980.5820543160457,1850.0988499928296,1810.3871954038257,1879.3404324337635,472.340668396385,7.329158890372418e-206,1.446893285927614,0.8136136090859217,0.8992221364145567
