target_id,prot_ps,prot_acf,prot_cs,e_prot_ps,E_prot_ps,e_prot_acf,E_prot_acf,e_prot_cs,E_prot_cs,sph_ps,sph_acf,sph_cs,e_sph_ps,e_sph_acf,e_sph_cs,h_ps,fa_prob_ps,hacf,gacf,hcs
2972706,2.6637668239112853,2.6972529720515013,2.634664686739593,0.09674380282722589,0.09674380282722589,-1.0,-1.0,0.00872993447539241,0.00872993447539241,3817.5704125154457,3830.5806198105647,3810.9240474708877,1360.4547060830973,1375.0374862882995,1370.0251928885918,1573.6358572598942,0.0,1.4557855987790287,0.8788171938854525,0.8481455434761488
