target_id,prot_ps,prot_acf,prot_cs,e_prot_ps,E_prot_ps,e_prot_acf,E_prot_acf,e_prot_cs,E_prot_cs,sph_ps,sph_acf,sph_cs,e_sph_ps,e_sph_acf,e_sph_cs,h_ps,fa_prob_ps,hacf,gacf,hcs
2982925,45.90501786310321,53.61822721362114,3.13556286811363,7.389056098930649,7.389056098930649,-1.0,-1.0,1.0125943372667852,1.0125943372667852,1544.8201059925377,1515.954083174509,1162.9578595253906,242.64886316538232,141.7259583647879,369.5611766844901,15.294616265675755,2.2784135406786248e-07,0.11788331949741378,0.1452632214575607,0.6421378895485264
