target_id,prot_ps,prot_acf,prot_cs,e_prot_ps,E_prot_ps,e_prot_acf,E_prot_acf,e_prot_cs,E_prot_cs,sph_ps,sph_acf,sph_cs,e_sph_ps,e_sph_acf,e_sph_cs,h_ps,fa_prob_ps,hacf,gacf,hcs
2994572,3.138853906784343,-1.0,3.1628066237666843,1.7909259732978389,1.7909259732978389,-1.0,-1.0,0.008440751919324165,0.008440751919324165,636.1543079590036,-1.0,637.7994150916469,283.60669016933684,-1.0,313.3100698586979,30.486351660336307,5.753679951000129e-14,-1.0,-1.0,0.8518793765516908
