target_id,prot_ps,prot_acf,prot_cs,e_prot_ps,E_prot_ps,e_prot_acf,E_prot_acf,e_prot_cs,E_prot_cs,sph_ps,sph_acf,sph_cs,e_sph_ps,e_sph_acf,e_sph_cs,h_ps,fa_prob_ps,hacf,gacf,hcs
2996170,10.970799637095912,7.254000096581876,11.038784543795785,0.40667944701253883,0.40667944701253883,-1.0,-1.0,0.12635833034487054,0.12635833034487054,1079.842502712251,1052.0447675232192,1076.9285016513793,205.61844968730776,179.52205083174087,203.18270991829462,102.56010702479595,2.875487312644608e-45,9.011399673561349e-06,0.15652992605871516,2.1943552134472513
