target_id,prot_ps,prot_acf,prot_cs,e_prot_ps,E_prot_ps,e_prot_acf,E_prot_acf,e_prot_cs,E_prot_cs,sph_ps,sph_acf,sph_cs,e_sph_ps,e_sph_acf,e_sph_cs,h_ps,fa_prob_ps,hacf,gacf,hcs
2995913,2.945573983114699,-1.0,1.5024288787669706,1.0705993229865423,1.0705993229865423,-1.0,-1.0,0.03439823186825709,0.03439823186825709,481.6710878697006,-1.0,390.5173994310824,183.71025604848174,-1.0,134.56580485689886,26.904213861319466,2.0684659686762023e-12,-1.0,-1.0,0.30007245786817305
