target_id,prot_ps,prot_acf,prot_cs,e_prot_ps,E_prot_ps,e_prot_acf,E_prot_acf,e_prot_cs,E_prot_cs,sph_ps,sph_acf,sph_cs,e_sph_ps,e_sph_acf,e_sph_cs,h_ps,fa_prob_ps,hacf,gacf,hcs
3096453,7.802725891454322,7.397040089592338,7.8498462053106435,0.25115840157733854,0.25115840157733854,-1.0,-1.0,0.1650443671095957,0.1650443671095957,253.32802065312296,246.21099194102536,255.16919601117178,145.18813472703553,138.0134832748549,146.00788243964703,166.1246670350814,7.128100244017333e-73,0.2848231531879466,0.3411590775897146,0.9590712656783246
