target_id,prot_ps,prot_acf,prot_cs,e_prot_ps,E_prot_ps,e_prot_acf,E_prot_acf,e_prot_cs,E_prot_cs,sph_ps,sph_acf,sph_cs,e_sph_ps,e_sph_acf,e_sph_cs,h_ps,fa_prob_ps,hacf,gacf,hcs
3122597,26.274926999953983,54.47640482150018,3.013162286188447,7.389056098930649,7.389056098930649,-1.0,-1.0,0.2100210526261194,0.2100210526261194,639.969120032736,673.0191154792225,446.7378029724588,152.18232162872636,62.766936521514914,204.31432541494073,14.845101430524323,3.571530517958966e-07,0.3001022714555529,0.14108731491496934,6.852368440063999
