target_id,prot_ps,prot_acf,prot_cs,e_prot_ps,E_prot_ps,e_prot_acf,E_prot_acf,e_prot_cs,E_prot_cs,sph_ps,sph_acf,sph_cs,e_sph_ps,e_sph_acf,e_sph_cs,h_ps,fa_prob_ps,hacf,gacf,hcs
3130537,2.9727294284367063,-1.0,1.5272260276321319,7.38905609891732,7.38905609891732,-1.0,-1.0,0.8471880255132406,0.8471880255132406,1066.3634568561317,-1.0,726.9385648304828,870.9247722396334,-1.0,565.4802869856428,20.927369009380065,8.153782422898701e-10,-1.0,-1.0,0.19623347594033952
