target_id,prot_ps,prot_acf,prot_cs,e_prot_ps,E_prot_ps,e_prot_acf,E_prot_acf,e_prot_cs,E_prot_cs,sph_ps,sph_acf,sph_cs,e_sph_ps,e_sph_acf,e_sph_cs,h_ps,fa_prob_ps,hacf,gacf,hcs
3113666,52.70632984839171,59.257611678913236,28.456506101250753,7.389056098930649,7.389056098930649,-1.0,-1.0,0.27243094910551396,0.27243094910551396,1440.3058020088204,1436.2877942602365,1363.0449252332724,312.22129947538014,235.16939910438415,437.89805019594127,27.66558153233253,9.66029973866222e-13,0.23264732834110954,0.10472525528042284,0.7554783499578395
