target_id,prot_ps,prot_acf,prot_cs,e_prot_ps,E_prot_ps,e_prot_acf,E_prot_acf,e_prot_cs,E_prot_cs,sph_ps,sph_acf,sph_cs,e_sph_ps,e_sph_acf,e_sph_cs,h_ps,fa_prob_ps,hacf,gacf,hcs
3130345,0.15877474640194628,17.348313845694065,8.641770163700924,0.12296929707215362,0.12296929707215362,-1.0,-1.0,0.030693151547486978,0.030693151547486978,454.5487053325722,3457.6651281877744,3245.076953171441,359.3777632212404,1327.9415215148913,1586.7504980692868,341.86540319688606,3.386427934536152e-149,0.6557930417871003,0.39749055534521793,0.09344395069145277
