target_id,prot_ps,prot_acf,prot_cs,e_prot_ps,E_prot_ps,e_prot_acf,E_prot_acf,e_prot_cs,E_prot_cs,sph_ps,sph_acf,sph_cs,e_sph_ps,e_sph_acf,e_sph_cs,h_ps,fa_prob_ps,hacf,gacf,hcs
3116383,7.305604981903071,7.192688196897507,7.2439772808640965,0.19083983462849358,0.19083983462849358,-1.0,-1.0,0.027410545151098135,0.027410545151098135,816.1120590152125,823.8971882203442,818.3763933206011,133.1904906003092,135.3412754115621,141.36948092939548,544.6770445154995,2.8168592526609203e-237,0.5619237522077586,0.5061285128717193,0.9922667285054049
