target_id,prot_ps,prot_acf,prot_cs,e_prot_ps,E_prot_ps,e_prot_acf,E_prot_acf,e_prot_cs,E_prot_cs,sph_ps,sph_acf,sph_cs,e_sph_ps,e_sph_acf,e_sph_cs,h_ps,fa_prob_ps,hacf,gacf,hcs
3112129,1.0801338469005275,-1.0,1.285837116900238,0.025754544820781027,0.025754544820781027,-1.0,-1.0,0.0073083537760647846,0.0073083537760647846,389.8025872447338,-1.0,399.5428282562424,107.15537824678101,-1.0,107.16854701237884,596.0982123216024,1.3117036176951496e-259,-1.0,-1.0,0.0950466802852426
