target_id,prot_ps,prot_acf,prot_cs,e_prot_ps,E_prot_ps,e_prot_acf,E_prot_acf,e_prot_cs,E_prot_cs,sph_ps,sph_acf,sph_cs,e_sph_ps,e_sph_acf,e_sph_cs,h_ps,fa_prob_ps,hacf,gacf,hcs
3229487,3.1866726731307624,-1.0,3.1650775369970634,1.2444947851842516,1.2444947851842516,-1.0,-1.0,0.010613162308475189,0.010613162308475189,750.4289038338584,-1.0,740.0067746295249,234.719860319393,-1.0,197.88282697094888,18.003509061408668,1.517663046822239e-08,-1.0,-1.0,0.5149956290093136
