target_id,prot_ps,prot_acf,prot_cs,e_prot_ps,E_prot_ps,e_prot_acf,E_prot_acf,e_prot_cs,E_prot_cs,sph_ps,sph_acf,sph_cs,e_sph_ps,e_sph_acf,e_sph_cs,h_ps,fa_prob_ps,hacf,gacf,hcs
3223536,0.20888899606330535,-1.0,2.0844453652994703,0.20398954574771344,0.20398954574771344,-1.0,-1.0,0.13998659430619198,0.13998659430619198,404.8554537492285,-1.0,494.51491946378144,69.93433739786194,-1.0,99.87098910560006,12.582675241680498,3.4309435687740874e-06,-1.0,-1.0,0.7672764862533417
