target_id,prot_ps,prot_acf,prot_cs,e_prot_ps,E_prot_ps,e_prot_acf,E_prot_acf,e_prot_cs,E_prot_cs,sph_ps,sph_acf,sph_cs,e_sph_ps,e_sph_acf,e_sph_cs,h_ps,fa_prob_ps,hacf,gacf,hcs
3216556,8.597265884898505,-1.0,3.1608818594320827,5.165195596343256,5.165195596343256,-1.0,-1.0,0.07635344946854843,0.07635344946854843,995.2588046326673,-1.0,791.7066246871748,293.17574198308887,-1.0,134.7373668398871,15.545650203135953,1.7725965478652277e-07,-1.0,-1.0,0.30189136966494584
