target_id,prot_ps,prot_acf,prot_cs,e_prot_ps,E_prot_ps,e_prot_acf,E_prot_acf,e_prot_cs,E_prot_cs,sph_ps,sph_acf,sph_cs,e_sph_ps,e_sph_acf,e_sph_cs,h_ps,fa_prob_ps,hacf,gacf,hcs
3247339,0.9599072059585547,-1.0,0.9574339091457549,0.023675765874618605,0.023675765874618605,-1.0,-1.0,0.0074458572375738115,0.0074458572375738115,217.74751311731256,-1.0,217.74751311731256,109.34016136623693,-1.0,109.34016136623693,180.5225152331662,3.981693030379323e-79,-1.0,-1.0,0.42278476189148
