target_id,prot_ps,prot_acf,prot_cs,e_prot_ps,E_prot_ps,e_prot_acf,E_prot_acf,e_prot_cs,E_prot_cs,sph_ps,sph_acf,sph_cs,e_sph_ps,e_sph_acf,e_sph_cs,h_ps,fa_prob_ps,hacf,gacf,hcs
3220719,12.470017454956173,-1.0,1.4034021672233936,6.29369554623586,6.29369554623586,-1.0,-1.0,0.04533595453888662,0.04533595453888662,168.22030636309583,-1.0,88.23969611290872,68.16337333542424,-1.0,26.103005769009247,19.365965650797275,3.885688492049602e-09,-1.0,-1.0,0.27876088165803753
