target_id,prot_ps,prot_acf,prot_cs,e_prot_ps,E_prot_ps,e_prot_acf,E_prot_acf,e_prot_cs,E_prot_cs,sph_ps,sph_acf,sph_cs,e_sph_ps,e_sph_acf,e_sph_cs,h_ps,fa_prob_ps,hacf,gacf,hcs
3241662,0.43011699651675644,-1.0,3.1653231211906343,0.4504596507862492,0.4504596507862492,-1.0,-1.0,0.008869726883198146,0.008869726883198146,553.4317820317507,-1.0,714.1846729598825,93.38743746853687,-1.0,179.40182955676187,47.77015553499059,1.7934325654779674e-21,-1.0,-1.0,0.1697111029762749
