target_id,prot_ps,prot_acf,prot_cs,e_prot_ps,E_prot_ps,e_prot_acf,E_prot_acf,e_prot_cs,E_prot_cs,sph_ps,sph_acf,sph_cs,e_sph_ps,e_sph_acf,e_sph_cs,h_ps,fa_prob_ps,hacf,gacf,hcs
3235322,47.12798618826254,-1.0,3.1355549365282065,7.3890560989306175,7.3890560989306175,-1.0,-1.0,0.25542605602700963,0.25542605602700963,1274.3775236812833,-1.0,685.367514433139,322.8297832023232,-1.0,281.8509777067402,20.041623775823556,1.97712162272015e-09,-1.0,-1.0,0.3399465082308961
