target_id,prot_ps,prot_acf,prot_cs,e_prot_ps,E_prot_ps,e_prot_acf,E_prot_acf,e_prot_cs,E_prot_cs,sph_ps,sph_acf,sph_cs,e_sph_ps,e_sph_acf,e_sph_cs,h_ps,fa_prob_ps,hacf,gacf,hcs
3217161,5.509365457419732,11.238542012870312,11.250086137195833,0.14777032493564948,0.14777032493564948,-1.0,-1.0,0.15318980963190398,0.15318980963190398,2026.1427636542169,2144.3933702259374,2142.892507251091,672.7748097948999,522.5328973118461,520.7184493388233,144.98348626099232,1.0826097891860736e-63,0.7666907309698874,0.4482109070235329,0.4839212574086162
