target_id,prot_ps,prot_acf,prot_cs,e_prot_ps,E_prot_ps,e_prot_acf,E_prot_acf,e_prot_cs,E_prot_cs,sph_ps,sph_acf,sph_cs,e_sph_ps,e_sph_acf,e_sph_cs,h_ps,fa_prob_ps,hacf,gacf,hcs
3233725,10.512747444530184,20.617607238236815,20.758528026403297,0.49792344694298674,0.49792344694298674,-1.0,-1.0,0.33120580220915036,0.33120580220915036,3310.072070915495,3353.5134103925348,3371.30786822931,966.5102890021026,814.5395333629267,819.5958103863892,50.76063279678558,9.014409405427541e-23,0.7245170525906561,0.4492150691705968,0.9902270300955806
