target_id,prot_ps,prot_acf,prot_cs,e_prot_ps,E_prot_ps,e_prot_acf,E_prot_acf,e_prot_cs,E_prot_cs,sph_ps,sph_acf,sph_cs,e_sph_ps,e_sph_acf,e_sph_cs,h_ps,fa_prob_ps,hacf,gacf,hcs
3335194,12.815688761564093,12.70976962056011,12.812016308194606,0.3488208580013136,0.3488208580013136,-1.0,-1.0,0.055767953702345024,0.055767953702345024,7852.336069508009,7917.850942275448,7852.336069508009,2797.7767404063197,2717.0176116239645,2797.7767404063197,557.4911267487078,7.667961841534751e-243,1.148417808285508,0.5376164857531821,0.9694350854151601
