target_id,prot_ps,prot_acf,prot_cs,e_prot_ps,E_prot_ps,e_prot_acf,E_prot_acf,e_prot_cs,E_prot_cs,sph_ps,sph_acf,sph_cs,e_sph_ps,e_sph_acf,e_sph_cs,h_ps,fa_prob_ps,hacf,gacf,hcs
3340694,0.419703576097036,-1.0,3.1355525784892966,0.49013779100989513,0.49013779100989513,-1.0,-1.0,0.0929008440435584,0.0929008440435584,708.0177516925204,-1.0,981.289935901581,90.90316124805062,-1.0,272.2147384765536,11.589394950192707,9.263811821731998e-06,-1.0,-1.0,0.4569537147276076
