target_id,prot_ps,prot_acf,prot_cs,e_prot_ps,E_prot_ps,e_prot_acf,E_prot_acf,e_prot_cs,E_prot_cs,sph_ps,sph_acf,sph_cs,e_sph_ps,e_sph_acf,e_sph_cs,h_ps,fa_prob_ps,hacf,gacf,hcs
3338822,8.579920979086566,8.602595812641084,8.561940922189581,0.3281119579351988,0.3281119579351988,-1.0,-1.0,0.16411576924357724,0.16411576924357724,3647.876248213904,3639.4333632919866,3653.392353067762,1192.4483042886773,1204.7448006597099,1195.2209066813357,142.92780468253468,8.457521604013318e-63,1.0092185962432094,0.6028888666242455,0.950102076681444
