target_id,prot_ps,prot_acf,prot_cs,e_prot_ps,E_prot_ps,e_prot_acf,E_prot_acf,e_prot_cs,E_prot_cs,sph_ps,sph_acf,sph_cs,e_sph_ps,e_sph_acf,e_sph_cs,h_ps,fa_prob_ps,hacf,gacf,hcs
3355257,0.22017532975867993,-1.0,3.398536498770118,0.23323130102545878,0.23323130102545878,-1.0,-1.0,0.2715310420565805,0.2715310420565805,142.0215118496597,-1.0,192.27679954688955,72.63428428572733,-1.0,111.08793749120062,18.910221931000894,6.1290753960012806e-09,-1.0,-1.0,0.1956865948881511
