target_id,prot_ps,prot_acf,prot_cs,e_prot_ps,E_prot_ps,e_prot_acf,E_prot_acf,e_prot_cs,E_prot_cs,sph_ps,sph_acf,sph_cs,e_sph_ps,e_sph_acf,e_sph_cs,h_ps,fa_prob_ps,hacf,gacf,hcs
3343074,6.11146327962095,6.0892562521621585,6.123218866980456,0.18116787054883837,0.18116787054883837,-1.0,-1.0,0.10623347141286553,0.10623347141286553,3599.7553318257246,3588.853501641434,3610.1567526031686,1350.9580854800756,1358.7837513424176,1327.721688350679,446.37964247710846,1.379699281872615e-194,1.0785223306797762,0.761147064851977,0.7843419294509738
