target_id,prot_ps,prot_acf,prot_cs,e_prot_ps,E_prot_ps,e_prot_acf,E_prot_acf,e_prot_cs,E_prot_cs,sph_ps,sph_acf,sph_cs,e_sph_ps,e_sph_acf,e_sph_cs,h_ps,fa_prob_ps,hacf,gacf,hcs
3330620,7.8915833847862435,7.866983532439917,7.838450618993174,0.20670057411756818,0.20670057411756818,-1.0,-1.0,0.05455483266081018,0.05455483266081018,5717.013480557629,5714.905095192265,5753.833013898402,2085.418343191595,2125.534906586744,2098.8566392426105,547.6517294221871,1.4383875228841913e-238,1.271578556162071,0.7327165050803852,0.8585491391636304
