target_id,prot_ps,prot_acf,prot_cs,e_prot_ps,E_prot_ps,e_prot_acf,E_prot_acf,e_prot_cs,E_prot_cs,sph_ps,sph_acf,sph_cs,e_sph_ps,e_sph_acf,e_sph_cs,h_ps,fa_prob_ps,hacf,gacf,hcs
3426852,12.778629887964064,-1.0,4.8550796907395135,3.5371112475387636,3.5371112475387636,-1.0,-1.0,0.9333506573736332,0.9333506573736332,2026.708471587496,-1.0,1484.676691777949,668.8995927141013,-1.0,574.3212701239484,24.40977204231273,2.505940167828899e-11,-1.0,-1.0,0.2863601915798919
