target_id,prot_ps,prot_acf,prot_cs,e_prot_ps,E_prot_ps,e_prot_acf,E_prot_acf,e_prot_cs,E_prot_cs,sph_ps,sph_acf,sph_cs,e_sph_ps,e_sph_acf,e_sph_cs,h_ps,fa_prob_ps,hacf,gacf,hcs
3430394,16.988226228381116,16.489994540344924,16.810599266909996,0.7146018650866722,0.7146018650866722,-1.0,-1.0,0.4427374688395835,0.4427374688395835,5257.649554909427,5269.930275434222,5238.638030678924,2124.9722203425904,2103.188861578613,2156.80076458022,125.45716785329455,3.270726924839129e-55,1.0132296358176298,0.5638977431652991,0.9390358625747891
