target_id,prot_ps,prot_acf,prot_cs,e_prot_ps,E_prot_ps,e_prot_acf,E_prot_acf,e_prot_cs,E_prot_cs,sph_ps,sph_acf,sph_cs,e_sph_ps,e_sph_acf,e_sph_cs,h_ps,fa_prob_ps,hacf,gacf,hcs
3448631,0.34901789540399364,50.12383226817474,3.176007847306319,0.25722010225733405,0.25722010225733405,-1.0,-1.0,0.25946929044412903,0.25946929044412903,303.06190926694205,1081.1119249000326,509.03022681044496,68.52575439833707,0.0,201.39542669148338,11.373727672221756,1.1493514108971626e-05,0.5602474020299776,0.26474240307280966,1.6033041166974389
