target_id,prot_ps,prot_acf,prot_cs,e_prot_ps,E_prot_ps,e_prot_acf,E_prot_acf,e_prot_cs,E_prot_cs,sph_ps,sph_acf,sph_cs,e_sph_ps,e_sph_acf,e_sph_cs,h_ps,fa_prob_ps,hacf,gacf,hcs
3443439,10.43562165774202,-1.0,1.0758133832688017,2.92415080956642,2.92415080956642,-1.0,-1.0,0.04923985521963473,0.04923985521963473,1502.1504971375914,-1.0,911.7019992232083,432.83018374793227,-1.0,241.86716475009223,22.237974213344955,2.1987229544988446e-10,-1.0,-1.0,0.22696564399216873
