target_id,prot_ps,prot_acf,prot_cs,e_prot_ps,E_prot_ps,e_prot_acf,E_prot_acf,e_prot_cs,E_prot_cs,sph_ps,sph_acf,sph_cs,e_sph_ps,e_sph_acf,e_sph_cs,h_ps,fa_prob_ps,hacf,gacf,hcs
3446721,26.501943597849444,-1.0,26.787125908296467,2.2540098563712054,2.2540098563712054,-1.0,-1.0,1.5127796661008261,1.5127796661008261,911.5323501949933,-1.0,894.3655815185778,560.5066981554958,-1.0,590.5380200723766,18.957293328070403,5.84725610235199e-09,-1.0,-1.0,0.2033192674450768
