target_id,prot_ps,prot_acf,prot_cs,e_prot_ps,E_prot_ps,e_prot_acf,E_prot_acf,e_prot_cs,E_prot_cs,sph_ps,sph_acf,sph_cs,e_sph_ps,e_sph_acf,e_sph_cs,h_ps,fa_prob_ps,hacf,gacf,hcs
3428161,19.626051156264403,39.78458560165018,2.228917615525424,6.778600158811333,6.778600158811333,-1.0,-1.0,0.04857185683486965,0.04857185683486965,432.22657554639625,445.8291180061239,242.6584051439218,110.78026730937954,96.8164966155119,112.32215993670792,17.179051959593316,3.46124650017965e-08,0.24689859676825093,0.08123846674358728,3.334595190617875
