target_id,prot_ps,prot_acf,prot_cs,e_prot_ps,E_prot_ps,e_prot_acf,E_prot_acf,e_prot_cs,E_prot_cs,sph_ps,sph_acf,sph_cs,e_sph_ps,e_sph_acf,e_sph_cs,h_ps,fa_prob_ps,hacf,gacf,hcs
3556875,0.15257482491067706,-1.0,2.994300178994252,7.389056098930649,7.389056098930649,-1.0,-1.0,0.1730423304712402,0.1730423304712402,621.2794352203679,-1.0,793.8266543260612,325.5715974502763,-1.0,427.42140936624656,15.716516890327796,1.4941817918957702e-07,-1.0,-1.0,0.2738503495669977
