target_id,prot_ps,prot_acf,prot_cs,e_prot_ps,E_prot_ps,e_prot_acf,E_prot_acf,e_prot_cs,E_prot_cs,sph_ps,sph_acf,sph_cs,e_sph_ps,e_sph_acf,e_sph_cs,h_ps,fa_prob_ps,hacf,gacf,hcs
3539038,0.26037939709918523,-1.0,28.93455186367966,0.23176761057313292,0.23176761057313292,-1.0,-1.0,2.8909676279923677,2.8909676279923677,641.3849034695904,-1.0,949.8502900902067,82.41943059455483,-1.0,275.5629675615881,11.989535463657877,6.208846279006817e-06,-1.0,-1.0,0.22350143379701914
