target_id,prot_ps,prot_acf,prot_cs,e_prot_ps,E_prot_ps,e_prot_acf,E_prot_acf,e_prot_cs,E_prot_cs,sph_ps,sph_acf,sph_cs,e_sph_ps,e_sph_acf,e_sph_cs,h_ps,fa_prob_ps,hacf,gacf,hcs
3556864,6.443223890037313,6.416190190240741,6.4341896960265,0.20211652499191982,0.20211652499191982,-1.0,-1.0,0.09680556976181895,0.09680556976181895,5253.126695772124,5227.414436061547,5247.75502500546,2895.622588503921,2839.9982431492163,2890.168490646746,457.73224750369974,1.6196110083605985e-199,1.1301298771889576,0.7695861355292011,0.8455224862669243
