target_id,prot_ps,prot_acf,prot_cs,e_prot_ps,E_prot_ps,e_prot_acf,E_prot_acf,e_prot_cs,E_prot_cs,sph_ps,sph_acf,sph_cs,e_sph_ps,e_sph_acf,e_sph_cs,h_ps,fa_prob_ps,hacf,gacf,hcs
3525933,16.79295446113909,32.44872845336795,16.79705342002579,0.6414052332272305,0.6414052332272305,-1.0,-1.0,0.35997655332252243,0.35997655332252243,1415.6909966065,1434.842047937046,1415.3741420568194,359.85876970014243,283.16053817138044,360.29965087040466,31.055897126195863,3.255331701596015e-14,0.8069115604762203,0.41505107291441096,0.5940003213959373
