target_id,prot_ps,prot_acf,prot_cs,e_prot_ps,E_prot_ps,e_prot_acf,E_prot_acf,e_prot_cs,E_prot_cs,sph_ps,sph_acf,sph_cs,e_sph_ps,e_sph_acf,e_sph_cs,h_ps,fa_prob_ps,hacf,gacf,hcs
3543363,47.12865517469382,-1.0,2.8480517918430266,7.389056098930649,7.389056098930649,-1.0,-1.0,0.4361386439498876,0.4361386439498876,1142.4726974953328,-1.0,659.104850861483,349.895245447394,-1.0,228.85110827182305,15.296459451065779,2.2742178700152871e-07,-1.0,-1.0,0.33946413301675404
