target_id,prot_ps,prot_acf,prot_cs,e_prot_ps,E_prot_ps,e_prot_acf,E_prot_acf,e_prot_cs,E_prot_cs,sph_ps,sph_acf,sph_cs,e_sph_ps,e_sph_acf,e_sph_cs,h_ps,fa_prob_ps,hacf,gacf,hcs
3525551,3.1434808325918038,-1.0,3.1636371464315807,1.151896090441898,1.151896090441898,-1.0,-1.0,0.011426313472649266,0.011426313472649266,632.4311191671009,-1.0,633.3651121743546,163.99649243810583,-1.0,160.37544417093437,17.85209501974327,1.7657680017403234e-08,-1.0,-1.0,0.5077033347464167
