target_id,prot_ps,prot_acf,prot_cs,e_prot_ps,E_prot_ps,e_prot_acf,E_prot_acf,e_prot_cs,E_prot_cs,sph_ps,sph_acf,sph_cs,e_sph_ps,e_sph_acf,e_sph_cs,h_ps,fa_prob_ps,hacf,gacf,hcs
3525674,12.702788452842718,52.59643774945289,3.1662825262638017,0.3780750638019003,0.3780750638019003,-1.0,-1.0,0.012586119722040164,0.012586119722040164,612.6498183155222,622.6076400994284,427.82673014218346,174.3290539710451,115.82643449809997,119.93087230522701,53.611018194956294,5.212314697750574e-24,0.23026880527661803,0.02376131239304295,4.170136987202207
