target_id,prot_ps,prot_acf,prot_cs,e_prot_ps,E_prot_ps,e_prot_acf,E_prot_acf,e_prot_cs,E_prot_cs,sph_ps,sph_acf,sph_cs,e_sph_ps,e_sph_acf,e_sph_cs,h_ps,fa_prob_ps,hacf,gacf,hcs
3554195,1.7469223894362715,-1.0,5.262709315144456,0.45054361570939383,0.45054361570939383,-1.0,-1.0,0.12761681486877813,0.12761681486877813,283.1464885678455,-1.0,340.9509945484325,145.8111692073098,-1.0,179.98111960673003,54.85498111583697,1.5023959233156433e-24,-1.0,-1.0,0.2891144702909278
