target_id,prot_ps,prot_acf,prot_cs,e_prot_ps,E_prot_ps,e_prot_acf,E_prot_acf,e_prot_cs,E_prot_cs,sph_ps,sph_acf,sph_cs,e_sph_ps,e_sph_acf,e_sph_cs,h_ps,fa_prob_ps,hacf,gacf,hcs
3543358,9.244277528291311,-1.0,9.222956792771427,0.29398322010742983,0.29398322010742983,-1.0,-1.0,0.04772375811353874,0.04772375811353874,524.8224985119385,-1.0,514.3910356381425,344.39888843913786,-1.0,321.59436879733187,32.635619737925474,6.707032863492582e-15,-1.0,-1.0,0.5133928406609286
