target_id,prot_ps,prot_acf,prot_cs,e_prot_ps,E_prot_ps,e_prot_acf,E_prot_acf,e_prot_cs,E_prot_cs,sph_ps,sph_acf,sph_cs,e_sph_ps,e_sph_acf,e_sph_cs,h_ps,fa_prob_ps,hacf,gacf,hcs
3526459,6.627150023500747,6.51836565695703,6.63060737826999,0.14481143080816497,0.14481143080816497,-1.0,-1.0,0.009509109834933683,0.009509109834933683,326.7723637114877,328.55513472441595,327.0101503187279,55.4155548716106,63.153451709796435,55.637977419027536,1377.699439319603,0.0,0.3498753147688496,0.4830182776091231,0.6692714035442165
