target_id,prot_ps,prot_acf,prot_cs,e_prot_ps,E_prot_ps,e_prot_acf,E_prot_acf,e_prot_cs,E_prot_cs,sph_ps,sph_acf,sph_cs,e_sph_ps,e_sph_acf,e_sph_cs,h_ps,fa_prob_ps,hacf,gacf,hcs
3539634,3.0292103883821198,-1.0,3.0544380642473694,0.9395165411355448,0.9395165411355448,-1.0,-1.0,0.1761095669624696,0.1761095669624696,227.06765584492715,-1.0,223.35510684435351,27.872509793239775,-1.0,23.68290542942677,21.275808142073085,5.75484890844965e-10,-1.0,-1.0,0.18953487411042952
