target_id,prot_ps,prot_acf,prot_cs,e_prot_ps,E_prot_ps,e_prot_acf,E_prot_acf,e_prot_cs,E_prot_cs,sph_ps,sph_acf,sph_cs,e_sph_ps,e_sph_acf,e_sph_cs,h_ps,fa_prob_ps,hacf,gacf,hcs
3553517,0.15776394280773695,-1.0,5.90699033562094,7.389056098930649,7.389056098930649,-1.0,-1.0,1.4984337172363063,1.4984337172363063,355.93691235747065,-1.0,649.0800322629001,192.31790500795967,-1.0,476.60351046746365,16.578220634473748,6.312047503880754e-08,-1.0,-1.0,0.16902660171101325
