target_id,prot_ps,prot_acf,prot_cs,e_prot_ps,E_prot_ps,e_prot_acf,E_prot_acf,e_prot_cs,E_prot_cs,sph_ps,sph_acf,sph_cs,e_sph_ps,e_sph_acf,e_sph_cs,h_ps,fa_prob_ps,hacf,gacf,hcs
3547874,0.5325436099406142,38.25195908546448,2.1889552833467043,0.01589210994155633,0.01589210994155633,-1.0,-1.0,0.006470745562095042,0.006470745562095042,118.66990053794505,216.7905131049759,170.99664524374202,66.77637024800764,19.126648267985086,50.45952351745658,1401.8319560212517,0.0,0.16784846775563128,0.03860186526299867,0.0743270761244222
