target_id,prot_ps,prot_acf,prot_cs,e_prot_ps,E_prot_ps,e_prot_acf,E_prot_acf,e_prot_cs,E_prot_cs,sph_ps,sph_acf,sph_cs,e_sph_ps,e_sph_acf,e_sph_cs,h_ps,fa_prob_ps,hacf,gacf,hcs
3648701,3.1691321770304297,-1.0,3.1355572231113915,1.2024868586821638,1.2024868586821638,-1.0,-1.0,0.20239735621097765,0.20239735621097765,328.0742388093094,-1.0,325.11735462137926,148.6468555142982,-1.0,140.84159599337931,13.522323728215943,1.340693248416643e-06,-1.0,-1.0,0.48012666528554987
