target_id,prot_ps,prot_acf,prot_cs,e_prot_ps,E_prot_ps,e_prot_acf,E_prot_acf,e_prot_cs,E_prot_cs,sph_ps,sph_acf,sph_cs,e_sph_ps,e_sph_acf,e_sph_cs,h_ps,fa_prob_ps,hacf,gacf,hcs
3631700,14.043189291312666,27.258554173633456,1.5172021344769748,2.9104418643201604,2.9104418643201604,-1.0,-1.0,0.7001582409609325,0.7001582409609325,1210.9577237568326,1232.4570779094204,760.9706986541657,288.58807074885857,249.97413508471698,299.36593631859216,19.07999573193802,5.172055051571878e-09,0.3178770005600974,0.12499225599005716,0.9662405530994828
