target_id,prot_ps,prot_acf,prot_cs,e_prot_ps,E_prot_ps,e_prot_acf,E_prot_acf,e_prot_cs,E_prot_cs,sph_ps,sph_acf,sph_cs,e_sph_ps,e_sph_acf,e_sph_cs,h_ps,fa_prob_ps,hacf,gacf,hcs
3663021,0.16880295409454713,-1.0,1.2589198376145212,0.31073523594781727,0.31073523594781727,-1.0,-1.0,0.4140624848919765,0.4140624848919765,459.52356867608654,-1.0,525.1236804222309,247.29297816411992,-1.0,296.53137183652694,13.610934583801786,1.2270046729570651e-06,-1.0,-1.0,0.27950144653167597
