target_id,prot_ps,prot_acf,prot_cs,e_prot_ps,E_prot_ps,e_prot_acf,E_prot_acf,e_prot_cs,E_prot_cs,sph_ps,sph_acf,sph_cs,e_sph_ps,e_sph_acf,e_sph_cs,h_ps,fa_prob_ps,hacf,gacf,hcs
3627629,0.15474759826896672,48.14197973720729,0.4045887940563262,7.3890560989248195,7.3890560989248195,-1.0,-1.0,0.0889694962378268,0.0889694962378268,183.7064156959752,570.645342033825,200.59045953823545,27.7270954633983,158.387999920025,36.53402769401516,13.004672927092136,2.2497916926188257e-06,0.18469476215903036,0.04932706001652354,7.5391610194088425
