target_id,prot_ps,prot_acf,prot_cs,e_prot_ps,E_prot_ps,e_prot_acf,E_prot_acf,e_prot_cs,E_prot_cs,sph_ps,sph_acf,sph_cs,e_sph_ps,e_sph_acf,e_sph_cs,h_ps,fa_prob_ps,hacf,gacf,hcs
3635515,0.19769764489194916,-1.0,2.9925112992757925,7.389056098930616,7.389056098930616,-1.0,-1.0,0.27254488133036026,0.27254488133036026,779.8261712660062,-1.0,943.5754826127844,133.8305066174278,-1.0,192.1544862806646,12.103522166347565,5.539966155454024e-06,-1.0,-1.0,0.3199848680571495
