target_id,prot_ps,prot_acf,prot_cs,e_prot_ps,E_prot_ps,e_prot_acf,E_prot_acf,e_prot_cs,E_prot_cs,sph_ps,sph_acf,sph_cs,e_sph_ps,e_sph_acf,e_sph_cs,h_ps,fa_prob_ps,hacf,gacf,hcs
3653838,0.11529611586174772,-1.0,1.49204653134533,0.1541955119650563,0.1541955119650563,-1.0,-1.0,0.008783361785398083,0.008783361785398083,664.3665272968146,-1.0,747.0416131134683,356.5148520103648,-1.0,383.5237063556345,18.2001982879174,1.2466780528702027e-08,-1.0,-1.0,0.3474731378746332
