target_id,prot_ps,prot_acf,prot_cs,e_prot_ps,E_prot_ps,e_prot_acf,E_prot_acf,e_prot_cs,E_prot_cs,sph_ps,sph_acf,sph_cs,e_sph_ps,e_sph_acf,e_sph_cs,h_ps,fa_prob_ps,hacf,gacf,hcs
3662044,24.7545191320935,-1.0,1.6716082565785555,7.389056098930376,7.389056098930376,-1.0,-1.0,0.009520001828723949,0.009520001828723949,727.7801092993085,-1.0,465.2379077560573,230.16866064751915,-1.0,263.867547442297,23.758020835674703,4.808644267211029e-11,-1.0,-1.0,0.2073153276608963
