target_id,prot_ps,prot_acf,prot_cs,e_prot_ps,E_prot_ps,e_prot_acf,E_prot_acf,e_prot_cs,E_prot_cs,sph_ps,sph_acf,sph_cs,e_sph_ps,e_sph_acf,e_sph_cs,h_ps,fa_prob_ps,hacf,gacf,hcs
3734351,16.78701332103535,53.33204010967165,0.6364940048486991,4.301105999214092,4.301105999214092,-1.0,-1.0,0.049650973935722,0.049650973935722,383.8300166880308,392.8911317166835,266.0742688657936,93.23064301102735,47.128536134557464,36.00474807518511,18.438084095339644,9.827472122300408e-09,0.08590782025196803,0.09782579745038116,0.5099582177718055
