target_id,prot_ps,prot_acf,prot_cs,e_prot_ps,E_prot_ps,e_prot_acf,E_prot_acf,e_prot_cs,E_prot_cs,sph_ps,sph_acf,sph_cs,e_sph_ps,e_sph_acf,e_sph_cs,h_ps,fa_prob_ps,hacf,gacf,hcs
3760764,0.11969269913210262,-1.0,0.4072790296220988,0.11175406977428844,0.11175406977428844,-1.0,-1.0,0.006894704848794932,0.006894704848794932,534.7667690850703,-1.0,559.5926742376296,282.1582873048314,-1.0,284.4569172475448,17.04076152461245,3.974580545286302e-08,-1.0,-1.0,0.20547660105429824
