target_id,prot_ps,prot_acf,prot_cs,e_prot_ps,E_prot_ps,e_prot_acf,E_prot_acf,e_prot_cs,E_prot_cs,sph_ps,sph_acf,sph_cs,e_sph_ps,e_sph_acf,e_sph_cs,h_ps,fa_prob_ps,hacf,gacf,hcs
3756713,2.981265673563367,59.48258932773024,1.7830951396669898,7.389056098930649,7.389056098930649,-1.0,-1.0,0.011061999854518893,0.011061999854518893,520.5021624378923,785.8287210122666,479.9611765450901,271.428475206208,88.03364979178113,243.05855694588104,14.72137407993192,4.0419270508240655e-07,0.15599635554213068,0.043550861449661284,0.14156545448741395
