target_id,prot_ps,prot_acf,prot_cs,e_prot_ps,E_prot_ps,e_prot_acf,E_prot_acf,e_prot_cs,E_prot_cs,sph_ps,sph_acf,sph_cs,e_sph_ps,e_sph_acf,e_sph_cs,h_ps,fa_prob_ps,hacf,gacf,hcs
3750168,0.11294930949247327,56.96916907839477,2.9306019473541522,0.1223375454773298,0.1223375454773298,-1.0,-1.0,0.1476062518101684,0.1476062518101684,502.88895564202704,1290.1360247706612,793.2956420894869,92.19543300282623,228.79557692425038,300.3204095680789,13.997406056733269,8.3368845733381e-07,0.19536029824782547,0.05831335659314167,0.3335051373916297
