target_id,prot_ps,prot_acf,prot_cs,e_prot_ps,E_prot_ps,e_prot_acf,E_prot_acf,e_prot_cs,E_prot_cs,sph_ps,sph_acf,sph_cs,e_sph_ps,e_sph_acf,e_sph_cs,h_ps,fa_prob_ps,hacf,gacf,hcs
3760509,16.22794184063061,31.896979082375765,16.062100818380717,1.1655743048688045,1.1655743048688045,-1.0,-1.0,0.7877381650502469,0.7877381650502469,1157.1839113051376,1263.2828631903062,1159.2147237939912,636.2296192540417,424.78138925375833,616.1391508628168,21.89145195920008,3.109304198395724e-10,0.5285207487890387,0.2994559931281914,0.633795002038582
