target_id,prot_ps,prot_acf,prot_cs,e_prot_ps,E_prot_ps,e_prot_acf,E_prot_acf,e_prot_cs,E_prot_cs,sph_ps,sph_acf,sph_cs,e_sph_ps,e_sph_acf,e_sph_cs,h_ps,fa_prob_ps,hacf,gacf,hcs
3744035,52.17741658133658,57.45968013070524,3.165234545131633,7.389056098930649,7.389056098930649,-1.0,-1.0,0.15840940366244902,0.15840940366244902,265.97687951346546,267.86906921152246,192.86357007333652,32.297376313625165,40.75448813234486,42.91259234446143,22.332460273691296,2.0004870106636526e-10,0.25684788786749024,0.13445385714722485,0.21338657963757368
