target_id,prot_ps,prot_acf,prot_cs,e_prot_ps,E_prot_ps,e_prot_acf,E_prot_acf,e_prot_cs,E_prot_cs,sph_ps,sph_acf,sph_cs,e_sph_ps,e_sph_acf,e_sph_cs,h_ps,fa_prob_ps,hacf,gacf,hcs
3847540,1.6575525300421885,0.6947470884770155,1.7397284444980325,0.12426442994301704,0.12426442994301704,-1.0,-1.0,0.09933781985098353,0.09933781985098353,303.9549285023334,276.7482889814246,307.2170735782471,73.64708826089358,93.6966033103554,75.53083970024623,56.06246324570146,4.491398302194438e-25,0.1911608838706631,0.2656978021240213,0.2021252811439629
