target_id,prot_ps,prot_acf,prot_cs,e_prot_ps,E_prot_ps,e_prot_acf,E_prot_acf,e_prot_cs,E_prot_cs,sph_ps,sph_acf,sph_cs,e_sph_ps,e_sph_acf,e_sph_cs,h_ps,fa_prob_ps,hacf,gacf,hcs
3860591,0.2600050058279651,-1.0,2.9099677517311644,0.651168713850988,0.651168713850988,-1.0,-1.0,0.0691114410496785,0.0691114410496785,323.26197516025616,-1.0,380.63608915384225,164.939749423591,-1.0,194.51102089881152,14.610344959643548,4.516560222089204e-07,-1.0,-1.0,0.31616598395319534
