target_id,prot_ps,prot_acf,prot_cs,e_prot_ps,E_prot_ps,e_prot_acf,E_prot_acf,e_prot_cs,E_prot_cs,sph_ps,sph_acf,sph_cs,e_sph_ps,e_sph_acf,e_sph_cs,h_ps,fa_prob_ps,hacf,gacf,hcs
3853692,47.128580705122424,-1.0,2.162052088882299,7.389056098930521,7.389056098930521,-1.0,-1.0,0.043797687078959674,0.043797687078959674,980.3295173843044,-1.0,558.9557250770142,292.30507069891604,-1.0,162.0192788598906,21.987937344020462,2.823320249822807e-10,-1.0,-1.0,0.21558258605581754
