target_id,prot_ps,prot_acf,prot_cs,e_prot_ps,E_prot_ps,e_prot_acf,E_prot_acf,e_prot_cs,E_prot_cs,sph_ps,sph_acf,sph_cs,e_sph_ps,e_sph_acf,e_sph_cs,h_ps,fa_prob_ps,hacf,gacf,hcs
3866116,0.1235956923841187,-1.0,2.6673883136528387,2.9884739176280766,2.9884739176280766,-1.0,-1.0,0.24329300526663392,0.24329300526663392,481.132333155924,-1.0,604.7832404273665,257.45908748598475,-1.0,334.1398861288038,15.459396466389055,1.9322771629197746e-07,-1.0,-1.0,0.22296031165707766
