target_id,prot_ps,prot_acf,prot_cs,e_prot_ps,E_prot_ps,e_prot_acf,E_prot_acf,e_prot_cs,E_prot_cs,sph_ps,sph_acf,sph_cs,e_sph_ps,e_sph_acf,e_sph_cs,h_ps,fa_prob_ps,hacf,gacf,hcs
3832957,18.03689962907381,17.593431489542127,17.987145440279885,0.5326102196281854,0.5326102196281854,-1.0,-1.0,0.14522475108728194,0.14522475108728194,1710.9803519948882,1695.0692047906125,1716.2564351735994,445.2595921890299,444.1220018584338,430.0067711912716,161.55038740388227,6.911275433619366e-71,0.5834718461273626,0.3492794045337425,0.9497028349639395
