target_id,prot_ps,prot_acf,prot_cs,e_prot_ps,E_prot_ps,e_prot_acf,E_prot_acf,e_prot_cs,E_prot_cs,sph_ps,sph_acf,sph_cs,e_sph_ps,e_sph_acf,e_sph_cs,h_ps,fa_prob_ps,hacf,gacf,hcs
3869453,0.3494008602155778,-1.0,1.23398879155051,7.3890560989087914,7.3890560989087914,-1.0,-1.0,3.7438399679218644,3.7438399679218644,289.1458324343315,-1.0,332.82964732203357,158.8996413141783,-1.0,194.82111699596572,14.106620808391082,7.474332686384623e-07,-1.0,-1.0,0.25994440973417304
