target_id,prot_ps,prot_acf,prot_cs,e_prot_ps,E_prot_ps,e_prot_acf,E_prot_acf,e_prot_cs,E_prot_cs,sph_ps,sph_acf,sph_cs,e_sph_ps,e_sph_acf,e_sph_cs,h_ps,fa_prob_ps,hacf,gacf,hcs
3850551,0.9667405111452219,-1.0,1.9412546510240538,0.023880194161209633,0.023880194161209633,-1.0,-1.0,0.01744679606809832,0.01744679606809832,259.6007447359307,-1.0,280.2524267410822,36.601664580617886,-1.0,54.65569961254374,879.3754186422854,0.0,-1.0,-1.0,0.00699982907719102
