target_id,prot_ps,prot_acf,prot_cs,e_prot_ps,E_prot_ps,e_prot_acf,E_prot_acf,e_prot_cs,E_prot_cs,sph_ps,sph_acf,sph_cs,e_sph_ps,e_sph_acf,e_sph_cs,h_ps,fa_prob_ps,hacf,gacf,hcs
3847627,8.833429238608064,-1.0,8.658179475255313,0.48453329091205544,0.48453329091205544,-1.0,-1.0,0.1841769093097384,0.1841769093097384,236.3628526347164,-1.0,234.49398139903528,54.40622558144812,-1.0,47.171347702098274,50.141259878062776,1.6746633630691279e-22,-1.0,-1.0,0.27823264247905977
