target_id,prot_ps,prot_acf,prot_cs,e_prot_ps,E_prot_ps,e_prot_acf,E_prot_acf,e_prot_cs,E_prot_cs,sph_ps,sph_acf,sph_cs,e_sph_ps,e_sph_acf,e_sph_cs,h_ps,fa_prob_ps,hacf,gacf,hcs
3946621,1.2979278585893501,2.6359454006887972,2.597969857322337,0.034245644267672244,0.034245644267672244,-1.0,-1.0,0.02347214953292696,0.02347214953292696,1099.151837783145,1140.573823630894,1139.3281090170126,422.3677635802101,391.20185719016956,398.88573805787826,1155.624899545607,0.0,1.3026154804477605,0.833080254204745,0.4927060377660856
