target_id,prot_ps,prot_acf,prot_cs,e_prot_ps,E_prot_ps,e_prot_acf,E_prot_acf,e_prot_cs,E_prot_cs,sph_ps,sph_acf,sph_cs,e_sph_ps,e_sph_acf,e_sph_cs,h_ps,fa_prob_ps,hacf,gacf,hcs
3969429,5.977366429119195,-1.0,6.043647246198941,1.8043561334014662,1.8043561334014662,-1.0,-1.0,0.070917219114681,0.070917219114681,268.8546334287457,-1.0,274.5103921148009,132.93112122905328,-1.0,140.03535743828115,26.528793516364182,3.010865562046366e-12,-1.0,-1.0,0.28081473747878255
