target_id,prot_ps,prot_acf,prot_cs,e_prot_ps,E_prot_ps,e_prot_acf,E_prot_acf,e_prot_cs,E_prot_cs,sph_ps,sph_acf,sph_cs,e_sph_ps,e_sph_acf,e_sph_cs,h_ps,fa_prob_ps,hacf,gacf,hcs
3951643,30.997123529767325,-1.0,31.03652157004216,7.389056098930649,7.389056098930649,-1.0,-1.0,0.42295485351429607,0.42295485351429607,1230.3097646999859,-1.0,1227.9297891039323,294.9765751622027,-1.0,300.6766724812392,12.586964340695282,3.4162594254769917e-06,-1.0,-1.0,0.2895827096007354
