target_id,prot_ps,prot_acf,prot_cs,e_prot_ps,E_prot_ps,e_prot_acf,E_prot_acf,e_prot_cs,E_prot_cs,sph_ps,sph_acf,sph_cs,e_sph_ps,e_sph_acf,e_sph_cs,h_ps,fa_prob_ps,hacf,gacf,hcs
3974987,12.93357796568724,25.84856592817232,3.1054310945815273,0.6857929864303941,0.6857929864303941,-1.0,-1.0,0.009207107824085637,0.009207107824085637,2327.363511003304,2503.1215859848435,1745.5590373238301,1034.3110722463996,539.2989674881887,1034.2645233519936,42.79662512959507,2.592160342973445e-19,0.1930129052082743,0.029208084766377537,0.41384749907660967
