target_id,prot_ps,prot_acf,prot_cs,e_prot_ps,E_prot_ps,e_prot_acf,E_prot_acf,e_prot_cs,E_prot_cs,sph_ps,sph_acf,sph_cs,e_sph_ps,e_sph_acf,e_sph_cs,h_ps,fa_prob_ps,hacf,gacf,hcs
3971389,17.59907946170344,17.22558530420065,17.58486317261361,0.8804407356524349,0.8804407356524349,-1.0,-1.0,0.4066560533915383,0.4066560533915383,1498.3239863725494,1484.5505639726107,1495.4523131670167,555.5249775581552,577.4606253663247,558.8356299197886,74.28580037118921,5.471253217595627e-33,0.5339173732373872,0.3081427204850654,0.9818356824695667
