target_id,prot_ps,prot_acf,prot_cs,e_prot_ps,E_prot_ps,e_prot_acf,E_prot_acf,e_prot_cs,E_prot_cs,sph_ps,sph_acf,sph_cs,e_sph_ps,e_sph_acf,e_sph_cs,h_ps,fa_prob_ps,hacf,gacf,hcs
3946262,18.63235064275899,18.329086701851338,18.46095755534973,0.7501667514777715,0.7501667514777715,-1.0,-1.0,0.4524804054138861,0.4524804054138861,844.436709056458,847.2680783231615,845.4561000960788,318.8681992888193,318.0401170251304,318.46718577720287,56.75414477836781,2.248992968526332e-25,0.7910833824989997,0.37389651951875347,0.9805183753964728
