target_id,prot_ps,prot_acf,prot_cs,e_prot_ps,E_prot_ps,e_prot_acf,E_prot_acf,e_prot_cs,E_prot_cs,sph_ps,sph_acf,sph_cs,e_sph_ps,e_sph_acf,e_sph_cs,h_ps,fa_prob_ps,hacf,gacf,hcs
3958018,52.70756260676717,-1.0,2.7654949653428034,7.389056098930649,7.389056098930649,-1.0,-1.0,0.25137021446409624,0.25137021446409624,1946.349702377877,-1.0,1077.995515990154,499.1617008703047,-1.0,365.319442929348,26.03775587787446,4.9197870057559224e-12,-1.0,-1.0,0.20905264593547657
