target_id,prot_ps,prot_acf,prot_cs,e_prot_ps,E_prot_ps,e_prot_acf,E_prot_acf,e_prot_cs,E_prot_cs,sph_ps,sph_acf,sph_cs,e_sph_ps,e_sph_acf,e_sph_cs,h_ps,fa_prob_ps,hacf,gacf,hcs
3937717,6.846347076636043,6.967944002710283,6.91379429125227,0.27883226912406034,0.27883226912406034,-1.0,-1.0,0.19412821475318603,0.19412821475318603,3093.5048636223846,3030.347101068769,3039.994144504862,1322.3719134467638,1263.2545588783953,1286.112024446163,707.6116632818859,4.87707356303937e-308,1.2813427109468012,0.78519000622639,0.9879339948545262
