target_id,prot_ps,prot_acf,prot_cs,e_prot_ps,E_prot_ps,e_prot_acf,E_prot_acf,e_prot_cs,E_prot_cs,sph_ps,sph_acf,sph_cs,e_sph_ps,e_sph_acf,e_sph_cs,h_ps,fa_prob_ps,hacf,gacf,hcs
3945683,2.892820675514023,59.891154748387635,2.206755808740093,1.3764847389758057,1.3764847389758057,-1.0,-1.0,0.008612448416359773,0.008612448416359773,551.3763406045413,813.4891118863785,527.9652217168217,186.70318490738575,221.94541685021542,171.54212407496067,21.25773046675773,5.859829239707716e-10,0.2534944909911405,0.19362260295053782,0.387971783808567
