target_id,prot_ps,prot_acf,prot_cs,e_prot_ps,E_prot_ps,e_prot_acf,E_prot_acf,e_prot_cs,E_prot_cs,sph_ps,sph_acf,sph_cs,e_sph_ps,e_sph_acf,e_sph_cs,h_ps,fa_prob_ps,hacf,gacf,hcs
3946894,19.74304549185064,19.84109257813543,19.747088627772712,0.5111825778532132,0.5111825778532132,-1.0,-1.0,0.14222642149236395,0.14222642149236395,2075.7942072900405,2070.719558291234,2075.7942072900405,449.8976023267734,465.736449874568,449.8976023267734,314.6856022960491,2.156648603128682e-137,0.9076552927345113,0.41347556437684335,0.9855091180259844
