target_id,prot_ps,prot_acf,prot_cs,e_prot_ps,E_prot_ps,e_prot_acf,E_prot_acf,e_prot_cs,E_prot_cs,sph_ps,sph_acf,sph_cs,e_sph_ps,e_sph_acf,e_sph_cs,h_ps,fa_prob_ps,hacf,gacf,hcs
3942111,12.381246124263361,36.576290810480714,0.5866510107088835,0.9918111467278727,0.9918111467278727,-1.0,-1.0,0.20252055602035368,0.20252055602035368,1492.5576684629216,1553.24442845944,707.5126449986914,447.82338233861043,284.5371232278175,108.82638257612709,21.01847913914191,7.443727941797653e-10,0.2835478087665567,0.06330153908160245,0.5909957624848338
