target_id,prot_ps,prot_acf,prot_cs,e_prot_ps,E_prot_ps,e_prot_acf,E_prot_acf,e_prot_cs,E_prot_cs,sph_ps,sph_acf,sph_cs,e_sph_ps,e_sph_acf,e_sph_cs,h_ps,fa_prob_ps,hacf,gacf,hcs
4056376,47.128639618754804,52.228556698188186,3.1355524355778477,4.933014583238798,4.933014583238798,-1.0,-1.0,0.1863299442659131,0.1863299442659131,364.77782252742514,354.5976390322621,246.70783972697205,57.32902767669007,64.05256953213151,66.54527303153036,37.52660150872235,5.0396925194492444e-17,0.2827995300356656,0.15760793083169633,0.2969739002257582
