target_id,prot_ps,prot_acf,prot_cs,e_prot_ps,E_prot_ps,e_prot_acf,E_prot_acf,e_prot_cs,E_prot_cs,sph_ps,sph_acf,sph_cs,e_sph_ps,e_sph_acf,e_sph_cs,h_ps,fa_prob_ps,hacf,gacf,hcs
4059974,1.5058097718282488,-1.0,2.971880536973475,1.1561462400588571,1.1561462400588571,-1.0,-1.0,0.21295766697338459,0.21295766697338459,541.3827788268026,-1.0,642.698745543556,138.9087557567005,-1.0,209.93715200453912,14.140126791239496,7.228046888107431e-07,-1.0,-1.0,0.464892807839692
