target_id,prot_ps,prot_acf,prot_cs,e_prot_ps,E_prot_ps,e_prot_acf,E_prot_acf,e_prot_cs,E_prot_cs,sph_ps,sph_acf,sph_cs,e_sph_ps,e_sph_acf,e_sph_cs,h_ps,fa_prob_ps,hacf,gacf,hcs
4065265,4.636684823173893,-1.0,4.617700320766425,0.15675832495934433,0.15675832495934433,-1.0,-1.0,0.09168360504583643,0.09168360504583643,924.9839919399707,-1.0,885.9936962085778,976.7097948028846,-1.0,927.4033310242622,307.59837696241414,2.5806092095388178e-134,-1.0,-1.0,0.6751439858150112
