target_id,prot_ps,prot_acf,prot_cs,e_prot_ps,E_prot_ps,e_prot_acf,E_prot_acf,e_prot_cs,E_prot_cs,sph_ps,sph_acf,sph_cs,e_sph_ps,e_sph_acf,e_sph_cs,h_ps,fa_prob_ps,hacf,gacf,hcs
4067938,15.536429708180352,33.020912162959576,2.3522352953299293,3.92919948412042,3.92919948412042,-1.0,-1.0,0.010834286340918865,0.010834286340918865,1208.296461606928,1308.7209712867846,821.7342404763677,586.4655606520392,360.8226584521509,460.1735167109519,16.015282352496865,1.1082844713428667e-07,0.18450132860655238,0.07520672789571091,4.387327642830873
