target_id,prot_ps,prot_acf,prot_cs,e_prot_ps,E_prot_ps,e_prot_acf,E_prot_acf,e_prot_cs,E_prot_cs,sph_ps,sph_acf,sph_cs,e_sph_ps,e_sph_acf,e_sph_cs,h_ps,fa_prob_ps,hacf,gacf,hcs
4038557,12.381237122195701,24.377384868450463,0.4070853665948856,0.5440690102754171,0.5440690102754171,-1.0,-1.0,0.010309411730157383,0.010309411730157383,1457.2692968080394,1500.4355388609467,664.5307870599241,419.30179108664197,334.14082833872914,134.79856000156622,36.16239842346522,1.9718320090427037e-16,0.29925346235274175,0.08239282709936033,0.8421662629649437
