target_id,prot_ps,prot_acf,prot_cs,e_prot_ps,E_prot_ps,e_prot_acf,E_prot_acf,e_prot_cs,E_prot_cs,sph_ps,sph_acf,sph_cs,e_sph_ps,e_sph_acf,e_sph_cs,h_ps,fa_prob_ps,hacf,gacf,hcs
4074316,0.6786822489369976,-1.0,41.80695393956857,0.5082923524379895,0.5082923524379895,-1.0,-1.0,0.7517478461137056,0.7517478461137056,255.80268191811533,-1.0,547.4788064951019,136.12976599105644,-1.0,138.25200277929065,24.229968696416307,2.999565145069771e-11,-1.0,-1.0,0.7610724269635556
