target_id,prot_ps,prot_acf,prot_cs,e_prot_ps,E_prot_ps,e_prot_acf,E_prot_acf,e_prot_cs,E_prot_cs,sph_ps,sph_acf,sph_cs,e_sph_ps,e_sph_acf,e_sph_cs,h_ps,fa_prob_ps,hacf,gacf,hcs
4179699,1.736519712081397,-1.0,3.0950895329844212,0.6052198985337971,0.6052198985337971,-1.0,-1.0,1.2558553203802933,1.2558553203802933,353.6469213529505,-1.0,392.8104299721316,208.5054731271431,-1.0,233.63638769620712,14.578140143130772,4.6643827378502026e-07,-1.0,-1.0,0.2577374032212818
