target_id,prot_ps,prot_acf,prot_cs,e_prot_ps,E_prot_ps,e_prot_acf,E_prot_acf,e_prot_cs,E_prot_cs,sph_ps,sph_acf,sph_cs,e_sph_ps,e_sph_acf,e_sph_cs,h_ps,fa_prob_ps,hacf,gacf,hcs
4161096,3.100062318051838,-1.0,3.095101523716003,1.4267015485302905,1.4267015485302905,-1.0,-1.0,0.18979972259804137,0.18979972259804137,802.4028148445059,-1.0,807.1868554844805,293.4220271222021,-1.0,292.07299942849625,14.590331635409388,4.6078621867126734e-07,-1.0,-1.0,0.2653824525184286
