target_id,prot_ps,prot_acf,prot_cs,e_prot_ps,E_prot_ps,e_prot_acf,E_prot_acf,e_prot_cs,E_prot_cs,sph_ps,sph_acf,sph_cs,e_sph_ps,e_sph_acf,e_sph_cs,h_ps,fa_prob_ps,hacf,gacf,hcs
4168112,6.023449188368143,6.027941552456468,6.026306856442242,0.2474011133919082,0.2474011133919082,-1.0,-1.0,0.15575373640633428,0.15575373640633428,2069.955650751048,2066.9143899463315,2071.3353168154604,1089.9584050806482,1084.241052211941,1085.9986467386057,161.33480850374494,8.573989116655911e-71,0.9144769565558812,0.7048420646357391,0.9413443744841814
