target_id,prot_ps,prot_acf,prot_cs,e_prot_ps,E_prot_ps,e_prot_acf,E_prot_acf,e_prot_cs,E_prot_cs,sph_ps,sph_acf,sph_cs,e_sph_ps,e_sph_acf,e_sph_cs,h_ps,fa_prob_ps,hacf,gacf,hcs
4156956,0.10152097084081128,-1.0,3.135552864312195,0.11918067797707378,0.11918067797707378,-1.0,-1.0,1.540334978074222,1.540334978074222,518.0841923070312,-1.0,683.114678864797,94.17075081061097,-1.0,157.00782509474752,11.990692453082403,6.201666863578239e-06,-1.0,-1.0,0.19057484672407296
