target_id,prot_ps,prot_acf,prot_cs,e_prot_ps,E_prot_ps,e_prot_acf,E_prot_acf,e_prot_cs,E_prot_cs,sph_ps,sph_acf,sph_cs,e_sph_ps,e_sph_acf,e_sph_cs,h_ps,fa_prob_ps,hacf,gacf,hcs
4159856,47.12870348849643,-1.0,3.135553435957991,1.594343959482691,1.594343959482691,-1.0,-1.0,0.23077318282632545,0.23077318282632545,1034.4076516402158,-1.0,666.3414943717704,213.00462978280663,-1.0,208.01186622426297,26.194976850998156,4.2040328414218275e-12,-1.0,-1.0,0.18994953956609512
