target_id,prot_ps,prot_acf,prot_cs,e_prot_ps,E_prot_ps,e_prot_acf,E_prot_acf,e_prot_cs,E_prot_cs,sph_ps,sph_acf,sph_cs,e_sph_ps,e_sph_acf,e_sph_cs,h_ps,fa_prob_ps,hacf,gacf,hcs
4177369,5.694908933390972,-1.0,5.750852160853486,0.2911357747583457,0.2911357747583457,-1.0,-1.0,0.015601900440395212,0.015601900440395212,693.538109969134,-1.0,708.9832660816625,389.4775852802101,-1.0,418.83631875630493,93.12824569967916,3.588531669329495e-41,-1.0,-1.0,0.29104675011674136
