target_id,prot_ps,prot_acf,prot_cs,e_prot_ps,E_prot_ps,e_prot_acf,E_prot_acf,e_prot_cs,E_prot_cs,sph_ps,sph_acf,sph_cs,e_sph_ps,e_sph_acf,e_sph_cs,h_ps,fa_prob_ps,hacf,gacf,hcs
4150250,11.975299205622376,12.015006942674518,11.988596305653557,0.3925266083023455,0.3925266083023455,-1.0,-1.0,0.06488963014767345,0.06488963014767345,5956.332029145957,5962.501538209427,5963.342025149065,2113.700776289153,2092.9356247365054,2115.497302325039,187.81052033725467,2.722246036442384e-82,0.8669340969031809,0.550488314193385,0.9892032048095564
