target_id,prot_ps,prot_acf,prot_cs,e_prot_ps,E_prot_ps,e_prot_acf,E_prot_acf,e_prot_cs,E_prot_cs,sph_ps,sph_acf,sph_cs,e_sph_ps,e_sph_acf,e_sph_cs,h_ps,fa_prob_ps,hacf,gacf,hcs
4157092,47.128575709946794,-1.0,28.649306360133636,7.389056098929334,7.389056098929334,-1.0,-1.0,0.24892201895997992,0.24892201895997992,860.5167822175957,-1.0,838.0746348204624,218.77174770876204,-1.0,264.49157288144556,24.03526344774261,3.644330146028684e-11,-1.0,-1.0,0.23178771661223344
