target_id,prot_ps,prot_acf,prot_cs,e_prot_ps,E_prot_ps,e_prot_acf,E_prot_acf,e_prot_cs,E_prot_cs,sph_ps,sph_acf,sph_cs,e_sph_ps,e_sph_acf,e_sph_cs,h_ps,fa_prob_ps,hacf,gacf,hcs
4159944,28.637723642000285,-1.0,28.640322830190176,7.389056098930045,7.389056098930045,-1.0,-1.0,0.2626168656462245,0.2626168656462245,791.0823407659705,-1.0,791.0800541844861,289.9239252969618,-1.0,290.0340275198182,21.141086617041662,6.584802306145508e-10,-1.0,-1.0,0.22865448385034753
