target_id,prot_ps,prot_acf,prot_cs,e_prot_ps,E_prot_ps,e_prot_acf,E_prot_acf,e_prot_cs,E_prot_cs,sph_ps,sph_acf,sph_cs,e_sph_ps,e_sph_acf,e_sph_cs,h_ps,fa_prob_ps,hacf,gacf,hcs
4178437,52.17807232177659,54.63966197799891,5.118023984902539,7.389056098930649,7.389056098930649,-1.0,-1.0,0.3153559493636994,0.3153559493636994,614.6014451122123,619.1629376508587,412.88876315047867,61.924295240340506,49.78282746317979,251.94293217688318,21.522184297772494,4.4981519388476424e-10,0.2876351263874279,0.14491169709688123,0.35226382204044515
