target_id,prot_ps,prot_acf,prot_cs,e_prot_ps,E_prot_ps,e_prot_acf,E_prot_acf,e_prot_cs,E_prot_cs,sph_ps,sph_acf,sph_cs,e_sph_ps,e_sph_acf,e_sph_cs,h_ps,fa_prob_ps,hacf,gacf,hcs
4178279,0.16027948775172873,-1.0,2.9718773538619274,7.389056098930649,7.389056098930649,-1.0,-1.0,0.09295169741402784,0.09295169741402784,382.78444897386095,-1.0,485.34473972762555,202.40629552198212,-1.0,272.61491711700455,18.747004853441155,7.21571281429037e-09,-1.0,-1.0,0.2949587425971624
