target_id,prot_ps,prot_acf,prot_cs,e_prot_ps,E_prot_ps,e_prot_acf,E_prot_acf,e_prot_cs,E_prot_cs,sph_ps,sph_acf,sph_cs,e_sph_ps,e_sph_acf,e_sph_cs,h_ps,fa_prob_ps,hacf,gacf,hcs
4280659,0.17067675279176273,53.98602902330458,2.933268155297265,0.3642910428224365,0.3642910428224365,-1.0,-1.0,1.2434476551030555,1.2434476551030555,250.41503420574722,1843.8844794772529,949.9492452650203,210.31913687345713,640.2311611281755,843.6484102399849,15.70104093749149,1.517485537558406e-07,0.17773472393040085,0.014777320794271026,8.911473085078866
