target_id,prot_ps,prot_acf,prot_cs,e_prot_ps,E_prot_ps,e_prot_acf,E_prot_acf,e_prot_cs,E_prot_cs,sph_ps,sph_acf,sph_cs,e_sph_ps,e_sph_acf,e_sph_cs,h_ps,fa_prob_ps,hacf,gacf,hcs
4276976,15.01997930650157,14.46710324473679,0.5308116726024653,0.7302639789880383,0.7302639789880383,-1.0,-1.0,0.008297322153541427,0.008297322153541427,423.3169549367106,405.7873602475868,225.57271731902046,125.9390066179826,192.12895672430156,135.2833148046554,52.56343768582578,1.4858982225037435e-23,0.4290175315308552,0.24496171733758557,1.5546791821116424
