target_id,prot_ps,prot_acf,prot_cs,e_prot_ps,E_prot_ps,e_prot_acf,E_prot_acf,e_prot_cs,E_prot_cs,sph_ps,sph_acf,sph_cs,e_sph_ps,e_sph_acf,e_sph_cs,h_ps,fa_prob_ps,hacf,gacf,hcs
4252435,1.3627331329395882,-1.0,4.147008488397115,1.7363363192763261,1.7363363192763261,-1.0,-1.0,1.013135644277027,1.013135644277027,564.8116638026892,-1.0,604.008488460921,64.68364356877251,-1.0,88.85039912717464,12.634770414498242,3.2567837983051154e-06,-1.0,-1.0,0.1294579822451024
