target_id,prot_ps,prot_acf,prot_cs,e_prot_ps,E_prot_ps,e_prot_acf,E_prot_acf,e_prot_cs,E_prot_cs,sph_ps,sph_acf,sph_cs,e_sph_ps,e_sph_acf,e_sph_cs,h_ps,fa_prob_ps,hacf,gacf,hcs
4275197,9.762886984728704,9.869555231183767,9.761655780684439,0.4565846581009704,0.4565846581009704,-1.0,-1.0,0.035946208905383956,0.035946208905383956,3539.197241231772,3540.886290492271,3539.197241231772,1974.272200936733,1931.1140603544388,1974.272200936733,222.51249394132003,2.312340185636579e-97,1.0330795057593263,0.6364656317804431,0.9397924593068243
