target_id,prot_ps,prot_acf,prot_cs,e_prot_ps,E_prot_ps,e_prot_acf,E_prot_acf,e_prot_cs,E_prot_cs,sph_ps,sph_acf,sph_cs,e_sph_ps,e_sph_acf,e_sph_cs,h_ps,fa_prob_ps,hacf,gacf,hcs
4255379,14.465217058639826,14.405752387829125,14.423933968212095,0.3854037688294184,0.3854037688294184,-1.0,-1.0,0.12240492417086975,0.12240492417086975,2697.7312419148825,2695.7047339546575,2697.4980038253175,657.3532066189995,651.588068420312,653.6694136187493,208.07343788534635,4.3137412934883493e-91,1.0423098398377695,0.6555295846292277,0.9893823584498076
