target_id,prot_ps,prot_acf,prot_cs,e_prot_ps,E_prot_ps,e_prot_acf,E_prot_acf,e_prot_cs,E_prot_cs,sph_ps,sph_acf,sph_cs,e_sph_ps,e_sph_acf,e_sph_cs,h_ps,fa_prob_ps,hacf,gacf,hcs
4263668,0.331700219393845,51.92228063335642,0.697592174574904,0.3335415188093863,0.3335415188093863,-1.0,-1.0,0.009602944860600178,0.009602944860600178,576.4966689864614,758.379884882125,586.2961572424203,73.38018412143153,80.73872545469321,70.27679323608476,14.564880436445618,4.7266429486759913e-07,0.11521557678568517,0.042808987182454336,0.41947503387690527
