target_id,prot_ps,prot_acf,prot_cs,e_prot_ps,E_prot_ps,e_prot_acf,E_prot_acf,e_prot_cs,E_prot_cs,sph_ps,sph_acf,sph_cs,e_sph_ps,e_sph_acf,e_sph_cs,h_ps,fa_prob_ps,hacf,gacf,hcs
4281678,0.12878945400792377,-1.0,2.9099631760083136,0.2589676552349618,0.2589676552349618,-1.0,-1.0,0.18666500186177787,0.18666500186177787,284.3743963509713,-1.0,359.20095956697946,150.07474699860933,-1.0,181.1112004985312,13.299544829021269,1.6752555636348763e-06,-1.0,-1.0,0.2005747317537256
