target_id,prot_ps,prot_acf,prot_cs,e_prot_ps,E_prot_ps,e_prot_acf,E_prot_acf,e_prot_cs,E_prot_cs,sph_ps,sph_acf,sph_cs,e_sph_ps,e_sph_acf,e_sph_cs,h_ps,fa_prob_ps,hacf,gacf,hcs
4245790,10.218195864308601,20.47458670847118,10.211266245238445,0.26135669034250814,0.26135669034250814,-1.0,-1.0,0.04503476924706534,0.04503476924706534,2883.6590892791805,3002.1685925932406,2880.6526604468063,939.0122123301959,772.3639948197439,938.0989048667406,153.85903567006036,1.5131076170633897e-67,0.8672694030547126,0.5310129024569271,0.4894466038150925
