target_id,prot_ps,prot_acf,prot_cs,e_prot_ps,E_prot_ps,e_prot_acf,E_prot_acf,e_prot_cs,E_prot_cs,sph_ps,sph_acf,sph_cs,e_sph_ps,e_sph_acf,e_sph_cs,h_ps,fa_prob_ps,hacf,gacf,hcs
4354841,14.761249660698352,29.547108236700296,0.3236695674061776,0.8347812254305557,0.8347812254305557,-1.0,-1.0,0.022476305944512345,0.022476305944512345,1406.455690064685,1461.803294176414,364.0320441423622,470.8245746811298,346.361338568103,95.26112784999061,27.63210480300753,9.989168998978096e-13,0.38141251980315305,0.14343607704534295,1.005428588639946
