target_id,prot_ps,prot_acf,prot_cs,e_prot_ps,E_prot_ps,e_prot_acf,E_prot_acf,e_prot_cs,E_prot_cs,sph_ps,sph_acf,sph_cs,e_sph_ps,e_sph_acf,e_sph_cs,h_ps,fa_prob_ps,hacf,gacf,hcs
4348954,47.12856247675889,-1.0,3.1355493629816924,7.389056098930612,7.389056098930612,-1.0,-1.0,0.18030408099210843,0.18030408099210843,660.41694776571,-1.0,419.44097675544873,123.29850825055597,-1.0,98.09019901947256,27.276163216371906,1.425978007776619e-12,-1.0,-1.0,0.24116315961288268
