target_id,prot_ps,prot_acf,prot_cs,e_prot_ps,E_prot_ps,e_prot_acf,E_prot_acf,e_prot_cs,E_prot_cs,sph_ps,sph_acf,sph_cs,e_sph_ps,e_sph_acf,e_sph_cs,h_ps,fa_prob_ps,hacf,gacf,hcs
4365996,0.09906921279007427,-1.0,28.361714535718786,0.19577145168910784,0.19577145168910784,-1.0,-1.0,1.141679229535809,1.141679229535809,247.1125728366014,-1.0,659.16339116287,47.16185099421934,-1.0,315.48468023948476,16.62505392217461,6.023249042443124e-08,-1.0,-1.0,0.33374482913419184
