target_id,prot_ps,prot_acf,prot_cs,e_prot_ps,E_prot_ps,e_prot_acf,E_prot_acf,e_prot_cs,E_prot_cs,sph_ps,sph_acf,sph_cs,e_sph_ps,e_sph_acf,e_sph_cs,h_ps,fa_prob_ps,hacf,gacf,hcs
4345755,5.142031384183624,46.343708043918014,5.200793902706354,1.494432707072171,1.494432707072171,-1.0,-1.0,0.7599347744193946,0.7599347744193946,196.33025591631215,227.88832005751047,190.5359489223536,64.54157529818862,54.1166986805316,55.649254437896694,14.93572123381813,3.2621106258905545e-07,0.11906013044973275,0.007727388020298613,0.4472091427676869
