target_id,prot_ps,prot_acf,prot_cs,e_prot_ps,E_prot_ps,e_prot_acf,E_prot_acf,e_prot_cs,E_prot_cs,sph_ps,sph_acf,sph_cs,e_sph_ps,e_sph_acf,e_sph_cs,h_ps,fa_prob_ps,hacf,gacf,hcs
4376851,0.5968960562704964,-1.0,0.7687329159490766,7.389056098888587,7.389056098888587,-1.0,-1.0,0.2382261799787414,0.2382261799787414,645.1030908512869,-1.0,648.5872167272294,334.73928876084636,-1.0,336.6701081796204,20.678494595657895,1.0457885992908266e-09,-1.0,-1.0,0.12657655710367285
