target_id,prot_ps,prot_acf,prot_cs,e_prot_ps,E_prot_ps,e_prot_acf,E_prot_acf,e_prot_cs,E_prot_cs,sph_ps,sph_acf,sph_cs,e_sph_ps,e_sph_acf,e_sph_cs,h_ps,fa_prob_ps,hacf,gacf,hcs
4366418,5.555385298158784,59.11467036558315,7.821812882558442,7.389056098930649,7.389056098930649,-1.0,-1.0,0.262769983127227,0.262769983127227,783.1445698882432,924.9365828146223,829.5225780394763,205.61086603252323,103.29707606307964,225.42037932927664,42.63091633834281,3.059343738876494e-19,0.1069617831567366,0.02409431560641977,0.40481993522974313
