target_id,prot_ps,prot_acf,prot_cs,e_prot_ps,E_prot_ps,e_prot_acf,E_prot_acf,e_prot_cs,E_prot_cs,sph_ps,sph_acf,sph_cs,e_sph_ps,e_sph_acf,e_sph_cs,h_ps,fa_prob_ps,hacf,gacf,hcs
4374168,0.31716769160815816,-1.0,3.63364205198134,0.12109031641611824,0.12109031641611824,-1.0,-1.0,0.007765439659235757,0.007765439659235757,258.5825887370028,-1.0,658.1316113874474,171.59211807117552,-1.0,429.8238298727055,285.25099163259347,1.3093880604782273e-124,-1.0,-1.0,0.09774355110528389
