target_id,prot_ps,prot_acf,prot_cs,e_prot_ps,E_prot_ps,e_prot_acf,E_prot_acf,e_prot_cs,E_prot_cs,sph_ps,sph_acf,sph_cs,e_sph_ps,e_sph_acf,e_sph_cs,h_ps,fa_prob_ps,hacf,gacf,hcs
4380214,6.346626597762251,3.4737239638343453,6.381738125967555,0.41979034008800736,0.41979034008800736,-1.0,-1.0,0.31279897104792453,0.31279897104792453,1454.7872951029387,1295.4726449949374,1461.5591289839292,699.0972489592032,666.1373837281718,680.553255082445,96.1352501002312,1.7741542056757818e-42,0.3692102229350793,0.4347807273218041,2.077321891139186
