target_id,prot_ps,prot_acf,prot_cs,e_prot_ps,E_prot_ps,e_prot_acf,E_prot_acf,e_prot_cs,E_prot_cs,sph_ps,sph_acf,sph_cs,e_sph_ps,e_sph_acf,e_sph_cs,h_ps,fa_prob_ps,hacf,gacf,hcs
4387307,0.14430740806157535,-1.0,2.6808573262573967,7.3890560989306335,7.3890560989306335,-1.0,-1.0,0.8460466506634642,0.8460466506634642,339.7471071363998,-1.0,480.1509580604759,185.118952876802,-1.0,277.98188468058,15.375157188905273,2.102103399078658e-07,-1.0,-1.0,0.24751704503319502
