target_id,prot_ps,prot_acf,prot_cs,e_prot_ps,E_prot_ps,e_prot_acf,E_prot_acf,e_prot_cs,E_prot_cs,sph_ps,sph_acf,sph_cs,e_sph_ps,e_sph_acf,e_sph_cs,h_ps,fa_prob_ps,hacf,gacf,hcs
4478177,0.20872559321980907,-1.0,1.0319093605503438,0.2831226651902192,0.2831226651902192,-1.0,-1.0,0.25626090544986696,0.25626090544986696,347.71091816478895,-1.0,408.45067284787274,199.03821558999695,-1.0,250.019773190485,16.179448544192415,9.404912881953921e-08,-1.0,-1.0,0.22358930766666796
