target_id,prot_ps,prot_acf,prot_cs,e_prot_ps,E_prot_ps,e_prot_acf,E_prot_acf,e_prot_cs,E_prot_cs,sph_ps,sph_acf,sph_cs,e_sph_ps,e_sph_acf,e_sph_cs,h_ps,fa_prob_ps,hacf,gacf,hcs
4457346,45.91645487802919,-1.0,2.8725800450239336,1.4738038690481328,1.4738038690481328,-1.0,-1.0,1.0007057327103097,1.0007057327103097,700.3994517020712,-1.0,534.8359475743744,61.059593328462164,-1.0,59.04595813909617,54.84058283393919,1.5241843247018148e-24,-1.0,-1.0,0.04299386631580838
