target_id,prot_ps,prot_acf,prot_cs,e_prot_ps,E_prot_ps,e_prot_acf,E_prot_acf,e_prot_cs,E_prot_cs,sph_ps,sph_acf,sph_cs,e_sph_ps,e_sph_acf,e_sph_cs,h_ps,fa_prob_ps,hacf,gacf,hcs
4454611,28.63648620868953,-1.0,28.643756585725598,7.389056098930432,7.389056098930432,-1.0,-1.0,0.26010600879941764,0.26010600879941764,645.0552355043316,-1.0,645.0945011951395,120.79622896694859,-1.0,120.87920618886933,16.347667863927242,7.948735663851257e-08,-1.0,-1.0,0.24186951099652584
