target_id,prot_ps,prot_acf,prot_cs,e_prot_ps,E_prot_ps,e_prot_acf,E_prot_acf,e_prot_cs,E_prot_cs,sph_ps,sph_acf,sph_cs,e_sph_ps,e_sph_acf,e_sph_cs,h_ps,fa_prob_ps,hacf,gacf,hcs
4458225,5.590269096020231,11.218094750773162,5.577682796461475,0.14558130730303187,0.14558130730303187,-1.0,-1.0,0.010694787958214023,0.010694787958214023,6326.961680229386,6473.6622874821815,6250.973264836712,2099.4849037963845,1923.652309667253,2099.7273036031074,351.8045856972777,1.6338407489271865e-153,0.8154570590185903,0.4673612557541359,0.48493461851223874
