target_id,prot_ps,prot_acf,prot_cs,e_prot_ps,E_prot_ps,e_prot_acf,E_prot_acf,e_prot_cs,E_prot_cs,sph_ps,sph_acf,sph_cs,e_sph_ps,e_sph_acf,e_sph_cs,h_ps,fa_prob_ps,hacf,gacf,hcs
4448391,52.56983106173142,52.903042655903846,0.6179260211852429,7.389056098930631,7.389056098930631,-1.0,-1.0,0.007378427963928817,0.007378427963928817,249.94425510357712,248.56726445336014,147.5485655313476,52.47511501913574,54.58752737059156,22.879545581607534,22.274209516892892,2.1204777414723e-10,0.29034120677960984,0.17414946820877586,0.11996921639921249
