target_id,prot_ps,prot_acf,prot_cs,e_prot_ps,E_prot_ps,e_prot_acf,E_prot_acf,e_prot_cs,E_prot_cs,sph_ps,sph_acf,sph_cs,e_sph_ps,e_sph_acf,e_sph_cs,h_ps,fa_prob_ps,hacf,gacf,hcs
4578337,14.46522675591252,14.180991155095398,14.498193037325976,0.5127467664570089,0.5127467664570089,-1.0,-1.0,0.16655259135271905,0.16655259135271905,1049.6768548759992,1036.4001092288647,1048.265095090846,473.5618458148951,446.3582641050168,472.1580090959441,131.0889769094485,1.1716035795254397e-57,0.46443793188674154,0.3149708271303137,0.9845248539637637
