target_id,prot_ps,prot_acf,prot_cs,e_prot_ps,E_prot_ps,e_prot_acf,E_prot_acf,e_prot_cs,E_prot_cs,sph_ps,sph_acf,sph_cs,e_sph_ps,e_sph_acf,e_sph_cs,h_ps,fa_prob_ps,hacf,gacf,hcs
4562450,0.112059887353479,22.35502123925835,0.384367412715219,0.133055973245612,0.133055973245612,-1.0,-1.0,0.11885608431744309,0.11885608431744309,359.0289032918239,831.0628844847331,386.7769548622387,327.9044283077269,619.9875714921777,348.40802433706637,14.475701716529988,5.167525433745953e-07,0.28200096558400156,0.17333184798705756,1.3879902166496687
