target_id,prot_ps,prot_acf,prot_cs,e_prot_ps,E_prot_ps,e_prot_acf,E_prot_acf,e_prot_cs,E_prot_cs,sph_ps,sph_acf,sph_cs,e_sph_ps,e_sph_acf,e_sph_cs,h_ps,fa_prob_ps,hacf,gacf,hcs
4546168,52.55091047904768,55.232369618956,0.8496344538498671,7.389056098930649,7.389056098930649,-1.0,-1.0,0.4055202571091976,0.4055202571091976,240.4581974892783,242.42381489401706,171.60563506564512,45.271707066291086,41.531711221192595,20.20532983163806,16.223545351985383,8.999197367468941e-08,0.2232869738067093,0.1352068701888249,0.2657022746117896
