target_id,prot_ps,prot_acf,prot_cs,e_prot_ps,E_prot_ps,e_prot_acf,E_prot_acf,e_prot_cs,E_prot_cs,sph_ps,sph_acf,sph_cs,e_sph_ps,e_sph_acf,e_sph_cs,h_ps,fa_prob_ps,hacf,gacf,hcs
4587155,1.6270661172561982,-1.0,2.971880198344588,1.0224174122077863,1.0224174122077863,-1.0,-1.0,0.15081169329625155,0.15081169329625155,694.0391618646033,-1.0,780.7832369702229,137.12811919029704,-1.0,213.0622400719923,41.89081390660547,6.412844038471864e-19,-1.0,-1.0,0.1871592526890017
