target_id,prot_ps,prot_acf,prot_cs,e_prot_ps,E_prot_ps,e_prot_acf,E_prot_acf,e_prot_cs,E_prot_cs,sph_ps,sph_acf,sph_cs,e_sph_ps,e_sph_acf,e_sph_cs,h_ps,fa_prob_ps,hacf,gacf,hcs
4556565,0.4642702322953419,-1.0,3.3176258431188765,0.6976306733407621,0.6976306733407621,-1.0,-1.0,1.3154539930849973,1.3154539930849973,411.6204784552717,-1.0,646.3366488085966,113.79173538900982,-1.0,238.2407215754592,55.11298581456022,1.1607384730888903e-24,-1.0,-1.0,0.09218505788789828
