target_id,prot_ps,prot_acf,prot_cs,e_prot_ps,E_prot_ps,e_prot_acf,E_prot_acf,e_prot_cs,E_prot_cs,sph_ps,sph_acf,sph_cs,e_sph_ps,e_sph_acf,e_sph_cs,h_ps,fa_prob_ps,hacf,gacf,hcs
4585736,3.0340571980322983,-1.0,3.0378291340162082,0.2187427456104933,0.2187427456104933,-1.0,-1.0,0.17121218604344238,0.17121218604344238,593.3035993707358,-1.0,592.5295343726235,196.01036210800706,-1.0,196.07601449954748,10.848917522979635,1.9425624304880407e-05,-1.0,-1.0,0.6689735475995643
