target_id,prot_ps,prot_acf,prot_cs,e_prot_ps,E_prot_ps,e_prot_acf,E_prot_acf,e_prot_cs,E_prot_cs,sph_ps,sph_acf,sph_cs,e_sph_ps,e_sph_acf,e_sph_cs,h_ps,fa_prob_ps,hacf,gacf,hcs
4577152,0.23268813130818253,-1.0,0.4682000315456391,0.21917635465125543,0.21917635465125543,-1.0,-1.0,0.00809198207217691,0.00809198207217691,272.1298476437191,-1.0,284.2911312079423,142.70086245444068,-1.0,148.4257495835046,237.98575477710725,4.406562443702167e-104,-1.0,-1.0,0.10373154712669058
