target_id,prot_ps,prot_acf,prot_cs,e_prot_ps,E_prot_ps,e_prot_acf,E_prot_acf,e_prot_cs,E_prot_cs,sph_ps,sph_acf,sph_cs,e_sph_ps,e_sph_acf,e_sph_cs,h_ps,fa_prob_ps,hacf,gacf,hcs
4543236,45.65582230714639,46.568382541649044,45.681667906872434,2.7823061605594557,2.7823061605594557,-1.0,-1.0,0.6576997718075958,0.6576997718075958,1477.6459202197045,1476.0706046738621,1477.4947800070083,288.88263340197875,266.4905792774702,288.4749407709475,29.128860896832443,2.2361269118002795e-13,0.4363700796628149,0.2051510958895722,0.3119878390616344
