target_id,prot_ps,prot_acf,prot_cs,e_prot_ps,E_prot_ps,e_prot_acf,E_prot_acf,e_prot_cs,E_prot_cs,sph_ps,sph_acf,sph_cs,e_sph_ps,e_sph_acf,e_sph_cs,h_ps,fa_prob_ps,hacf,gacf,hcs
4577506,0.42929367735218593,-1.0,0.7790151743898852,0.3967407009758959,0.3967407009758959,-1.0,-1.0,0.012165469754639597,0.012165469754639597,397.76262393465794,-1.0,408.20365357802063,223.32626481154335,-1.0,229.65013300742785,17.86843388950283,1.737151763439495e-08,-1.0,-1.0,0.19917658159937304
