target_id,prot_ps,prot_acf,prot_cs,e_prot_ps,E_prot_ps,e_prot_acf,E_prot_acf,e_prot_cs,E_prot_cs,sph_ps,sph_acf,sph_cs,e_sph_ps,e_sph_acf,e_sph_cs,h_ps,fa_prob_ps,hacf,gacf,hcs
4553880,0.17344016188220418,58.39919703267515,5.799256861386819,0.16562123108773552,0.16562123108773552,-1.0,-1.0,0.35424198974316734,0.35424198974316734,240.62278798513904,317.75388933550107,272.2870554511026,28.750498701286357,0.0,29.542871992084745,10.835339469006534,1.9691185300954046e-05,0.07407372720091049,0.07821165813563583,0.10904387082588335
