target_id,prot_ps,prot_acf,prot_cs,e_prot_ps,E_prot_ps,e_prot_acf,E_prot_acf,e_prot_cs,E_prot_cs,sph_ps,sph_acf,sph_cs,e_sph_ps,e_sph_acf,e_sph_cs,h_ps,fa_prob_ps,hacf,gacf,hcs
4679768,0.20688420757063633,-1.0,6.330126279856772,0.07093991633089594,0.07093991633089594,-1.0,-1.0,0.08553711146207953,0.08553711146207953,174.4449242627712,-1.0,602.4270451289625,68.62540234664976,-1.0,275.6988612577396,40.345502709507805,3.007258794694351e-18,-1.0,-1.0,0.19707695652860685
