target_id,prot_ps,prot_acf,prot_cs,e_prot_ps,E_prot_ps,e_prot_acf,E_prot_acf,e_prot_cs,E_prot_cs,sph_ps,sph_acf,sph_cs,e_sph_ps,e_sph_acf,e_sph_cs,h_ps,fa_prob_ps,hacf,gacf,hcs
4667807,0.5582359776270748,-1.0,0.7333786601043958,7.389056098930511,7.389056098930511,-1.0,-1.0,0.008492085438787971,0.008492085438787971,277.0751665884171,-1.0,283.4525661095021,141.54148210848277,-1.0,146.89286674640925,18.79399838229277,6.8844652109975756e-09,-1.0,-1.0,0.3887120164768883
