target_id,prot_ps,prot_acf,prot_cs,e_prot_ps,E_prot_ps,e_prot_acf,E_prot_acf,e_prot_cs,E_prot_cs,sph_ps,sph_acf,sph_cs,e_sph_ps,e_sph_acf,e_sph_cs,h_ps,fa_prob_ps,hacf,gacf,hcs
4660819,14.04776568016989,29.71065016184002,14.198993524387477,0.6515497053146085,0.6515497053146085,-1.0,-1.0,0.3613612897525082,0.3613612897525082,948.9423453663627,1029.602411105997,929.4608856743838,382.9741784318729,130.1835527041267,406.90455547591597,58.416362817447215,4.2667379979957747e-26,0.13678806626355572,0.0534246153637618,0.6080580938460322
