target_id,prot_ps,prot_acf,prot_cs,e_prot_ps,E_prot_ps,e_prot_acf,E_prot_acf,e_prot_cs,E_prot_cs,sph_ps,sph_acf,sph_cs,e_sph_ps,e_sph_acf,e_sph_cs,h_ps,fa_prob_ps,hacf,gacf,hcs
4641231,4.556057256194402,-1.0,1.0347518837239813,0.2816780288231451,0.2816780288231451,-1.0,-1.0,0.011375626662149228,0.011375626662149228,881.0482529015577,-1.0,717.931223576583,225.75457780421317,-1.0,206.37131798299296,33.958084582765686,1.7872744613290878e-15,-1.0,-1.0,0.17798635332892132
