target_id,prot_ps,prot_acf,prot_cs,e_prot_ps,E_prot_ps,e_prot_acf,E_prot_acf,e_prot_cs,E_prot_cs,sph_ps,sph_acf,sph_cs,e_sph_ps,e_sph_acf,e_sph_cs,h_ps,fa_prob_ps,hacf,gacf,hcs
4646799,11.78216836552491,22.293163845781237,0.43126501162052594,3.5712234116843877,3.5712234116843877,-1.0,-1.0,0.008869093021608258,0.008869093021608258,1217.3294441283826,1245.929555950742,434.9216714327323,337.16714716551013,274.9182782453739,135.1575598109391,23.83728477721402,4.442206647749329e-11,0.4330898782990261,0.21777852207766915,0.8897131749136464
