target_id,prot_ps,prot_acf,prot_cs,e_prot_ps,E_prot_ps,e_prot_acf,E_prot_acf,e_prot_cs,E_prot_cs,sph_ps,sph_acf,sph_cs,e_sph_ps,e_sph_acf,e_sph_cs,h_ps,fa_prob_ps,hacf,gacf,hcs
4646583,0.6218728529966436,-1.0,2.495978347017091,7.389056098930554,7.389056098930554,-1.0,-1.0,0.01006253720824395,0.01006253720824395,156.18358684800782,-1.0,241.84524103790642,42.13372510629336,-1.0,114.51808271462068,11.79239674494621,7.561834451100125e-06,-1.0,-1.0,0.3718421250315197
