target_id,prot_ps,prot_acf,prot_cs,e_prot_ps,E_prot_ps,e_prot_acf,E_prot_acf,e_prot_cs,E_prot_cs,sph_ps,sph_acf,sph_cs,e_sph_ps,e_sph_acf,e_sph_cs,h_ps,fa_prob_ps,hacf,gacf,hcs
4649785,21.813167423171038,20.88267810922116,21.563919291375207,1.6809283170338554,1.6809283170338554,-1.0,-1.0,1.4536617380656383,1.4536617380656383,3432.9632671571917,3492.1114177104564,3453.8616286682745,640.4704314454832,647.7721849610073,631.1521966727025,22.247834805367773,2.1771487863153774e-10,1.0467126813174232,0.562265900364243,0.9362096229589553
