target_id,prot_ps,prot_acf,prot_cs,e_prot_ps,E_prot_ps,e_prot_acf,E_prot_acf,e_prot_cs,E_prot_cs,sph_ps,sph_acf,sph_cs,e_sph_ps,e_sph_acf,e_sph_cs,h_ps,fa_prob_ps,hacf,gacf,hcs
4681121,7.232612811746877,14.385326892137527,14.507737177593281,0.23431186876006674,0.23431186876006674,-1.0,-1.0,0.2398835783528179,0.2398835783528179,7523.962925659068,7810.973806494612,7826.601668049942,2973.1993778294914,2710.5034009065735,2766.5949424396426,125.18487928269484,4.2943526915290695e-55,0.8917509127368843,0.5877522466606502,0.728288296427606
