target_id,prot_ps,prot_acf,prot_cs,e_prot_ps,E_prot_ps,e_prot_acf,E_prot_acf,e_prot_cs,E_prot_cs,sph_ps,sph_acf,sph_cs,e_sph_ps,e_sph_acf,e_sph_cs,h_ps,fa_prob_ps,hacf,gacf,hcs
4661205,45.93540431279718,-1.0,2.8831926529409766,7.389056098925902,7.389056098925902,-1.0,-1.0,0.32641389458640657,0.32641389458640657,1452.5029952316297,-1.0,710.168307796833,218.81345938085028,-1.0,513.1830854531755,24.33775922430685,2.6930565126544773e-11,-1.0,-1.0,0.18016527426354448
