target_id,prot_ps,prot_acf,prot_cs,e_prot_ps,E_prot_ps,e_prot_acf,E_prot_acf,e_prot_cs,E_prot_cs,sph_ps,sph_acf,sph_cs,e_sph_ps,e_sph_acf,e_sph_cs,h_ps,fa_prob_ps,hacf,gacf,hcs
4750239,9.681311797563705,18.921698641963303,18.12028501265682,0.3587396373086645,0.3587396373086645,-1.0,-1.0,0.6491315508977795,0.6491315508977795,1013.5307760485302,1090.8282549381684,1095.6399161881413,560.903964577203,415.69805180232,436.85614704315526,34.64762370317224,8.968673512786593e-16,0.5898084258942304,0.326535295623613,0.7721099508522491
