target_id,prot_ps,prot_acf,prot_cs,e_prot_ps,E_prot_ps,e_prot_acf,E_prot_acf,e_prot_cs,E_prot_cs,sph_ps,sph_acf,sph_cs,e_sph_ps,e_sph_acf,e_sph_cs,h_ps,fa_prob_ps,hacf,gacf,hcs
4732672,0.7135250414526484,33.34790660440922,5.032085214569883,7.389056098930395,7.389056098930395,-1.0,-1.0,0.13641616128829986,0.13641616128829986,123.15741856625127,339.1957759395739,285.0829782482687,41.47112285905179,66.05836684985815,114.37686852696825,14.60541481119751,4.538882515344812e-07,0.3178266726479656,0.07748451633747776,3.8547552745199987
