target_id,prot_ps,prot_acf,prot_cs,e_prot_ps,E_prot_ps,e_prot_acf,E_prot_acf,e_prot_cs,E_prot_cs,sph_ps,sph_acf,sph_cs,e_sph_ps,e_sph_acf,e_sph_cs,h_ps,fa_prob_ps,hacf,gacf,hcs
4738756,0.7328022983817145,-1.0,1.557666289159251,1.5639152376243166,1.5639152376243166,-1.0,-1.0,0.13158627593045283,0.13158627593045283,697.8198981188981,-1.0,706.460098609561,82.57129300018444,-1.0,78.20944883987238,10.788345646724705,2.063863719871786e-05,-1.0,-1.0,0.1660782421234365
