target_id,prot_ps,prot_acf,prot_cs,e_prot_ps,E_prot_ps,e_prot_acf,E_prot_acf,e_prot_cs,E_prot_cs,sph_ps,sph_acf,sph_cs,e_sph_ps,e_sph_acf,e_sph_cs,h_ps,fa_prob_ps,hacf,gacf,hcs
4736079,4.540180399533356,6.8452912755310535,8.6632698793301,0.373306498169316,0.373306498169316,-1.0,-1.0,0.1664735691979357,0.1664735691979357,474.6331459223265,501.2170207273744,498.32510431689514,115.20234945947344,105.16258630062207,99.86445339149228,25.85054691012477,5.932669057752615e-12,0.10281068458018028,0.14014271262294062,51.41969590588592
