target_id,prot_ps,prot_acf,prot_cs,e_prot_ps,E_prot_ps,e_prot_acf,E_prot_acf,e_prot_cs,E_prot_cs,sph_ps,sph_acf,sph_cs,e_sph_ps,e_sph_acf,e_sph_cs,h_ps,fa_prob_ps,hacf,gacf,hcs
4757305,14.465184495617374,28.95451224176213,0.7080267107812689,0.8181142733191386,0.8181142733191386,-1.0,-1.0,0.06058975710120218,0.06058975710120218,857.8277614603342,913.5029824212994,317.0687118058761,391.53946947140855,256.90428655539625,202.4107330649846,22.987650257789298,1.0389396982253708e-10,0.21087587758751347,0.05075843421527162,4.257269088059478
