target_id,prot_ps,prot_acf,prot_cs,e_prot_ps,E_prot_ps,e_prot_acf,E_prot_acf,e_prot_cs,E_prot_cs,sph_ps,sph_acf,sph_cs,e_sph_ps,e_sph_acf,e_sph_cs,h_ps,fa_prob_ps,hacf,gacf,hcs
4864449,5.23585562306446,5.169702935963869,5.194793900463645,0.14388505303837582,0.14388505303837582,-1.0,-1.0,0.014211281068471422,0.014211281068471422,2022.2902476564755,2001.351892446156,2002.5021004052323,1203.886279824127,1187.3582166962608,1210.6472445901347,1240.5078674939782,0.0,1.3950320269262408,0.8029491038799526,0.6991708273936843
