target_id,prot_ps,prot_acf,prot_cs,e_prot_ps,E_prot_ps,e_prot_acf,E_prot_acf,e_prot_cs,E_prot_cs,sph_ps,sph_acf,sph_cs,e_sph_ps,e_sph_acf,e_sph_cs,h_ps,fa_prob_ps,hacf,gacf,hcs
4821106,0.2518945590020683,33.71562527026981,3.115323774972931,0.31609117925847957,0.31609117925847957,-1.0,-1.0,0.3006564108504542,0.3006564108504542,210.60304156318958,378.8071232896267,286.9195758380681,30.04291850341275,120.7277707836641,105.31777367851272,11.808094438868672,7.444057916894617e-06,0.15502307255977038,0.061760360351673003,0.40701389847212993
