target_id,prot_ps,prot_acf,prot_cs,e_prot_ps,E_prot_ps,e_prot_acf,E_prot_acf,e_prot_cs,E_prot_cs,sph_ps,sph_acf,sph_cs,e_sph_ps,e_sph_acf,e_sph_cs,h_ps,fa_prob_ps,hacf,gacf,hcs
4820690,7.244638077045452,16.571729333605617,7.219879460396116,2.4921961004364257,2.4921961004364257,-1.0,-1.0,0.04131392915131992,0.04131392915131992,1654.309556898958,1806.0412624241258,1618.9019577161866,396.64826660450416,338.83079886908695,410.5528274796903,44.97932327774964,2.922322223206931e-20,0.23483671793654715,0.13846249719083067,1.1049565407554738
