target_id,prot_ps,prot_acf,prot_cs,e_prot_ps,E_prot_ps,e_prot_acf,E_prot_acf,e_prot_cs,E_prot_cs,sph_ps,sph_acf,sph_cs,e_sph_ps,e_sph_acf,e_sph_cs,h_ps,fa_prob_ps,hacf,gacf,hcs
4847522,22.127944051725652,21.332729022949934,0.7636054440494624,7.389056098930397,7.389056098930397,-1.0,-1.0,0.05994441560215406,0.05994441560215406,1131.0340653225176,1151.35000446776,518.2058167332563,305.60319592879966,231.485799882129,301.2721044197863,15.5580833056068,1.7506941130969216e-07,0.3055790643565318,0.12644651612237787,0.43897202443265276
