target_id,prot_ps,prot_acf,prot_cs,e_prot_ps,E_prot_ps,e_prot_acf,E_prot_acf,e_prot_cs,E_prot_cs,sph_ps,sph_acf,sph_cs,e_sph_ps,e_sph_acf,e_sph_cs,h_ps,fa_prob_ps,hacf,gacf,hcs
4851871,0.13055735249481737,0.14303557528182864,0.3714819850007024,0.0028641260977065783,0.0028641260977065783,-1.0,-1.0,0.010885802017201678,0.010885802017201678,385.7695910259155,387.26182076934987,403.5437511448384,214.26238412778844,214.75402280872706,220.0988424525647,36933.28479122134,0.0,0.17380098078054157,0.7281596455124205,0.00031170042197251513
