target_id,prot_ps,prot_acf,prot_cs,e_prot_ps,E_prot_ps,e_prot_acf,E_prot_acf,e_prot_cs,E_prot_cs,sph_ps,sph_acf,sph_cs,e_sph_ps,e_sph_acf,e_sph_cs,h_ps,fa_prob_ps,hacf,gacf,hcs
4860614,45.98864350313457,57.868436716496944,2.268799706804286,1.3803881159490374,1.3803881159490374,-1.0,-1.0,0.007110085320086277,0.007110085320086277,221.16141060681954,226.02384197202522,156.3960115780636,32.712424596093975,37.55572431618544,33.535763256016075,39.3044093648401,8.51749521742288e-18,0.19449770110966907,0.05162303985533594,0.2236433058493524
