target_id,prot_ps,prot_acf,prot_cs,e_prot_ps,E_prot_ps,e_prot_acf,E_prot_acf,e_prot_cs,E_prot_cs,sph_ps,sph_acf,sph_cs,e_sph_ps,e_sph_acf,e_sph_cs,h_ps,fa_prob_ps,hacf,gacf,hcs
4902057,0.17551471577208486,-1.0,0.4746673154644668,0.15909621505909635,0.15909621505909635,-1.0,-1.0,0.23111173033591603,0.23111173033591603,2128.284673733936,-1.0,2499.6875604628303,444.7181029772264,-1.0,709.4740006536296,7.474884006816697,0.0005671515495367502,-1.0,-1.0,0.46871561281776936
