target_id,prot_ps,prot_acf,prot_cs,e_prot_ps,E_prot_ps,e_prot_acf,E_prot_acf,e_prot_cs,E_prot_cs,sph_ps,sph_acf,sph_cs,e_sph_ps,e_sph_acf,e_sph_cs,h_ps,fa_prob_ps,hacf,gacf,hcs
4946140,16.984799233740684,16.939579911064357,16.98944833074739,0.840753263176941,0.840753263176941,-1.0,-1.0,0.6431342656559236,0.6431342656559236,2051.195758487154,2047.6208770161616,2051.759962545934,526.8285845341013,527.4353683737414,527.3732482398706,47.27340002166047,2.9472924378301594e-21,0.8175416582090023,0.4486137332446903,0.9972213897515112
