target_id,prot_ps,prot_acf,prot_cs,e_prot_ps,E_prot_ps,e_prot_acf,E_prot_acf,e_prot_cs,E_prot_cs,sph_ps,sph_acf,sph_cs,e_sph_ps,e_sph_acf,e_sph_cs,h_ps,fa_prob_ps,hacf,gacf,hcs
4990599,0.19965230950029836,57.846101976465434,3.1759165066061548,0.19532801704068026,0.19532801704068026,-1.0,-1.0,0.25118031828817244,0.25118031828817244,588.997148959469,956.5386208890951,706.9129018817579,111.08225547649667,0.0,119.64885773114507,8.356176855329956,0.0002349408317451239,0.16262694549637763,0.023131507395809468,0.5216907880581364
