target_id,prot_ps,prot_acf,prot_cs,e_prot_ps,E_prot_ps,e_prot_acf,E_prot_acf,e_prot_cs,E_prot_cs,sph_ps,sph_acf,sph_cs,e_sph_ps,e_sph_acf,e_sph_cs,h_ps,fa_prob_ps,hacf,gacf,hcs
4929905,4.907017611897884,9.889957765117288,9.7205615876941,0.22782874493554567,0.22782874493554567,-1.0,-1.0,0.47150688427783394,0.47150688427783394,1559.9425923397603,1745.2280412226187,1748.4071738981622,972.3142559923597,887.9955885623777,888.2776814158443,74.42806764921254,4.745706998491155e-33,0.7497644368899636,0.48560500270088724,0.3542233862546609
