target_id,prot_ps,prot_acf,prot_cs,e_prot_ps,E_prot_ps,e_prot_acf,E_prot_acf,e_prot_cs,E_prot_cs,sph_ps,sph_acf,sph_cs,e_sph_ps,e_sph_acf,e_sph_cs,h_ps,fa_prob_ps,hacf,gacf,hcs
4917483,47.128616725770065,48.87739634513855,2.0225270444154737,7.389056098924842,7.389056098924842,-1.0,-1.0,1.1312860654089865,1.1312860654089865,448.2115371954401,446.8117045566748,385.0480113057979,19.281945229009082,17.206786053305603,35.20814320265914,11.53962083948071,9.736577973359507e-06,0.05381976984276923,0.0036996140344417736,0.3766180648307014
