target_id,prot_ps,prot_acf,prot_cs,e_prot_ps,E_prot_ps,e_prot_acf,E_prot_acf,e_prot_cs,E_prot_cs,sph_ps,sph_acf,sph_cs,e_sph_ps,e_sph_acf,e_sph_cs,h_ps,fa_prob_ps,hacf,gacf,hcs
4995716,53.90881213784639,56.66284557618201,2.020412233401304,7.389056098930649,7.389056098930649,-1.0,-1.0,0.008123578604899808,0.008123578604899808,1351.8223914005512,1389.237930008144,731.6183808148443,309.5079617373263,302.3342271531845,240.42946904991308,20.78000157975207,9.448437181293729e-10,0.3376749243229778,0.19410731931952943,0.48485108024123474
