target_id,prot_ps,prot_acf,prot_cs,e_prot_ps,E_prot_ps,e_prot_acf,E_prot_acf,e_prot_cs,E_prot_cs,sph_ps,sph_acf,sph_cs,e_sph_ps,e_sph_acf,e_sph_cs,h_ps,fa_prob_ps,hacf,gacf,hcs
4940654,0.6223590204497221,-1.0,2.2892615474000677,2.90301465456868,2.90301465456868,-1.0,-1.0,0.8944857239477343,0.8944857239477343,499.24509481853136,-1.0,546.0241194868443,256.20315545422375,-1.0,270.9967706406988,20.88210808121093,8.531309346518671e-10,-1.0,-1.0,0.1273241572084599
