target_id,prot_ps,prot_acf,prot_cs,e_prot_ps,E_prot_ps,e_prot_acf,E_prot_acf,e_prot_cs,E_prot_cs,sph_ps,sph_acf,sph_cs,e_sph_ps,e_sph_acf,e_sph_cs,h_ps,fa_prob_ps,hacf,gacf,hcs
4917326,0.15196732970654891,-1.0,0.7016672950331121,7.389056085577994,7.389056085577994,-1.0,-1.0,0.40356697600654584,0.40356697600654584,523.8452475929281,-1.0,541.7543444652953,65.66074897284814,-1.0,41.01997912271127,8.215448506537939,0.000270443188291085,-1.0,-1.0,0.16622872267617658
