target_id,prot_ps,prot_acf,prot_cs,e_prot_ps,E_prot_ps,e_prot_acf,E_prot_acf,e_prot_cs,E_prot_cs,sph_ps,sph_acf,sph_cs,e_sph_ps,e_sph_acf,e_sph_cs,h_ps,fa_prob_ps,hacf,gacf,hcs
4902014,0.16579568835912903,-1.0,1.7954735953453926,0.08830316114984756,0.08830316114984756,-1.0,-1.0,1.8961549542435208,1.8961549542435208,34.785307969689,-1.0,59.68230092043776,146.52540990621438,-1.0,204.2882467593642,8.996177434300774,0.00012388244895323276,-1.0,-1.0,0.4067254277749325
