target_id,prot_ps,prot_acf,prot_cs,e_prot_ps,E_prot_ps,e_prot_acf,E_prot_acf,e_prot_cs,E_prot_cs,sph_ps,sph_acf,sph_cs,e_sph_ps,e_sph_acf,e_sph_cs,h_ps,fa_prob_ps,hacf,gacf,hcs
4949045,0.3543461065865959,23.703121915459633,0.9912400380345672,0.40917565599082645,0.40917565599082645,-1.0,-1.0,1.2749886092881826,1.2749886092881826,247.92734536114935,620.7935017140752,341.891101833004,46.05961275924898,125.52549159686266,118.88081588916886,12.430095073849095,3.996486036378253e-06,0.1847585096088086,0.023187203133868142,5.114228473467418
