target_id,prot_ps,prot_acf,prot_cs,e_prot_ps,E_prot_ps,e_prot_acf,E_prot_acf,e_prot_cs,E_prot_cs,sph_ps,sph_acf,sph_cs,e_sph_ps,e_sph_acf,e_sph_cs,h_ps,fa_prob_ps,hacf,gacf,hcs
4912049,8.028373494159833,15.61140563711524,15.527611490287367,0.38419047776505444,0.38419047776505444,-1.0,-1.0,0.1906513095522258,0.1906513095522258,2454.2421286631206,2596.7822498730984,2587.3899623048765,860.5942278208115,863.9276951774723,861.4571629180441,44.7946678573548,3.5149805876347465e-20,0.5014470654789103,0.3125912668191292,0.6846176146893916
