target_id,prot_ps,prot_acf,prot_cs,e_prot_ps,E_prot_ps,e_prot_acf,E_prot_acf,e_prot_cs,E_prot_cs,sph_ps,sph_acf,sph_cs,e_sph_ps,e_sph_acf,e_sph_cs,h_ps,fa_prob_ps,hacf,gacf,hcs
4931303,12.929048735437535,57.35737025691196,2.825520124869743,3.138585716148979,3.138585716148979,-1.0,-1.0,0.009589524305226525,0.009589524305226525,715.9207329315585,814.0601000055069,487.0031996329125,367.55588426435867,225.78628824319432,318.21023677533856,15.612389770822993,1.6581555665318243e-07,0.2055720617480079,0.07263234704191977,0.7212971538799484
