target_id,prot_ps,prot_acf,prot_cs,e_prot_ps,E_prot_ps,e_prot_acf,E_prot_acf,e_prot_cs,E_prot_cs,sph_ps,sph_acf,sph_cs,e_sph_ps,e_sph_acf,e_sph_cs,h_ps,fa_prob_ps,hacf,gacf,hcs
5025366,0.19385821510549525,48.97958490718156,0.5727118019368538,0.6214046167919811,0.6214046167919811,-1.0,-1.0,0.010703715150573043,0.010703715150573043,1834.6532109353766,2745.8527702912265,1902.1822204033476,1511.3813437141175,1524.6467635430183,1566.3512143209302,14.941051392072929,3.244769317026571e-07,0.06665770837467229,0.012712035218462796,0.25544459790478025
