target_id,prot_ps,prot_acf,prot_cs,e_prot_ps,E_prot_ps,e_prot_acf,E_prot_acf,e_prot_cs,E_prot_cs,sph_ps,sph_acf,sph_cs,e_sph_ps,e_sph_acf,e_sph_cs,h_ps,fa_prob_ps,hacf,gacf,hcs
5025538,0.13058783490882808,-1.0,0.6068805080372841,0.35198099593663595,0.35198099593663595,-1.0,-1.0,0.19395860475827292,0.19395860475827292,414.10778738671394,-1.0,428.78021951364224,216.29746813548374,-1.0,212.63199972254063,18.857502004225402,6.460869024872277e-09,-1.0,-1.0,0.1477997691004996
