target_id,prot_ps,prot_acf,prot_cs,e_prot_ps,E_prot_ps,e_prot_acf,E_prot_acf,e_prot_cs,E_prot_cs,sph_ps,sph_acf,sph_cs,e_sph_ps,e_sph_acf,e_sph_cs,h_ps,fa_prob_ps,hacf,gacf,hcs
5023872,2.0666806942889413,-1.0,1.279566119937226,0.7173802506928305,0.7173802506928305,-1.0,-1.0,0.11267514430948727,0.11267514430948727,504.12250897742337,-1.0,461.76642936819206,302.86208323573175,-1.0,268.74906091947815,15.456366988564628,1.9381398296610956e-07,-1.0,-1.0,0.4116668656241115
