target_id,prot_ps,prot_acf,prot_cs,e_prot_ps,E_prot_ps,e_prot_acf,E_prot_acf,e_prot_cs,E_prot_cs,sph_ps,sph_acf,sph_cs,e_sph_ps,e_sph_acf,e_sph_cs,h_ps,fa_prob_ps,hacf,gacf,hcs
5009036,11.782145195062101,48.50957547966391,11.908140396918169,0.4567582178209864,0.4567582178209864,-1.0,-1.0,0.19869512128897454,0.19869512128897454,872.0398512515516,904.8282388882667,878.3259496998387,128.00809767368702,56.446808169729216,141.6934105665468,26.22712876085531,4.071015003911448e-12,0.04907918180397376,0.007844681070820002,0.7290702631553957
