target_id,prot_ps,prot_acf,prot_cs,e_prot_ps,E_prot_ps,e_prot_acf,E_prot_acf,e_prot_cs,E_prot_cs,sph_ps,sph_acf,sph_cs,e_sph_ps,e_sph_acf,e_sph_cs,h_ps,fa_prob_ps,hacf,gacf,hcs
5093373,3.0454233751627946,-1.0,1.4538487376448725,4.761885805524914,4.761885805524914,-1.0,-1.0,0.009086063178529159,0.009086063178529159,386.6276794738549,-1.0,360.6761196470497,69.2695698700841,-1.0,36.985485141393376,16.883140179501286,4.6531321079369755e-08,-1.0,-1.0,0.22884406796561588
