target_id,prot_ps,prot_acf,prot_cs,e_prot_ps,E_prot_ps,e_prot_acf,E_prot_acf,e_prot_cs,E_prot_cs,sph_ps,sph_acf,sph_cs,e_sph_ps,e_sph_acf,e_sph_cs,h_ps,fa_prob_ps,hacf,gacf,hcs
5018092,0.11749706653584223,-1.0,0.8900930548086764,0.1529859243050617,0.1529859243050617,-1.0,-1.0,0.1294426433852865,0.1294426433852865,411.0602984804352,-1.0,437.8075097921355,216.98380326582725,-1.0,223.3047546015497,15.862063343013261,1.2917944624900423e-07,-1.0,-1.0,0.23729819378634245
