target_id,prot_ps,prot_acf,prot_cs,e_prot_ps,E_prot_ps,e_prot_acf,E_prot_acf,e_prot_cs,E_prot_cs,sph_ps,sph_acf,sph_cs,e_sph_ps,e_sph_acf,e_sph_cs,h_ps,fa_prob_ps,hacf,gacf,hcs
5097847,0.1623777818645511,-1.0,0.3471101542958912,7.3890560989306,7.3890560989306,-1.0,-1.0,0.013041104658667806,0.013041104658667806,114.21091056016569,-1.0,116.6680372193619,15.283340061057533,-1.0,12.666198882244663,11.021782897534601,1.634182317180897e-05,-1.0,-1.0,0.24147295504106261
