target_id,prot_ps,prot_acf,prot_cs,e_prot_ps,E_prot_ps,e_prot_acf,E_prot_acf,e_prot_cs,E_prot_cs,sph_ps,sph_acf,sph_cs,e_sph_ps,e_sph_acf,e_sph_cs,h_ps,fa_prob_ps,hacf,gacf,hcs
5037811,45.921491710580426,53.41392840910703,2.786147336871363,1.5683484191911483,1.5683484191911483,-1.0,-1.0,0.8106212533789934,0.8106212533789934,1143.5979125318104,1143.745858715751,761.1076748377643,285.0250155156786,189.47304579826334,198.11437584549626,21.00350397084438,7.556037851550484e-10,0.14979739812911802,0.011179397586371686,0.26699610958706615
