target_id,prot_ps,prot_acf,prot_cs,e_prot_ps,E_prot_ps,e_prot_acf,E_prot_acf,e_prot_cs,E_prot_cs,sph_ps,sph_acf,sph_cs,e_sph_ps,e_sph_acf,e_sph_cs,h_ps,fa_prob_ps,hacf,gacf,hcs
5025935,11.593434643212575,11.74926059320569,11.70165054593235,0.3336104217363757,0.3336104217363757,-1.0,-1.0,0.2038844503395683,0.2038844503395683,2358.937570593263,2376.954128673519,2368.7779146114235,1644.1873211862728,1613.6601918560084,1625.5268546974812,126.22183017743438,1.5224942398395313e-55,0.7626253092606965,0.49305531663076535,0.9128923324671813
