target_id,prot_ps,prot_acf,prot_cs,e_prot_ps,E_prot_ps,e_prot_acf,E_prot_acf,e_prot_cs,E_prot_cs,sph_ps,sph_acf,sph_cs,e_sph_ps,e_sph_acf,e_sph_cs,h_ps,fa_prob_ps,hacf,gacf,hcs
5094165,2.3557325710066372,-1.0,6.810564685659482,1.182203494609036,1.182203494609036,-1.0,-1.0,0.451063551467984,0.451063551467984,182.64989647136937,-1.0,213.9227437139051,37.35937261291525,-1.0,69.36791796134077,16.32212096626762,8.154417277664428e-08,-1.0,-1.0,0.2463889009281361
