target_id,prot_ps,prot_acf,prot_cs,e_prot_ps,E_prot_ps,e_prot_acf,E_prot_acf,e_prot_cs,E_prot_cs,sph_ps,sph_acf,sph_cs,e_sph_ps,e_sph_acf,e_sph_cs,h_ps,fa_prob_ps,hacf,gacf,hcs
5023847,0.14458107059746106,52.20801829127595,1.2795562056358902,7.389056090477616,7.389056090477616,-1.0,-1.0,0.8037113301433803,0.8037113301433803,2231.1400110214954,7461.355863360607,3164.0148070004034,1883.7381449012712,4996.037902570023,3357.5566233533023,14.2115621907554,6.72971947620313e-07,0.170555633695399,0.017424295168686092,8.266190135038393
