target_id,prot_ps,prot_acf,prot_cs,e_prot_ps,E_prot_ps,e_prot_acf,E_prot_acf,e_prot_cs,E_prot_cs,sph_ps,sph_acf,sph_cs,e_sph_ps,e_sph_acf,e_sph_cs,h_ps,fa_prob_ps,hacf,gacf,hcs
5040077,5.028200384195648,15.284887362271547,15.317768018892812,0.19225232586756677,0.19225232586756677,-1.0,-1.0,0.7431253507400227,0.7431253507400227,1230.9855683707406,1432.0385155395074,1452.051069679802,1396.1651542337236,1240.970317476058,1218.7625033128313,60.17167608905812,7.375188209121339e-27,0.9496648442156883,0.5681819217208329,0.5705850144616003
