target_id,prot_ps,prot_acf,prot_cs,e_prot_ps,E_prot_ps,e_prot_acf,E_prot_acf,e_prot_cs,E_prot_cs,sph_ps,sph_acf,sph_cs,e_sph_ps,e_sph_acf,e_sph_cs,h_ps,fa_prob_ps,hacf,gacf,hcs
5018454,15.218433324416212,15.345735061913729,15.136059978818077,0.9166422194843603,0.9166422194843603,-1.0,-1.0,0.48184063984590825,0.48184063984590825,3153.2103809810574,3105.8742770625527,3231.064850494116,1421.4432385883686,1523.2309325541528,1266.2104656495537,53.15884772642558,8.192298498442917e-24,0.900127263953507,0.5060161210411898,1.8402808262609514
