target_id,prot_ps,prot_acf,prot_cs,e_prot_ps,E_prot_ps,e_prot_acf,E_prot_acf,e_prot_cs,E_prot_cs,sph_ps,sph_acf,sph_cs,e_sph_ps,e_sph_acf,e_sph_cs,h_ps,fa_prob_ps,hacf,gacf,hcs
5022778,5.7243723853289135,11.810671704821289,12.015154350307007,0.2868528380124383,0.2868528380124383,-1.0,-1.0,0.48354610777601875,0.48354610777601875,2296.301937462769,2449.4810423535296,2415.0999575863484,1319.9523626695723,1084.3613029829328,1199.7834583590359,47.182840565117274,3.2266562611264953e-21,0.7814152456573603,0.4716457276646976,0.8036268853801055
