target_id,prot_ps,prot_acf,prot_cs,e_prot_ps,E_prot_ps,e_prot_acf,E_prot_acf,e_prot_cs,E_prot_cs,sph_ps,sph_acf,sph_cs,e_sph_ps,e_sph_acf,e_sph_cs,h_ps,fa_prob_ps,hacf,gacf,hcs
5197187,17.31714365913265,17.429993122350425,17.496934542162414,0.6164965977253497,0.6164965977253497,-1.0,-1.0,0.44288094632040587,0.44288094632040587,902.2294356439129,894.086797275954,896.4091263240953,465.8625918716693,477.3730590696525,477.75579289488593,85.27602432923875,9.227694228120271e-38,1.1010245563323742,0.5899174881411422,0.9872559678215747
