target_id,prot_ps,prot_acf,prot_cs,e_prot_ps,E_prot_ps,e_prot_acf,E_prot_acf,e_prot_cs,E_prot_cs,sph_ps,sph_acf,sph_cs,e_sph_ps,e_sph_acf,e_sph_cs,h_ps,fa_prob_ps,hacf,gacf,hcs
5174235,9.350820222502707,9.052066054660827,9.368931865826594,0.32308588347990697,0.32308588347990697,-1.0,-1.0,0.416292802377401,0.416292802377401,1231.5087245964728,1245.8018773695678,1231.8557705249625,26.245320297637935,24.209811107518135,26.005742864844933,22.588255680008903,1.5489778316402097e-10,0.7000889293958106,0.5020146492819246,0.9771362783290635
