target_id,prot_ps,prot_acf,prot_cs,e_prot_ps,E_prot_ps,e_prot_acf,E_prot_acf,e_prot_cs,E_prot_cs,sph_ps,sph_acf,sph_cs,e_sph_ps,e_sph_acf,e_sph_cs,h_ps,fa_prob_ps,hacf,gacf,hcs
5194092,6.3108919639786265,4.944972909986973,6.288363481023904,0.2173867979418989,0.2173867979418989,-1.0,-1.0,0.014414324798059324,0.014414324798059324,166.1963792586642,155.40476320757838,161.66336787021552,90.16683430979842,75.65402258949234,80.01457603470824,157.3756918080653,4.4937143468934973e-69,0.2680672414852403,0.32627770475372037,1.0211672072159146
