target_id,prot_ps,prot_acf,prot_cs,e_prot_ps,E_prot_ps,e_prot_acf,E_prot_acf,e_prot_cs,E_prot_cs,sph_ps,sph_acf,sph_cs,e_sph_ps,e_sph_acf,e_sph_cs,h_ps,fa_prob_ps,hacf,gacf,hcs
5192733,0.29648426866045013,-1.0,2.245454962961376,0.36460103395642246,0.36460103395642246,-1.0,-1.0,0.10727289755485914,0.10727289755485914,477.66347545572376,-1.0,512.0055575419021,244.60543908677863,-1.0,248.94653704071246,14.458653569370272,5.25637739648101e-07,-1.0,-1.0,0.16692270717602892
