target_id,prot_ps,prot_acf,prot_cs,e_prot_ps,E_prot_ps,e_prot_acf,E_prot_acf,e_prot_cs,E_prot_cs,sph_ps,sph_acf,sph_cs,e_sph_ps,e_sph_acf,e_sph_cs,h_ps,fa_prob_ps,hacf,gacf,hcs
5186354,4.98800304293472,10.114671445917338,5.026996410031409,0.2546594325220262,0.2546594325220262,-1.0,-1.0,0.16938802043073944,0.16938802043073944,306.8445303726471,324.91180219297564,304.3138183870758,65.29576205155355,59.078163394371764,69.88794500567698,29.876036937180235,1.0592586448052598e-13,1.1857452278132364e-05,0.002083615766833678,6.436187265924169
