target_id,prot_ps,prot_acf,prot_cs,e_prot_ps,E_prot_ps,e_prot_acf,E_prot_acf,e_prot_cs,E_prot_cs,sph_ps,sph_acf,sph_cs,e_sph_ps,e_sph_acf,e_sph_cs,h_ps,fa_prob_ps,hacf,gacf,hcs
5127332,15.3750692682197,16.203938642516732,16.035769140589977,1.8589952022520664,1.8589952022520664,-1.0,-1.0,1.162819708186672,1.162819708186672,2360.803599980463,2334.2428199825936,2319.2691451190217,642.2007648505322,691.6039712595066,674.1625072226719,33.82219898869204,2.0474137395642277e-15,0.7777869820065543,0.442007263012421,0.9624259969215908
