target_id,prot_ps,prot_acf,prot_cs,e_prot_ps,E_prot_ps,e_prot_acf,E_prot_acf,e_prot_cs,E_prot_cs,sph_ps,sph_acf,sph_cs,e_sph_ps,e_sph_acf,e_sph_cs,h_ps,fa_prob_ps,hacf,gacf,hcs
5112402,4.871387160666184,4.863191383890808,4.822684540964213,0.13651827773314706,0.13651827773314706,-1.0,-1.0,0.011567250573645264,0.011567250573645264,4074.8770976234923,4102.02816869959,4110.669069040415,3810.10621718307,3780.098382959031,3777.3651388408734,1150.2516517958038,0.0,1.182112321112132,0.7416886388959378,0.9825387870044472
