target_id,prot_ps,prot_acf,prot_cs,e_prot_ps,E_prot_ps,e_prot_acf,E_prot_acf,e_prot_cs,E_prot_cs,sph_ps,sph_acf,sph_cs,e_sph_ps,e_sph_acf,e_sph_cs,h_ps,fa_prob_ps,hacf,gacf,hcs
5112307,6.800523755444846,53.29097347706556,6.129483632636715,1.726897917047085,1.726897917047085,-1.0,-1.0,0.41525733768210743,0.41525733768210743,632.1913498202185,752.5244409310313,638.0853226041803,276.56643421512433,80.09385495408671,269.56643308044073,25.188267190854162,1.1504680183704299e-11,0.057044404915383214,0.01335854203660274,0.2047780668652342
