target_id,prot_ps,prot_acf,prot_cs,e_prot_ps,E_prot_ps,e_prot_acf,E_prot_acf,e_prot_cs,E_prot_cs,sph_ps,sph_acf,sph_cs,e_sph_ps,e_sph_acf,e_sph_cs,h_ps,fa_prob_ps,hacf,gacf,hcs
5183039,5.674119495085287,11.463337409310043,11.513432196627397,0.17298321427205915,0.17298321427205915,-1.0,-1.0,0.15314869934282307,0.15314869934282307,8092.836862058921,8461.398326142154,8461.191206889493,2757.8177568039923,2767.898417130027,2758.2439051425304,137.74280869536554,1.510282748979264e-60,0.9319059935227909,0.5573763756546107,0.9365844498605322
