target_id,prot_ps,prot_acf,prot_cs,e_prot_ps,E_prot_ps,e_prot_acf,E_prot_acf,e_prot_cs,E_prot_cs,sph_ps,sph_acf,sph_cs,e_sph_ps,e_sph_acf,e_sph_cs,h_ps,fa_prob_ps,hacf,gacf,hcs
5176748,47.14042115606238,48.12139023793861,47.153270825340975,6.590864760087051,6.590864760087051,-1.0,-1.0,0.6957929736266053,0.6957929736266053,205.83000804851022,205.79125035853056,205.82278052304824,26.550361842673322,25.60897766193471,26.541772300389322,33.48902177120257,2.856950004250176e-15,0.09592841748369565,0.054150392072095606,0.13257048065583624
