target_id,prot_ps,prot_acf,prot_cs,e_prot_ps,E_prot_ps,e_prot_acf,E_prot_acf,e_prot_cs,E_prot_cs,sph_ps,sph_acf,sph_cs,e_sph_ps,e_sph_acf,e_sph_cs,h_ps,fa_prob_ps,hacf,gacf,hcs
5271780,11.202315220708638,10.93200592789799,11.12374608440168,0.3347378203716784,0.3347378203716784,-1.0,-1.0,0.19115456642705744,0.19115456642705744,856.2947860807719,843.774945932725,852.4660828182895,105.55068832368886,126.7088287807161,104.87195904671763,94.2059414945784,1.2214605540800381e-41,0.08178225859534513,0.19979458994996072,0.9257765278063509
