target_id,prot_ps,prot_acf,prot_cs,e_prot_ps,E_prot_ps,e_prot_acf,E_prot_acf,e_prot_cs,E_prot_cs,sph_ps,sph_acf,sph_cs,e_sph_ps,e_sph_acf,e_sph_cs,h_ps,fa_prob_ps,hacf,gacf,hcs
5256849,13.344925848241093,39.45677906880155,1.0612455502219889,0.9657690500515631,0.9657690500515631,-1.0,-1.0,0.009288448834889848,0.009288448834889848,1589.068936981997,1789.7453277780821,829.0514214612265,764.1308817790773,395.2403348945701,467.6914485091908,32.46675150527803,7.940886267585627e-15,0.2945971794006963,0.10546963751065566,0.4023390169225757
