target_id,prot_ps,prot_acf,prot_cs,e_prot_ps,E_prot_ps,e_prot_acf,E_prot_acf,e_prot_cs,E_prot_cs,sph_ps,sph_acf,sph_cs,e_sph_ps,e_sph_acf,e_sph_cs,h_ps,fa_prob_ps,hacf,gacf,hcs
5259844,0.278867704657026,-1.0,1.8780618113325906,1.4627790434281298,1.4627790434281298,-1.0,-1.0,0.9842798097909887,0.9842798097909887,447.99797571708854,-1.0,479.89964121747585,59.068382375601665,-1.0,56.34357960678052,11.333777254655427,1.1961980199156084e-05,-1.0,-1.0,0.2285960988749893
