target_id,prot_ps,prot_acf,prot_cs,e_prot_ps,E_prot_ps,e_prot_acf,E_prot_acf,e_prot_cs,E_prot_cs,sph_ps,sph_acf,sph_cs,e_sph_ps,e_sph_acf,e_sph_cs,h_ps,fa_prob_ps,hacf,gacf,hcs
5268127,45.92224365684829,48.489306438714266,2.8928070427849892,6.167875149966103,6.167875149966103,-1.0,-1.0,1.2585292259672514,1.2585292259672514,334.28150052290044,331.1035340849893,253.6908495486436,32.856195767553324,45.749515047513206,42.35619845195021,23.212757417375702,8.29521303423203e-11,0.1807344276178509,0.06953537546961268,1.6117980126938547
