target_id,prot_ps,prot_acf,prot_cs,e_prot_ps,E_prot_ps,e_prot_acf,E_prot_acf,e_prot_cs,E_prot_cs,sph_ps,sph_acf,sph_cs,e_sph_ps,e_sph_acf,e_sph_cs,h_ps,fa_prob_ps,hacf,gacf,hcs
5207828,12.273315104036346,25.17440352588892,12.362615590512972,0.5754714680867199,0.5754714680867199,-1.0,-1.0,0.2915270234889393,0.2915270234889393,2056.3072293026257,2065.6057632639395,2040.2927513160516,466.13775517455207,421.4177292637872,505.64303335269375,38.0534753985255,2.975675828294715e-17,0.5860014157516251,0.2548351799051186,0.4049610044189713
