target_id,prot_ps,prot_acf,prot_cs,e_prot_ps,E_prot_ps,e_prot_acf,E_prot_acf,e_prot_cs,E_prot_cs,sph_ps,sph_acf,sph_cs,e_sph_ps,e_sph_acf,e_sph_cs,h_ps,fa_prob_ps,hacf,gacf,hcs
5215999,1.2645923446100045,1.266892067156732,1.2658084683369777,0.02764509989063085,0.02764509989063085,-1.0,-1.0,0.005600053055950593,0.005600053055950593,22970.09411147061,22961.36790752462,22970.09411147061,2255.8627886998984,2210.7154687017037,2255.8627886998984,119898.38120529309,0.0,1.2850925332017247,0.6697427507186807,0.2595041869661925
