target_id,prot_ps,prot_acf,prot_cs,e_prot_ps,E_prot_ps,e_prot_acf,E_prot_acf,e_prot_cs,E_prot_cs,sph_ps,sph_acf,sph_cs,e_sph_ps,e_sph_acf,e_sph_cs,h_ps,fa_prob_ps,hacf,gacf,hcs
5284904,0.15686740686000789,-1.0,2.954933454275923,7.38905609893057,7.38905609893057,-1.0,-1.0,0.047075300320443283,0.047075300320443283,209.0014836230443,-1.0,272.15067817110474,109.51298964868083,-1.0,162.43918644478558,17.367814439954607,2.865853764910921e-08,-1.0,-1.0,0.2697540105183133
