target_id,prot_ps,prot_acf,prot_cs,e_prot_ps,E_prot_ps,e_prot_acf,E_prot_acf,e_prot_cs,E_prot_cs,sph_ps,sph_acf,sph_cs,e_sph_ps,e_sph_acf,e_sph_cs,h_ps,fa_prob_ps,hacf,gacf,hcs
5219735,0.35706968816621476,-1.0,4.188385087143616,0.5231403977592416,0.5231403977592416,-1.0,-1.0,0.00930770946942645,0.00930770946942645,638.577450653092,-1.0,828.7578441421375,67.72269642615603,-1.0,218.81036162406244,14.295047405807543,6.190700490464408e-07,-1.0,-1.0,0.28238295472025965
