target_id,prot_ps,prot_acf,prot_cs,e_prot_ps,E_prot_ps,e_prot_acf,E_prot_acf,e_prot_cs,E_prot_cs,sph_ps,sph_acf,sph_cs,e_sph_ps,e_sph_acf,e_sph_cs,h_ps,fa_prob_ps,hacf,gacf,hcs
5297346,4.648529154993253,9.37907351134345,9.42041435127995,0.13324322317195025,0.13324322317195025,-1.0,-1.0,0.10731406643602748,0.10731406643602748,5013.74680256679,5242.300258214692,5230.330486873462,1545.3692030123616,1721.2909346892409,1734.7268063988536,480.23931180784024,2.7209269914182234e-209,0.9769796843933436,0.6532462515935925,0.5587641065643747
