target_id,prot_ps,prot_acf,prot_cs,e_prot_ps,E_prot_ps,e_prot_acf,E_prot_acf,e_prot_cs,E_prot_cs,sph_ps,sph_acf,sph_cs,e_sph_ps,e_sph_acf,e_sph_cs,h_ps,fa_prob_ps,hacf,gacf,hcs
5286224,0.10188551928798285,-1.0,4.684835614152252,0.14842883524690464,0.14842883524690464,-1.0,-1.0,0.6151044094821372,0.6151044094821372,225.9626101073414,-1.0,315.1558238529237,120.46645923137088,-1.0,153.1966290545961,17.884712158980182,1.7091028521482216e-08,-1.0,-1.0,0.21947967094736534
