target_id,prot_ps,prot_acf,prot_cs,e_prot_ps,E_prot_ps,e_prot_acf,E_prot_acf,e_prot_cs,E_prot_cs,sph_ps,sph_acf,sph_cs,e_sph_ps,e_sph_acf,e_sph_cs,h_ps,fa_prob_ps,hacf,gacf,hcs
5298758,47.11392294962188,-1.0,46.373710757922375,2.746108014656215,2.746108014656215,-1.0,-1.0,1.1600638410366866,1.1600638410366866,706.1586701946003,-1.0,707.0926815785937,66.48681383935941,-1.0,65.77140701749462,22.810885333953813,1.239819241474563e-10,-1.0,-1.0,0.27248368998774103
