target_id,prot_ps,prot_acf,prot_cs,e_prot_ps,E_prot_ps,e_prot_acf,E_prot_acf,e_prot_cs,E_prot_cs,sph_ps,sph_acf,sph_cs,e_sph_ps,e_sph_acf,e_sph_cs,h_ps,fa_prob_ps,hacf,gacf,hcs
5210066,2.0843624243297114,2.1046734685078263,2.0634266786553157,0.06256740722726105,0.06256740722726105,-1.0,-1.0,0.00902902857148847,0.00902902857148847,2625.306879972013,2624.0455761743287,2623.189375188828,876.8272704259614,867.7235450889307,870.2979944181889,1324.7331548050681,0.0,1.1200214269322666,0.8689061482410103,0.9552129032284613
