target_id,prot_ps,prot_acf,prot_cs,e_prot_ps,E_prot_ps,e_prot_acf,E_prot_acf,e_prot_cs,E_prot_cs,sph_ps,sph_acf,sph_cs,e_sph_ps,e_sph_acf,e_sph_cs,h_ps,fa_prob_ps,hacf,gacf,hcs
5264401,0.38646186837661733,5.476227903738618,0.41058807577457496,0.09946013998164101,0.09946013998164101,-1.0,-1.0,0.007215425612486549,0.007215425612486549,683.5426968309146,785.6409195978339,687.812066788594,134.86450919076898,64.94603799426231,131.6276164954004,105.29216422243334,1.8715183537602636e-46,0.001524710501529948,0.06658091591601704,3.6105225119374857
