target_id,prot_ps,prot_acf,prot_cs,e_prot_ps,E_prot_ps,e_prot_acf,E_prot_acf,e_prot_cs,E_prot_cs,sph_ps,sph_acf,sph_cs,e_sph_ps,e_sph_acf,e_sph_cs,h_ps,fa_prob_ps,hacf,gacf,hcs
5295366,3.1393903127069764,-1.0,3.1654096197525456,1.340186443510908,1.340186443510908,-1.0,-1.0,0.00904035483428136,0.00904035483428136,512.9477190251615,-1.0,521.972651302185,156.26797439049517,-1.0,168.59027361787255,24.218820865050027,3.0331908702025585e-11,-1.0,-1.0,0.5375269269381813
