target_id,prot_ps,prot_acf,prot_cs,e_prot_ps,E_prot_ps,e_prot_acf,E_prot_acf,e_prot_cs,E_prot_cs,sph_ps,sph_acf,sph_cs,e_sph_ps,e_sph_acf,e_sph_cs,h_ps,fa_prob_ps,hacf,gacf,hcs
5354939,2.8782415535433254,51.20680946856737,3.135548648424447,7.389056098930643,7.389056098930643,-1.0,-1.0,0.15676564998525755,0.15676564998525755,694.063407739558,1282.8980207597558,704.4033650745996,407.07625375863324,250.2223015852521,355.2951453371213,27.7654101852237,8.742498546502666e-13,0.35916154153214486,0.07565350746337927,4.761109756605366
