target_id,prot_ps,prot_acf,prot_cs,e_prot_ps,E_prot_ps,e_prot_acf,E_prot_acf,e_prot_cs,E_prot_cs,sph_ps,sph_acf,sph_cs,e_sph_ps,e_sph_acf,e_sph_cs,h_ps,fa_prob_ps,hacf,gacf,hcs
5370222,0.18783604591239417,59.40081379562616,1.4653239724053397,0.2246568984619955,0.2246568984619955,-1.0,-1.0,0.08338751795004641,0.08338751795004641,455.4986441391676,739.3394151825189,498.55592129753035,235.03917912020322,102.94373269546108,246.3211735645235,13.181037701762998,1.8860276715761579e-06,0.10786260335224081,0.008333090753513479,0.2292662719518158
