target_id,prot_ps,prot_acf,prot_cs,e_prot_ps,E_prot_ps,e_prot_acf,E_prot_acf,e_prot_cs,E_prot_cs,sph_ps,sph_acf,sph_cs,e_sph_ps,e_sph_acf,e_sph_cs,h_ps,fa_prob_ps,hacf,gacf,hcs
5376067,0.570226504929312,59.85035419417545,3.9437797563665775,0.576046890280434,0.576046890280434,-1.0,-1.0,0.008722351994806225,0.008722351994806225,495.93574794472727,746.792089119694,575.7443923779834,254.40802064550027,42.565987805908165,281.0121864130938,216.51171293994474,9.335934643610633e-95,0.0027127835418041175,0.0015614055864843117,0.06748354447519492
