target_id,prot_ps,prot_acf,prot_cs,e_prot_ps,E_prot_ps,e_prot_acf,E_prot_acf,e_prot_cs,E_prot_cs,sph_ps,sph_acf,sph_cs,e_sph_ps,e_sph_acf,e_sph_cs,h_ps,fa_prob_ps,hacf,gacf,hcs
5356088,0.16962604410577656,-1.0,2.8523432628996694,7.389056098886203,7.389056098886203,-1.0,-1.0,1.5617770618280504,1.5617770618280504,183.11815277333622,-1.0,205.14547755948948,24.498457203526353,-1.0,34.89217929869427,11.448741434723429,1.0662886100626138e-05,-1.0,-1.0,0.1784788116845714
