target_id,prot_ps,prot_acf,prot_cs,e_prot_ps,E_prot_ps,e_prot_acf,E_prot_acf,e_prot_cs,E_prot_cs,sph_ps,sph_acf,sph_cs,e_sph_ps,e_sph_acf,e_sph_cs,h_ps,fa_prob_ps,hacf,gacf,hcs
5349731,10.509167343065926,21.10798823228106,21.18348789913096,0.2890719180588799,0.2890719180588799,-1.0,-1.0,0.17092452251391413,0.17092452251391413,4425.4789133565355,4591.583414140071,4593.371388751636,1702.1621412970326,1362.854027950557,1345.377744560313,105.18597080943027,2.0811975397354675e-46,0.8704824664394062,0.5140298971049524,0.9226569451112245
