target_id,prot_ps,prot_acf,prot_cs,e_prot_ps,E_prot_ps,e_prot_acf,E_prot_acf,e_prot_cs,E_prot_cs,sph_ps,sph_acf,sph_cs,e_sph_ps,e_sph_acf,e_sph_cs,h_ps,fa_prob_ps,hacf,gacf,hcs
5350995,21.1788368512616,20.944539341144264,21.166239477698753,1.1714861889350359,1.1714861889350359,-1.0,-1.0,0.48288345298106317,0.48288345298106317,1943.8676205215747,1942.6478505662585,1943.5104333175427,554.484743882999,594.0563131809681,558.406890422313,37.734977464468685,4.091735126623132e-17,0.8208364176703842,0.4211023423435777,0.9942014575373288
