target_id,prot_ps,prot_acf,prot_cs,e_prot_ps,E_prot_ps,e_prot_acf,E_prot_acf,e_prot_cs,E_prot_cs,sph_ps,sph_acf,sph_cs,e_sph_ps,e_sph_acf,e_sph_cs,h_ps,fa_prob_ps,hacf,gacf,hcs
5363966,0.2382098076292955,38.92615271033719,3.519905021461205,0.2536062277646075,0.2536062277646075,-1.0,-1.0,0.6392720555353261,0.6392720555353261,309.7921004372815,717.1473582804365,582.4787146206359,45.70002306081585,183.02342252797166,252.36078237369344,15.026182689739494,2.979969189049789e-07,0.1610720498097527,0.06307092786631578,0.7351406248350965
