target_id,prot_ps,prot_acf,prot_cs,e_prot_ps,E_prot_ps,e_prot_acf,E_prot_acf,e_prot_cs,E_prot_cs,sph_ps,sph_acf,sph_cs,e_sph_ps,e_sph_acf,e_sph_cs,h_ps,fa_prob_ps,hacf,gacf,hcs
5344019,46.40036238807697,59.21599404606968,0.24283418100382015,7.389056098930635,7.389056098930635,-1.0,-1.0,0.008310901617619333,0.008310901617619333,162.391593116299,163.04493714764615,83.03204954946891,35.154866286886225,28.93217364731936,43.2605516315503,20.612640656618407,1.116976163743462e-09,0.2089504031179637,0.07982353276549559,0.36248037413741074
