target_id,prot_ps,prot_acf,prot_cs,e_prot_ps,E_prot_ps,e_prot_acf,E_prot_acf,e_prot_cs,E_prot_cs,sph_ps,sph_acf,sph_cs,e_sph_ps,e_sph_acf,e_sph_cs,h_ps,fa_prob_ps,hacf,gacf,hcs
5355471,11.873419616591827,36.08594740834087,0.728257738184261,7.389056098919032,7.389056098919032,-1.0,-1.0,1.3923274499963845,1.3923274499963845,251.38567883221654,259.0285854752053,138.2840575430319,56.04768804746305,44.3806753020285,19.239358225993687,15.102579011421453,2.760789361927065e-07,0.27850496890926507,0.10883766824177538,0.6790270715413277
