target_id,prot_ps,prot_acf,prot_cs,e_prot_ps,E_prot_ps,e_prot_acf,E_prot_acf,e_prot_cs,E_prot_cs,sph_ps,sph_acf,sph_cs,e_sph_ps,e_sph_acf,e_sph_cs,h_ps,fa_prob_ps,hacf,gacf,hcs
5372576,0.1255953139434626,-1.0,1.3001961051989768,0.22320986259457556,0.22320986259457556,-1.0,-1.0,0.11106518583766094,0.11106518583766094,383.0280033750172,-1.0,402.98905775752644,202.20428352282195,-1.0,197.87516926262563,15.18916782778804,2.5317931918715755e-07,-1.0,-1.0,0.06196243049840397
