target_id,prot_ps,prot_acf,prot_cs,e_prot_ps,E_prot_ps,e_prot_acf,E_prot_acf,e_prot_cs,E_prot_cs,sph_ps,sph_acf,sph_cs,e_sph_ps,e_sph_acf,e_sph_cs,h_ps,fa_prob_ps,hacf,gacf,hcs
5351652,12.178412390300887,38.19060042779893,3.735486176675185,4.640071770222257,4.640071770222257,-1.0,-1.0,0.17002155343848147,0.17002155343848147,552.0936545316546,566.0877561407328,472.9094794318084,173.42787835954152,130.66947526669108,175.53721361569848,25.435042299296775,8.988795134399703e-12,0.13418080989497727,0.03632940142499302,0.4024971806125219
