target_id,prot_ps,prot_acf,prot_cs,e_prot_ps,E_prot_ps,e_prot_acf,E_prot_acf,e_prot_cs,E_prot_cs,sph_ps,sph_acf,sph_cs,e_sph_ps,e_sph_acf,e_sph_cs,h_ps,fa_prob_ps,hacf,gacf,hcs
5373045,16.602129477023947,16.571731977164745,16.60292873266134,0.8033827198126546,0.8033827198126546,-1.0,-1.0,0.09791906825175026,0.09791906825175026,3638.4263687871735,3643.8653781909234,3638.4263687871735,1680.2587559440346,1686.472962580081,1680.2587559440346,91.42666440742731,1.9674520152770275e-40,0.876915402453187,0.5587825456813023,0.9521703002206592
