target_id,prot_ps,prot_acf,prot_cs,e_prot_ps,E_prot_ps,e_prot_acf,E_prot_acf,e_prot_cs,E_prot_cs,sph_ps,sph_acf,sph_cs,e_sph_ps,e_sph_acf,e_sph_cs,h_ps,fa_prob_ps,hacf,gacf,hcs
5389030,0.1399163297892641,13.894936069846153,14.077924936022907,0.12933819731587168,0.12933819731587168,-1.0,-1.0,0.19212358133528226,0.19212358133528226,217.91197506755418,1178.1340116353053,1182.1730258609377,86.53475658596354,342.98301669819426,342.5960363183221,419.7728556396989,4.954104268650153e-183,0.6346305808031779,0.39035733621999885,0.09322635664361088
