target_id,prot_ps,prot_acf,prot_cs,e_prot_ps,E_prot_ps,e_prot_acf,E_prot_acf,e_prot_cs,E_prot_cs,sph_ps,sph_acf,sph_cs,e_sph_ps,e_sph_acf,e_sph_cs,h_ps,fa_prob_ps,hacf,gacf,hcs
5430181,0.1605981643648601,13.220440117176622,0.16451216824776213,7.38905609472855,7.38905609472855,-1.0,-1.0,0.011030568278097752,0.011030568278097752,1653.09869041243,2965.176881442847,1659.4452413994925,239.88503993510565,0.0,257.070273883777,9.467549857109468,7.732062215901787e-05,6.907680704679175e-05,0.026538390622810576,42.41858211028063
