target_id,prot_ps,prot_acf,prot_cs,e_prot_ps,E_prot_ps,e_prot_acf,E_prot_acf,e_prot_cs,E_prot_cs,sph_ps,sph_acf,sph_cs,e_sph_ps,e_sph_acf,e_sph_cs,h_ps,fa_prob_ps,hacf,gacf,hcs
5437806,54.11050897643511,53.96536158584058,53.93909022936019,5.157195606197352,5.157195606197352,-1.0,-1.0,1.336345401789898,1.336345401789898,338.7677023301345,330.2767628167214,330.2255484525876,23.880353413387333,29.470193754682445,29.687032662935096,19.92055816640092,2.2315751257347696e-09,0.2836857414248553,0.23188199164026405,0.28461909548939524
