target_id,prot_ps,prot_acf,prot_cs,e_prot_ps,E_prot_ps,e_prot_acf,E_prot_acf,e_prot_cs,E_prot_cs,sph_ps,sph_acf,sph_cs,e_sph_ps,e_sph_acf,e_sph_cs,h_ps,fa_prob_ps,hacf,gacf,hcs
5426997,0.15524574859620696,-1.0,1.4446109146345405,7.389056098930577,7.389056098930577,-1.0,-1.0,1.5273859306624413,1.5273859306624413,888.1338469042169,-1.0,1125.036913569317,157.3856791005779,-1.0,413.8107135462132,7.815356828681603,0.00040349081707906625,-1.0,-1.0,0.38783142807284304
