target_id,prot_ps,prot_acf,prot_cs,e_prot_ps,E_prot_ps,e_prot_acf,E_prot_acf,e_prot_cs,E_prot_cs,sph_ps,sph_acf,sph_cs,e_sph_ps,e_sph_acf,e_sph_cs,h_ps,fa_prob_ps,hacf,gacf,hcs
5477660,0.14338427704690188,-1.0,5.821367267762982,0.0579353456162304,0.0579353456162304,-1.0,-1.0,0.05846251905885793,0.05846251905885793,424.3065650143797,-1.0,927.4691666157489,82.36701666078436,-1.0,320.1285918369315,1532.128062353211,0.0,-1.0,-1.0,0.008898542125408712
