target_id,prot_ps,prot_acf,prot_cs,e_prot_ps,E_prot_ps,e_prot_acf,E_prot_acf,e_prot_cs,E_prot_cs,sph_ps,sph_acf,sph_cs,e_sph_ps,e_sph_acf,e_sph_cs,h_ps,fa_prob_ps,hacf,gacf,hcs
5469517,4.037007938873082,10.11469034710899,0.28685922142673825,0.25614950755885296,0.25614950755885296,-1.0,-1.0,0.008472897080548197,0.008472897080548197,381.05086354542414,426.0670203647212,228.74612408452862,98.19842034391144,136.84276011883608,47.65797886738159,43.04263772276356,2.0268422582146128e-19,0.14514500059492746,0.07481254999022263,3.689840916924425
