target_id,prot_ps,prot_acf,prot_cs,e_prot_ps,E_prot_ps,e_prot_acf,E_prot_acf,e_prot_cs,E_prot_cs,sph_ps,sph_acf,sph_cs,e_sph_ps,e_sph_acf,e_sph_cs,h_ps,fa_prob_ps,hacf,gacf,hcs
5461440,0.19088501067802158,-1.0,1.4482250644845016,0.30625245744362817,0.30625245744362817,-1.0,-1.0,0.008936544524587954,0.008936544524587954,206.40714523390818,-1.0,346.4246806922947,116.35261583696646,-1.0,241.84021600224128,14.441406061859718,5.34782314380977e-07,-1.0,-1.0,0.800743802960778
