target_id,prot_ps,prot_acf,prot_cs,e_prot_ps,E_prot_ps,e_prot_acf,E_prot_acf,e_prot_cs,E_prot_cs,sph_ps,sph_acf,sph_cs,e_sph_ps,e_sph_acf,e_sph_cs,h_ps,fa_prob_ps,hacf,gacf,hcs
5476871,2.8510876185915976,-1.0,2.9512301026843484,2.357770486269514,2.357770486269514,-1.0,-1.0,0.056522590521170216,0.056522590521170216,1137.0624566704607,-1.0,1197.8386010472186,441.6619625161987,-1.0,547.0731830396339,13.41383348089291,1.4943287017532267e-06,-1.0,-1.0,0.6061711023179877
