target_id,prot_ps,prot_acf,prot_cs,e_prot_ps,E_prot_ps,e_prot_acf,E_prot_acf,e_prot_cs,E_prot_cs,sph_ps,sph_acf,sph_cs,e_sph_ps,e_sph_acf,e_sph_cs,h_ps,fa_prob_ps,hacf,gacf,hcs
5446518,2.257539486039982,2.288583129644394,2.289011286043927,0.07439615079914669,0.07439615079914669,-1.0,-1.0,0.039930460044854496,0.039930460044854496,3024.7497952400877,3034.3004691806123,3034.3004691806123,930.0462125145515,916.9417714042345,916.9417714042345,2982.0103204611178,0.0,1.2485530766871613,0.9042890262225016,0.3049582156050462
