target_id,prot_ps,prot_acf,prot_cs,e_prot_ps,E_prot_ps,e_prot_acf,E_prot_acf,e_prot_cs,E_prot_cs,sph_ps,sph_acf,sph_cs,e_sph_ps,e_sph_acf,e_sph_cs,h_ps,fa_prob_ps,hacf,gacf,hcs
5442977,6.342111997595196,59.74807940982282,0.3843575149448595,1.7074441455453293,1.7074441455453293,-1.0,-1.0,0.012817317695826053,0.012817317695826053,430.1896398854296,457.4737425383284,349.49070494291726,55.86211645888171,43.46635257701356,36.59737769951774,15.730778701628978,1.4730232910374908e-07,0.08205022360040293,0.0664745982141247,0.44374149747549535
