target_id,prot_ps,prot_acf,prot_cs,e_prot_ps,E_prot_ps,e_prot_acf,E_prot_acf,e_prot_cs,E_prot_cs,sph_ps,sph_acf,sph_cs,e_sph_ps,e_sph_acf,e_sph_cs,h_ps,fa_prob_ps,hacf,gacf,hcs
5456893,0.241704848561719,53.96538495225832,1.4482727123981167,7.389056098930555,7.389056098930555,-1.0,-1.0,0.008441204993434925,0.008441204993434925,376.33779395711286,594.9022109617664,407.2157148544962,194.95412075628943,156.74475538010105,206.4662056106006,14.197040335414254,6.828160532344958e-07,0.21222032513226194,0.14343656899859913,0.1606827654801878
