target_id,prot_ps,prot_acf,prot_cs,e_prot_ps,E_prot_ps,e_prot_acf,E_prot_acf,e_prot_cs,E_prot_cs,sph_ps,sph_acf,sph_cs,e_sph_ps,e_sph_acf,e_sph_cs,h_ps,fa_prob_ps,hacf,gacf,hcs
5427387,2.2454486854043574,2.329408535733819,4.551541678374634,0.15413255864992448,0.15413255864992448,-1.0,-1.0,0.22998740329406678,0.22998740329406678,432.8808451802256,444.2899240788672,484.62925690249483,261.11805538772825,261.8911124656454,264.3037564139503,43.02090865291501,2.0713656291290566e-19,0.27225723248784245,0.38277229347193487,1.7176224240379334
