target_id,prot_ps,prot_acf,prot_cs,e_prot_ps,E_prot_ps,e_prot_acf,E_prot_acf,e_prot_cs,E_prot_cs,sph_ps,sph_acf,sph_cs,e_sph_ps,e_sph_acf,e_sph_cs,h_ps,fa_prob_ps,hacf,gacf,hcs
5473223,4.1405792871240035,1.0625525303184986,4.1529004388605815,0.10152619721958824,0.10152619721958824,-1.0,-1.0,0.009444777060413072,0.009444777060413072,534.3261732837202,475.5848907135279,530.3667155402534,95.7135089027502,65.10998502590428,91.85795526128099,586.7011517667598,1.5809832232987845e-255,0.5163571177241856,0.416515066293221,1.0017994090839706
