target_id,prot_ps,prot_acf,prot_cs,e_prot_ps,E_prot_ps,e_prot_acf,E_prot_acf,e_prot_cs,E_prot_cs,sph_ps,sph_acf,sph_cs,e_sph_ps,e_sph_acf,e_sph_cs,h_ps,fa_prob_ps,hacf,gacf,hcs
5515865,52.885519202661875,-1.0,0.6068710343912245,7.389056098930649,7.389056098930649,-1.0,-1.0,2.757683876632183,2.757683876632183,313.1683997796527,-1.0,152.51144172144865,41.88887521699784,-1.0,78.11257646180991,16.373805502226567,7.743666176919108e-08,-1.0,-1.0,0.13977213363045973
