target_id,prot_ps,prot_acf,prot_cs,e_prot_ps,E_prot_ps,e_prot_acf,E_prot_acf,e_prot_cs,E_prot_cs,sph_ps,sph_acf,sph_cs,e_sph_ps,e_sph_acf,e_sph_cs,h_ps,fa_prob_ps,hacf,gacf,hcs
5544402,0.1619538692593992,-1.0,2.852341040195823,0.3229547244367881,0.3229547244367881,-1.0,-1.0,0.9152255271070259,0.9152255271070259,322.8321905930531,-1.0,364.6962153861372,166.8291053593554,-1.0,176.40583304165614,13.422348754401614,1.481658107495551e-06,-1.0,-1.0,0.1565752771236264
