target_id,prot_ps,prot_acf,prot_cs,e_prot_ps,E_prot_ps,e_prot_acf,E_prot_acf,e_prot_cs,E_prot_cs,sph_ps,sph_acf,sph_cs,e_sph_ps,e_sph_acf,e_sph_cs,h_ps,fa_prob_ps,hacf,gacf,hcs
5544935,0.3517060264585038,56.62175480509177,1.8780604417668654,0.38606422528141005,0.38606422528141005,-1.0,-1.0,0.6809050315663258,0.6809050315663258,414.1120543320757,646.9345718677786,447.6877110287514,209.89022342737962,50.01800333686988,220.60605903764264,13.46395993175311,1.4212696988442242e-06,0.10218088901578569,0.013031108431945312,0.4297036256282974
