target_id,prot_ps,prot_acf,prot_cs,e_prot_ps,E_prot_ps,e_prot_acf,E_prot_acf,e_prot_cs,E_prot_cs,sph_ps,sph_acf,sph_cs,e_sph_ps,e_sph_acf,e_sph_cs,h_ps,fa_prob_ps,hacf,gacf,hcs
5536952,0.5670417044412053,58.256310601718724,3.3296089578629497,0.4614217286396437,0.4614217286396437,-1.0,-1.0,0.009558982289878632,0.009558982289878632,692.0811545882045,1219.381377972275,906.5469099923095,88.73127292109258,281.4971797593374,224.77726524368848,24.588636884157598,2.0955145646010646e-11,0.1608383048088286,0.04131497112458054,3.392125611726285
