target_id,prot_ps,prot_acf,prot_cs,e_prot_ps,E_prot_ps,e_prot_acf,E_prot_acf,e_prot_cs,E_prot_cs,sph_ps,sph_acf,sph_cs,e_sph_ps,e_sph_acf,e_sph_cs,h_ps,fa_prob_ps,hacf,gacf,hcs
5522955,13.162087025551516,46.425417587161064,0.9603454294723952,3.4636350769559683,3.4636350769559683,-1.0,-1.0,0.00779972753613833,0.00779972753613833,1368.7972526065644,1435.207482867948,509.6712245407257,717.53899762655,611.6352855554452,208.2866897151129,13.617273129898797,1.2192518440651435e-06,0.6021465258364302,0.2528318036702843,1.5348406942346784
