target_id,prot_ps,prot_acf,prot_cs,e_prot_ps,E_prot_ps,e_prot_acf,E_prot_acf,e_prot_cs,E_prot_cs,sph_ps,sph_acf,sph_cs,e_sph_ps,e_sph_acf,e_sph_cs,h_ps,fa_prob_ps,hacf,gacf,hcs
5536332,24.35588657237132,-1.0,1.215279715475101,5.6337154694862175,5.6337154694862175,-1.0,-1.0,0.06521749017991653,0.06521749017991653,437.3673103832439,-1.0,302.97072503285085,58.41763942808146,-1.0,48.51456589589059,33.89063164752344,1.9119903114579077e-15,-1.0,-1.0,0.12622011783266915
