target_id,prot_ps,prot_acf,prot_cs,e_prot_ps,E_prot_ps,e_prot_acf,E_prot_acf,e_prot_cs,E_prot_cs,sph_ps,sph_acf,sph_cs,e_sph_ps,e_sph_acf,e_sph_cs,h_ps,fa_prob_ps,hacf,gacf,hcs
5512558,4.511159143710156,8.97025577770546,9.019538390187417,0.15839361153142564,0.15839361153142564,-1.0,-1.0,0.043417795843422646,0.043417795843422646,3767.72712952995,4050.3920352954938,4024.810930771042,2781.76537479316,2763.4926805884124,2774.4156049268518,148.51230647468086,3.1763240528447017e-65,0.6981698194052879,0.550494039716149,0.8078724644062888
