target_id,prot_ps,prot_acf,prot_cs,e_prot_ps,E_prot_ps,e_prot_acf,E_prot_acf,e_prot_cs,E_prot_cs,sph_ps,sph_acf,sph_cs,e_sph_ps,e_sph_acf,e_sph_cs,h_ps,fa_prob_ps,hacf,gacf,hcs
5512227,45.947891437095194,54.04656424187124,0.5664161666482688,7.389056098930649,7.389056098930649,-1.0,-1.0,0.12270874845508663,0.12270874845508663,797.8988620470057,953.282336349302,301.7373684022276,315.95604538002124,250.97374484766834,432.15705067749826,15.221275482243353,2.451794409991152e-07,0.17484942800845937,0.06028003943854406,0.18574978902478845
