target_id,prot_ps,prot_acf,prot_cs,e_prot_ps,E_prot_ps,e_prot_acf,E_prot_acf,e_prot_cs,E_prot_cs,sph_ps,sph_acf,sph_cs,e_sph_ps,e_sph_acf,e_sph_cs,h_ps,fa_prob_ps,hacf,gacf,hcs
5565156,0.5484881731519579,-1.0,9.198547664270135,0.4432518360435942,0.4432518360435942,-1.0,-1.0,0.040507556894675834,0.040507556894675834,301.69542981722395,-1.0,597.2039589118478,38.30535684275142,-1.0,140.67406133358125,60.46448613166266,5.50309895087715e-27,-1.0,-1.0,0.4696731486035408
