target_id,prot_ps,prot_acf,prot_cs,e_prot_ps,E_prot_ps,e_prot_acf,E_prot_acf,e_prot_cs,E_prot_cs,sph_ps,sph_acf,sph_cs,e_sph_ps,e_sph_acf,e_sph_cs,h_ps,fa_prob_ps,hacf,gacf,hcs
5545141,0.21523039402275965,-1.0,0.36769933619053746,0.1986333320928368,0.1986333320928368,-1.0,-1.0,0.008930417444353637,0.008930417444353637,91.648261210768,-1.0,92.79872062645752,46.767769663840525,-1.0,46.807967073164605,22.49261194867979,1.704444039907856e-10,-1.0,-1.0,0.27287649437577205
