target_id,prot_ps,prot_acf,prot_cs,e_prot_ps,E_prot_ps,e_prot_acf,E_prot_acf,e_prot_cs,E_prot_cs,sph_ps,sph_acf,sph_cs,e_sph_ps,e_sph_acf,e_sph_cs,h_ps,fa_prob_ps,hacf,gacf,hcs
5597109,52.88558450163018,56.9885910730809,28.563662535899464,7.389056098930647,7.389056098930647,-1.0,-1.0,0.2688189475245064,0.2688189475245064,999.5762578447253,990.828524323937,958.92170138606,194.67685637140985,175.804769202756,267.8270634605139,43.69785451755477,1.052598900448888e-19,0.2197271565349479,0.060257943315956825,0.38085041364198685
