target_id,prot_ps,prot_acf,prot_cs,e_prot_ps,E_prot_ps,e_prot_acf,E_prot_acf,e_prot_cs,E_prot_cs,sph_ps,sph_acf,sph_cs,e_sph_ps,e_sph_acf,e_sph_cs,h_ps,fa_prob_ps,hacf,gacf,hcs
5653841,1.184374070788842,-1.0,2.6623125599138433,0.39062173800987554,0.39062173800987554,-1.0,-1.0,0.6161299341737936,0.6161299341737936,365.5107894009469,-1.0,403.2569395740584,69.73409248129677,-1.0,88.90361010987255,20.67095064600093,1.053707809339075e-09,-1.0,-1.0,0.23013694221289804
