target_id,prot_ps,prot_acf,prot_cs,e_prot_ps,E_prot_ps,e_prot_acf,E_prot_acf,e_prot_cs,E_prot_cs,sph_ps,sph_acf,sph_cs,e_sph_ps,e_sph_acf,e_sph_cs,h_ps,fa_prob_ps,hacf,gacf,hcs
5630990,0.10417769896530868,-1.0,2.9099642370454353,0.11902383166970458,0.11902383166970458,-1.0,-1.0,1.3657582572366334,1.3657582572366334,324.21154645191626,-1.0,371.1531346793999,172.215939241407,-1.0,182.59238741244783,12.022452214903833,6.007798306406022e-06,-1.0,-1.0,0.10826677744684725
