target_id,prot_ps,prot_acf,prot_cs,e_prot_ps,E_prot_ps,e_prot_acf,E_prot_acf,e_prot_cs,E_prot_cs,sph_ps,sph_acf,sph_cs,e_sph_ps,e_sph_acf,e_sph_cs,h_ps,fa_prob_ps,hacf,gacf,hcs
5636733,3.1457143508439667,51.963099678047,3.162836370272907,1.970693661355911,1.970693661355911,-1.0,-1.0,0.009113944835865903,0.009113944835865903,184.31744003304772,236.4977968187652,184.17726396171327,35.037441987811356,20.557898664903345,35.8985654235485,20.775174608236735,9.494154768410687e-10,0.21821360524021574,0.11303567214738891,0.15491558507875378
