target_id,prot_ps,prot_acf,prot_cs,e_prot_ps,E_prot_ps,e_prot_acf,E_prot_acf,e_prot_cs,E_prot_cs,sph_ps,sph_acf,sph_cs,e_sph_ps,e_sph_acf,e_sph_cs,h_ps,fa_prob_ps,hacf,gacf,hcs
5623673,0.5611007616181608,-1.0,2.933248368976638,7.3890560989300775,7.3890560989300775,-1.0,-1.0,0.41040316198336785,0.41040316198336785,627.8896980852194,-1.0,693.4766170146762,78.17401184762056,-1.0,135.20258904254737,14.222782696741852,6.654630673516775e-07,-1.0,-1.0,0.2530429974597275
