target_id,prot_ps,prot_acf,prot_cs,e_prot_ps,E_prot_ps,e_prot_acf,E_prot_acf,e_prot_cs,E_prot_cs,sph_ps,sph_acf,sph_cs,e_sph_ps,e_sph_acf,e_sph_cs,h_ps,fa_prob_ps,hacf,gacf,hcs
5632007,0.20736851168186282,-1.0,0.5339690348871017,0.7951889220830267,0.7951889220830267,-1.0,-1.0,0.009378444913589114,0.009378444913589114,421.9734765422379,-1.0,433.1813885304589,221.5146367550689,-1.0,221.6222569052833,15.31867742377226,2.2242465458387887e-07,-1.0,-1.0,0.2811151059257618
