target_id,prot_ps,prot_acf,prot_cs,e_prot_ps,E_prot_ps,e_prot_acf,E_prot_acf,e_prot_cs,E_prot_cs,sph_ps,sph_acf,sph_cs,e_sph_ps,e_sph_acf,e_sph_cs,h_ps,fa_prob_ps,hacf,gacf,hcs
5699984,16.528266321848065,16.653546860907227,16.696253502550533,0.6261137028903095,0.6261137028903095,-1.0,-1.0,0.34268578931499355,0.34268578931499355,2980.4705893121927,2981.8168869478036,2984.19546618476,576.6884523339891,601.7241912837836,602.635278567727,45.15970212564983,2.4400041356228806e-20,0.6206095724587399,0.33218401936769987,0.9992331537769961
