target_id,prot_ps,prot_acf,prot_cs,e_prot_ps,E_prot_ps,e_prot_acf,E_prot_acf,e_prot_cs,E_prot_cs,sph_ps,sph_acf,sph_cs,e_sph_ps,e_sph_acf,e_sph_cs,h_ps,fa_prob_ps,hacf,gacf,hcs
5689016,10.897975914804942,21.659357910975814,21.32347092022899,0.4168313410919998,0.4168313410919998,-1.0,-1.0,0.1486728961997444,0.1486728961997444,3140.315922592197,3397.0621034329047,3385.498954554314,1593.6654597309457,1068.957345838474,1126.4720288743122,63.618489783469954,2.3487724274231025e-28,0.6104390281260142,0.3588102658120444,1.043501855283112
