target_id,prot_ps,prot_acf,prot_cs,e_prot_ps,E_prot_ps,e_prot_acf,E_prot_acf,e_prot_cs,E_prot_cs,sph_ps,sph_acf,sph_cs,e_sph_ps,e_sph_acf,e_sph_cs,h_ps,fa_prob_ps,hacf,gacf,hcs
5613405,5.196286570955166,10.38032229244709,5.147433688138175,0.1564244445142211,0.1564244445142211,-1.0,-1.0,0.011113937719654673,0.011113937719654673,7368.7185830104445,7575.817197917719,7309.336772902098,2613.248779415377,2310.650139022879,2632.8477938095043,349.78758463561326,1.2279541593168995e-152,0.9661522186873306,0.5925598500257563,0.3965690858365259
