target_id,prot_ps,prot_acf,prot_cs,e_prot_ps,E_prot_ps,e_prot_acf,E_prot_acf,e_prot_cs,E_prot_cs,sph_ps,sph_acf,sph_cs,e_sph_ps,e_sph_acf,e_sph_cs,h_ps,fa_prob_ps,hacf,gacf,hcs
5641801,14.290832751079531,14.24231141898781,14.306552936254354,0.5514410034974173,0.5514410034974173,-1.0,-1.0,0.10780306585973376,0.10780306585973376,3424.067505527858,3417.0367501851747,3424.5177393764657,841.1996045769505,869.971366774994,833.0930751985528,99.31392397397784,7.387727058508343e-44,0.8619424146102941,0.6062606978512641,0.9122919742840576
