target_id,prot_ps,prot_acf,prot_cs,e_prot_ps,E_prot_ps,e_prot_acf,E_prot_acf,e_prot_cs,E_prot_cs,sph_ps,sph_acf,sph_cs,e_sph_ps,e_sph_acf,e_sph_cs,h_ps,fa_prob_ps,hacf,gacf,hcs
5690161,6.664054437536604,-1.0,6.673634635428474,0.285620831425859,0.285620831425859,-1.0,-1.0,0.1358702704940492,0.1358702704940492,731.7074110575559,-1.0,731.3132622738698,54.586432243997024,-1.0,54.6631674450773,9.257194066462558,9.542269960488814e-05,-1.0,-1.0,0.34475648277456267
