target_id,prot_ps,prot_acf,prot_cs,e_prot_ps,E_prot_ps,e_prot_acf,E_prot_acf,e_prot_cs,E_prot_cs,sph_ps,sph_acf,sph_cs,e_sph_ps,e_sph_acf,e_sph_cs,h_ps,fa_prob_ps,hacf,gacf,hcs
5638251,0.13077732700818523,-1.0,3.108092759739741,0.14043578910834614,0.14043578910834614,-1.0,-1.0,0.010290191562092403,0.010290191562092403,825.2445398726485,-1.0,958.8777195928957,141.32069603933903,-1.0,162.2312921586416,10.21462410235268,3.66306915377362e-05,-1.0,-1.0,0.3171673272917352
