target_id,prot_ps,prot_acf,prot_cs,e_prot_ps,E_prot_ps,e_prot_acf,E_prot_acf,e_prot_cs,E_prot_cs,sph_ps,sph_acf,sph_cs,e_sph_ps,e_sph_acf,e_sph_cs,h_ps,fa_prob_ps,hacf,gacf,hcs
5617801,13.281717276945729,13.05712340399623,13.283845153303677,0.7674615628182335,0.7674615628182335,-1.0,-1.0,0.08072651344089682,0.08072651344089682,4436.425121747065,4437.907288971533,4437.41581575145,1018.5537859015,946.9252387287165,1015.5069955045839,218.5714912439237,1.1901657587742211e-95,1.0461285078323241,0.5583584013084518,0.9895454466303918
