target_id,prot_ps,prot_acf,prot_cs,e_prot_ps,E_prot_ps,e_prot_acf,E_prot_acf,e_prot_cs,E_prot_cs,sph_ps,sph_acf,sph_cs,e_sph_ps,e_sph_acf,e_sph_cs,h_ps,fa_prob_ps,hacf,gacf,hcs
5640239,47.128644437198574,50.307826014235616,9.299809249032291,2.913622395315541,2.913622395315541,-1.0,-1.0,0.05671879998609415,0.05671879998609415,316.0227294936164,315.20774281518015,298.9219827879629,28.670719369701878,28.215766986448983,75.2220259127522,28.375763751612283,4.748564953321166e-13,0.14268045990759318,0.0063567446392600495,0.12664783340725144
