target_id,prot_ps,prot_acf,prot_cs,e_prot_ps,E_prot_ps,e_prot_acf,E_prot_acf,e_prot_cs,E_prot_cs,sph_ps,sph_acf,sph_cs,e_sph_ps,e_sph_acf,e_sph_cs,h_ps,fa_prob_ps,hacf,gacf,hcs
5621887,0.27166930665213557,58.9512948715128,3.140922128568486,0.32562130563954034,0.32562130563954034,-1.0,-1.0,0.29590201204699823,0.29590201204699823,703.3655811704298,1428.1304998803453,1114.158107228746,119.29405745136586,248.12017764923073,362.117950617277,10.320062361372758,3.296505946977909e-05,0.11310195073421409,0.07730278918382424,0.6185121027084739
