target_id,prot_ps,prot_acf,prot_cs,e_prot_ps,E_prot_ps,e_prot_acf,E_prot_acf,e_prot_cs,E_prot_cs,sph_ps,sph_acf,sph_cs,e_sph_ps,e_sph_acf,e_sph_cs,h_ps,fa_prob_ps,hacf,gacf,hcs
5784101,3.894417755512687,7.744388957042247,7.943745164423349,0.12511714871625418,0.12511714871625418,-1.0,-1.0,0.23546371938015453,0.23546371938015453,1196.2690919868771,1304.0136470606653,1308.9085172954135,538.1048565302372,487.5236581681449,477.5950401776256,101.92196817096595,5.4431667451253614e-45,0.8005456704144163,0.5462642483796916,0.7827702010362609
