target_id,prot_ps,prot_acf,prot_cs,e_prot_ps,E_prot_ps,e_prot_acf,E_prot_acf,e_prot_cs,E_prot_cs,sph_ps,sph_acf,sph_cs,e_sph_ps,e_sph_acf,e_sph_cs,h_ps,fa_prob_ps,hacf,gacf,hcs
5726023,2.3046793277134126,28.25994709599763,2.3093863612473804,1.592221385419159,1.592221385419159,-1.0,-1.0,0.008451347500908318,0.008451347500908318,451.06518028082826,691.2469996736237,468.33001778012544,317.3867961185407,336.69415260898955,318.4752112402366,65.38281006445057,4.0235219755025017e-29,0.7947666740749968,0.40750246037161386,1.0696004767141047
