target_id,prot_ps,prot_acf,prot_cs,e_prot_ps,E_prot_ps,e_prot_acf,E_prot_acf,e_prot_cs,E_prot_cs,sph_ps,sph_acf,sph_cs,e_sph_ps,e_sph_acf,e_sph_cs,h_ps,fa_prob_ps,hacf,gacf,hcs
5707157,0.40672731547357044,0.4086547251790762,0.40673394615609376,0.008889182814136082,0.008889182814136082,-1.0,-1.0,0.005713453322804629,0.005713453322804629,361.27354327073766,362.8820130936171,361.27354327073766,43.00024092536136,42.60773471683838,43.00024092536136,2534.4309427698686,0.0,0.690713508868685,0.6803875660651243,0.2511378193295135
