target_id,prot_ps,prot_acf,prot_cs,e_prot_ps,E_prot_ps,e_prot_acf,E_prot_acf,e_prot_cs,E_prot_cs,sph_ps,sph_acf,sph_cs,e_sph_ps,e_sph_acf,e_sph_cs,h_ps,fa_prob_ps,hacf,gacf,hcs
5792823,5.0773180071776345,-1.0,5.033236014128557,2.0583179977822796,2.0583179977822796,-1.0,-1.0,0.10144523089256063,0.10144523089256063,462.63260478589234,-1.0,459.1305419548952,120.2406634505583,-1.0,116.38666883877255,17.037800157330604,3.986368183220325e-08,-1.0,-1.0,0.3244835674769141
