target_id,prot_ps,prot_acf,prot_cs,e_prot_ps,E_prot_ps,e_prot_acf,E_prot_acf,e_prot_cs,E_prot_cs,sph_ps,sph_acf,sph_cs,e_sph_ps,e_sph_acf,e_sph_cs,h_ps,fa_prob_ps,hacf,gacf,hcs
5702820,52.16127268874122,56.437948057428,52.68897255775518,2.401178150279108,2.401178150279108,-1.0,-1.0,2.07285336670451,2.07285336670451,345.1504833046947,344.48682085534443,343.3797864408454,31.370318850238725,40.76246968646607,32.3913289838179,21.948779794033857,2.9360676026313915e-10,0.16231582058126504,0.1281067501389341,0.1304632302792084
