target_id,prot_ps,prot_acf,prot_cs,e_prot_ps,E_prot_ps,e_prot_acf,E_prot_acf,e_prot_cs,E_prot_cs,sph_ps,sph_acf,sph_cs,e_sph_ps,e_sph_acf,e_sph_cs,h_ps,fa_prob_ps,hacf,gacf,hcs
5782846,0.5922326277832456,10.236962073482573,0.5983868032151666,7.389056098930649,7.389056098930649,-1.0,-1.0,0.010571606892451192,0.010571606892451192,317.2870343134353,350.65092296208866,315.4864402577569,51.46449826527457,53.477457021969855,47.636510772559156,11.173166258004601,1.4046093296971922e-05,0.00014112923733857613,0.10491456397562295,2.396515506231773
