target_id,prot_ps,prot_acf,prot_cs,e_prot_ps,E_prot_ps,e_prot_acf,E_prot_acf,e_prot_cs,E_prot_cs,sph_ps,sph_acf,sph_cs,e_sph_ps,e_sph_acf,e_sph_cs,h_ps,fa_prob_ps,hacf,gacf,hcs
5705922,0.3521663760394609,57.069391916971654,3.4257981556747104,0.8747522358836858,0.8747522358836858,-1.0,-1.0,0.5320591407523145,0.5320591407523145,358.5774492436979,592.5011622301784,477.7821419718044,69.16661705820006,0.0,70.41615370833033,11.078906231109734,1.54344855430517e-05,0.26722037055975223,0.19812755808236723,0.2034582188551401
