target_id,prot_ps,prot_acf,prot_cs,e_prot_ps,E_prot_ps,e_prot_acf,E_prot_acf,e_prot_cs,E_prot_cs,sph_ps,sph_acf,sph_cs,e_sph_ps,e_sph_acf,e_sph_cs,h_ps,fa_prob_ps,hacf,gacf,hcs
5701440,5.809327205616823,11.647209897637367,11.672343350574376,0.20187264882042177,0.20187264882042177,-1.0,-1.0,0.289232527641256,0.289232527641256,3595.6928165338363,3747.059174276015,3737.0730227994463,1064.5784114797536,889.0338535967892,907.119918455993,200.41244041109726,9.161846784369069e-88,0.7933966220938478,0.5358743258081654,0.8976944935871892
