target_id,prot_ps,prot_acf,prot_cs,e_prot_ps,E_prot_ps,e_prot_acf,E_prot_acf,e_prot_cs,E_prot_cs,sph_ps,sph_acf,sph_cs,e_sph_ps,e_sph_acf,e_sph_cs,h_ps,fa_prob_ps,hacf,gacf,hcs
5796255,0.18494866544597402,-1.0,0.9710083481669427,7.3890560989242084,7.3890560989242084,-1.0,-1.0,0.3808561726588571,0.3808561726588571,672.0687574190061,-1.0,695.907105217844,103.37118888215723,-1.0,81.76416569815153,13.504357531087244,1.364998086599087e-06,-1.0,-1.0,0.19714741843970535
