target_id,prot_ps,prot_acf,prot_cs,e_prot_ps,E_prot_ps,e_prot_acf,E_prot_acf,e_prot_cs,E_prot_cs,sph_ps,sph_acf,sph_cs,e_sph_ps,e_sph_acf,e_sph_cs,h_ps,fa_prob_ps,hacf,gacf,hcs
5738138,3.121831661640992,41.97089955210686,3.0885441469062664,0.10039448190861983,0.10039448190861983,-1.0,-1.0,0.011100458231605511,0.011100458231605511,1234.90492005168,1970.1722012284333,1230.6018462274467,676.7831723769604,593.2327712756129,629.3412949641496,134.41153843387326,4.224842798982194e-59,0.9662196281652633,0.4973915128541774,0.8799874713707743
