target_id,prot_ps,prot_acf,prot_cs,e_prot_ps,E_prot_ps,e_prot_acf,E_prot_acf,e_prot_cs,E_prot_cs,sph_ps,sph_acf,sph_cs,e_sph_ps,e_sph_acf,e_sph_cs,h_ps,fa_prob_ps,hacf,gacf,hcs
5702714,0.6152706162143194,-1.0,8.07491161872695,7.389056098927151,7.389056098927151,-1.0,-1.0,0.022635527409722626,0.022635527409722626,470.5460136565231,-1.0,560.3847158892812,59.49872191872311,-1.0,108.87412342340454,17.23513669592648,3.2724667163046894e-08,-1.0,-1.0,0.14822324353686575
