target_id,prot_ps,prot_acf,prot_cs,e_prot_ps,E_prot_ps,e_prot_acf,E_prot_acf,e_prot_cs,E_prot_cs,sph_ps,sph_acf,sph_cs,e_sph_ps,e_sph_acf,e_sph_cs,h_ps,fa_prob_ps,hacf,gacf,hcs
5706433,0.3671744545884524,-1.0,40.70985381799646,0.544036723089994,0.544036723089994,-1.0,-1.0,0.7080329760012305,0.7080329760012305,298.40197992491045,-1.0,394.52943899379574,36.37869265589863,-1.0,38.78412126492058,13.207577378161561,1.836631486215622e-06,-1.0,-1.0,0.1311324425897307
