target_id,prot_ps,prot_acf,prot_cs,e_prot_ps,E_prot_ps,e_prot_acf,E_prot_acf,e_prot_cs,E_prot_cs,sph_ps,sph_acf,sph_cs,e_sph_ps,e_sph_acf,e_sph_cs,h_ps,fa_prob_ps,hacf,gacf,hcs
5771734,52.900610189341855,56.08952146489173,0.6068702322430956,7.389056098930629,7.389056098930629,-1.0,-1.0,0.2713524300067395,0.2713524300067395,760.2658804995888,757.400119751076,497.6622374104626,99.02287189555786,93.27589714054284,255.3901673121028,27.14913365254161,1.6191275639166712e-12,0.13333786633393443,0.0274248789655786,0.2178457704972219
