target_id,prot_ps,prot_acf,prot_cs,e_prot_ps,E_prot_ps,e_prot_acf,E_prot_acf,e_prot_cs,E_prot_cs,sph_ps,sph_acf,sph_cs,e_sph_ps,e_sph_acf,e_sph_cs,h_ps,fa_prob_ps,hacf,gacf,hcs
5791986,22.82795235657257,23.25354179367423,22.769441272944228,0.8885568856824111,0.8885568856824111,-1.0,-1.0,0.2717938978110966,0.2717938978110966,2020.3082830872809,2004.3940396501275,2022.3775832256097,642.691921488643,629.1091394101438,643.9683167745694,33.835763229529334,2.0198296282010335e-15,0.5897982325178466,0.2876620509603557,0.9802580659613791
