target_id,prot_ps,prot_acf,prot_cs,e_prot_ps,E_prot_ps,e_prot_acf,E_prot_acf,e_prot_cs,E_prot_cs,sph_ps,sph_acf,sph_cs,e_sph_ps,e_sph_acf,e_sph_cs,h_ps,fa_prob_ps,hacf,gacf,hcs
5770431,0.19570004829267987,0.2043337281793356,0.2043337281793356,0.004270284722322795,0.004270284722322795,-1.0,-1.0,0.02043337281793356,0.02043337281793356,40901.25984941412,40878.69709106122,40878.69709106122,20717.917087000766,20712.597378620103,20712.597378620103,13647801.053333938,0.0,1.39567181405992,0.7619471168248466,9.842524754997538e-07
