target_id,prot_ps,prot_acf,prot_cs,e_prot_ps,E_prot_ps,e_prot_acf,E_prot_acf,e_prot_cs,E_prot_cs,sph_ps,sph_acf,sph_cs,e_sph_ps,e_sph_acf,e_sph_cs,h_ps,fa_prob_ps,hacf,gacf,hcs
5769516,0.1869322215984074,58.0502265826799,1.5065269996272397,0.2650768783945169,0.2650768783945169,-1.0,-1.0,1.547272516613527,1.547272516613527,313.94341439344197,630.6878764786887,358.41677757663246,47.20751629720075,0.0,79.96169734756114,10.774867366875096,2.0918693626380882e-05,0.20311004097341306,0.023413817337246345,0.12327493835361238
