target_id,prot_ps,prot_acf,prot_cs,e_prot_ps,E_prot_ps,e_prot_acf,E_prot_acf,e_prot_cs,E_prot_cs,sph_ps,sph_acf,sph_cs,e_sph_ps,e_sph_acf,e_sph_cs,h_ps,fa_prob_ps,hacf,gacf,hcs
5700798,1.446506386283996,48.591397712007165,0.687799178716554,0.7225926501600688,0.7225926501600688,-1.0,-1.0,1.2582535394316232,1.2582535394316232,392.8657525764861,490.5252484023693,353.0665599853664,148.50655707769673,53.06486413972839,110.62981670268013,12.55144858264472,3.539770785956595e-06,0.01974233179474552,0.016495168468006655,0.49673982349769447
