target_id,prot_ps,prot_acf,prot_cs,e_prot_ps,E_prot_ps,e_prot_acf,E_prot_acf,e_prot_cs,E_prot_cs,sph_ps,sph_acf,sph_cs,e_sph_ps,e_sph_acf,e_sph_cs,h_ps,fa_prob_ps,hacf,gacf,hcs
5772478,46.30385135140152,53.57618509512395,3.5620179831661334,1.733366611535827,1.733366611535827,-1.0,-1.0,0.19748751096776634,0.19748751096776634,251.05126682352557,252.12988711400422,193.7069998442898,37.04349258256427,41.468849719010976,100.73689807824954,18.654512048669158,7.914953261621955e-09,0.12190063352039932,0.03076089882252205,0.15844204751164714
