target_id,prot_ps,prot_acf,prot_cs,e_prot_ps,E_prot_ps,e_prot_acf,E_prot_acf,e_prot_cs,E_prot_cs,sph_ps,sph_acf,sph_cs,e_sph_ps,e_sph_acf,e_sph_cs,h_ps,fa_prob_ps,hacf,gacf,hcs
5807205,18.87121610581315,18.6764496313408,18.842373798158903,0.498748072452079,0.498748072452079,-1.0,-1.0,0.20406125399107836,0.20406125399107836,203.1468691252659,203.47867704139327,203.08353468536302,48.24757669931923,49.95332726763974,48.80909383324447,105.93348935633482,9.855306236866211e-47,0.6957628978460109,0.292034818816403,0.9715530756602193
