target_id,prot_ps,prot_acf,prot_cs,e_prot_ps,E_prot_ps,e_prot_acf,E_prot_acf,e_prot_cs,E_prot_cs,sph_ps,sph_acf,sph_cs,e_sph_ps,e_sph_acf,e_sph_cs,h_ps,fa_prob_ps,hacf,gacf,hcs
5881857,7.160977316647599,-1.0,7.2955650089593815,7.389056098914468,7.389056098914468,-1.0,-1.0,0.08996845958719527,0.08996845958719527,421.04241129984007,-1.0,424.0068001856207,64.91059947755076,-1.0,75.22580087543183,16.85510508977686,4.7854288952802625e-08,-1.0,-1.0,0.23946215532948548
