target_id,prot_ps,prot_acf,prot_cs,e_prot_ps,E_prot_ps,e_prot_acf,E_prot_acf,e_prot_cs,E_prot_cs,sph_ps,sph_acf,sph_cs,e_sph_ps,e_sph_acf,e_sph_cs,h_ps,fa_prob_ps,hacf,gacf,hcs
5892037,17.602013413955866,16.08132350584492,17.693770346466444,0.46657881073625745,0.46657881073625745,-1.0,-1.0,0.1663060280840873,0.1663060280840873,913.747938663031,930.005114167209,917.4039243502629,306.96794833674386,264.34216508957076,293.75379150652543,148.11476143173988,4.726900077296165e-65,0.33061421571129584,0.20606169744253636,0.9559741493887981
