target_id,prot_ps,prot_acf,prot_cs,e_prot_ps,E_prot_ps,e_prot_acf,E_prot_acf,e_prot_cs,E_prot_cs,sph_ps,sph_acf,sph_cs,e_sph_ps,e_sph_acf,e_sph_cs,h_ps,fa_prob_ps,hacf,gacf,hcs
5888258,14.046598259903352,29.240550321992487,14.170997423834274,0.7771415212293491,0.7771415212293491,-1.0,-1.0,0.26329602264277674,0.26329602264277674,995.963693353068,1072.9747551381438,977.5495188989737,452.7636374864425,252.3042451768735,471.03920096217763,38.577886752764016,1.7613134834700228e-17,0.2880282064559408,0.0764452213225773,0.7150439873338469
