target_id,prot_ps,prot_acf,prot_cs,e_prot_ps,E_prot_ps,e_prot_acf,E_prot_acf,e_prot_cs,E_prot_cs,sph_ps,sph_acf,sph_cs,e_sph_ps,e_sph_acf,e_sph_cs,h_ps,fa_prob_ps,hacf,gacf,hcs
5858361,20.998685689541407,20.842041224241257,21.215563296377656,1.6668443064468954,1.6668443064468954,-1.0,-1.0,1.393598072898558,1.393598072898558,3122.143201529893,3181.605844715619,3159.4010122310133,1555.4275995534113,1461.7416698507416,1447.0233667013513,121.52608904437933,1.6668254417942115e-53,1.3174940188071245,0.6502545961793674,0.9784554479565609
