target_id,prot_ps,prot_acf,prot_cs,e_prot_ps,E_prot_ps,e_prot_acf,E_prot_acf,e_prot_cs,E_prot_cs,sph_ps,sph_acf,sph_cs,e_sph_ps,e_sph_acf,e_sph_cs,h_ps,fa_prob_ps,hacf,gacf,hcs
5807917,11.594163409701547,10.911596889607608,11.609323953059565,1.322107545879559,1.322107545879559,-1.0,-1.0,0.0654299636700294,0.0654299636700294,2508.338780306585,2459.247875364013,2506.4238028717787,605.3355925773357,665.430347576246,604.1450574101118,51.64199324783271,3.73393968111817e-23,0.14870776143791367,0.006737752024639749,1.0577188306006569
