target_id,prot_ps,prot_acf,prot_cs,e_prot_ps,E_prot_ps,e_prot_acf,E_prot_acf,e_prot_cs,E_prot_cs,sph_ps,sph_acf,sph_cs,e_sph_ps,e_sph_acf,e_sph_cs,h_ps,fa_prob_ps,hacf,gacf,hcs
5879321,5.641558050542971,5.639711402356625,5.586893587628078,0.16516765682910872,0.16516765682910872,-1.0,-1.0,0.018788875279756295,0.018788875279756295,5965.983009453947,5965.983009453947,5922.066478861415,2036.4862499979265,2036.4862499979265,2119.864064382925,1250.145801745301,0.0,1.323167904344753,0.7962258333543829,0.7725333027613196
