target_id,prot_ps,prot_acf,prot_cs,e_prot_ps,E_prot_ps,e_prot_acf,E_prot_acf,e_prot_cs,E_prot_cs,sph_ps,sph_acf,sph_cs,e_sph_ps,e_sph_acf,e_sph_cs,h_ps,fa_prob_ps,hacf,gacf,hcs
5877658,0.3135814484268585,-1.0,1.5320241596324138,0.5807259422708362,0.5807259422708362,-1.0,-1.0,0.01040390868794498,0.01040390868794498,517.5078744729406,-1.0,554.5419514039684,77.59269760407487,-1.0,84.28616741849547,10.859760716920992,1.9216126359175314e-05,-1.0,-1.0,0.17836124896366254
