target_id,prot_ps,prot_acf,prot_cs,e_prot_ps,E_prot_ps,e_prot_acf,E_prot_acf,e_prot_cs,E_prot_cs,sph_ps,sph_acf,sph_cs,e_sph_ps,e_sph_acf,e_sph_cs,h_ps,fa_prob_ps,hacf,gacf,hcs
5876368,0.524995779917994,1.0625563561916351,1.0422982911002567,0.011440427166675614,0.011440427166675614,-1.0,-1.0,0.010673259561266033,0.010673259561266033,809.5555981150779,816.4877404389,816.3537095446023,198.26419453712842,196.17493103079622,196.229537003265,13830.99122487943,0.0,0.729463362028051,0.734560859514997,0.008289195240530648
