target_id,prot_ps,prot_acf,prot_cs,e_prot_ps,E_prot_ps,e_prot_acf,E_prot_acf,e_prot_cs,E_prot_cs,sph_ps,sph_acf,sph_cs,e_sph_ps,e_sph_acf,e_sph_cs,h_ps,fa_prob_ps,hacf,gacf,hcs
5962674,21.80349947347308,21.43493145890534,21.645456050558835,1.009976173014977,1.009976173014977,-1.0,-1.0,0.2721856811544537,0.2721856811544537,3160.5521169790936,3171.4345803669557,3171.752813821393,1102.0864877073225,1067.9394301700672,1051.8024007866568,48.7094631756224,7.010498913846162e-22,0.6867437463782606,0.38783239008329373,0.9877392101678132
