target_id,prot_ps,prot_acf,prot_cs,e_prot_ps,E_prot_ps,e_prot_acf,E_prot_acf,e_prot_cs,E_prot_cs,sph_ps,sph_acf,sph_cs,e_sph_ps,e_sph_acf,e_sph_cs,h_ps,fa_prob_ps,hacf,gacf,hcs
5953057,0.37117670604478065,-1.0,0.45112422789346096,0.2668807238449182,0.2668807238449182,-1.0,-1.0,0.010341198551575597,0.010341198551575597,229.5683275969521,-1.0,232.00339028864948,18.39410892653437,-1.0,18.258115812509825,9.03813171213285,0.00011879256797414231,-1.0,-1.0,0.2650364924429246
