target_id,prot_ps,prot_acf,prot_cs,e_prot_ps,E_prot_ps,e_prot_acf,E_prot_acf,e_prot_cs,E_prot_cs,sph_ps,sph_acf,sph_cs,e_sph_ps,e_sph_acf,e_sph_cs,h_ps,fa_prob_ps,hacf,gacf,hcs
5984745,9.250390799684961,-1.0,1.9824901056848467,7.389056098930649,7.389056098930649,-1.0,-1.0,0.8801101340704001,0.8801101340704001,209.73136567248685,-1.0,170.83086965123462,35.63479232179844,-1.0,25.469661600791227,14.862228585405965,3.51088121914252e-07,-1.0,-1.0,0.17007183021561834
