target_id,prot_ps,prot_acf,prot_cs,e_prot_ps,E_prot_ps,e_prot_acf,E_prot_acf,e_prot_cs,E_prot_cs,sph_ps,sph_acf,sph_cs,e_sph_ps,e_sph_acf,e_sph_cs,h_ps,fa_prob_ps,hacf,gacf,hcs
5975663,5.367586397969419,5.476239759474993,5.317129404859368,0.4003059643513977,0.4003059643513977,-1.0,-1.0,0.011396417882054732,0.011396417882054732,4166.48287284129,4173.40530199011,4165.979564196188,1261.3583231857322,1284.7801534296107,1222.3384858005918,259.36427621998456,2.2883688892541243e-113,1.1480369725664055,0.7481815672458676,0.916402575297245
