target_id,prot_ps,prot_acf,prot_cs,e_prot_ps,E_prot_ps,e_prot_acf,E_prot_acf,e_prot_cs,E_prot_cs,sph_ps,sph_acf,sph_cs,e_sph_ps,e_sph_acf,e_sph_cs,h_ps,fa_prob_ps,hacf,gacf,hcs
5963456,4.953846227173387,15.30484945513308,15.210241373721509,0.28854597776989366,0.28854597776989366,-1.0,-1.0,0.6814246780685155,0.6814246780685155,1318.092947541476,1503.8069148519542,1505.1480056792896,509.19065699344753,369.1374202713033,369.8526420081942,32.48252403417699,7.816620974549602e-15,0.6225727648844002,0.3695723938167126,0.6478784253331731
