target_id,prot_ps,prot_acf,prot_cs,e_prot_ps,E_prot_ps,e_prot_acf,E_prot_acf,e_prot_cs,E_prot_cs,sph_ps,sph_acf,sph_cs,e_sph_ps,e_sph_acf,e_sph_cs,h_ps,fa_prob_ps,hacf,gacf,hcs
5966660,0.9556311862127738,2.676821677479893,0.9622558448505026,0.02142538762658892,0.02142538762658892,-1.0,-1.0,0.009125577618046095,0.009125577618046095,246.52209032503217,284.1267349858354,246.63785639323987,49.07958371203023,64.04779693388535,48.73931809057896,7953.1088281284265,0.0,0.3853638870517445,0.5887518957168114,0.006078789460617924
