target_id,prot_ps,prot_acf,prot_cs,e_prot_ps,E_prot_ps,e_prot_acf,E_prot_acf,e_prot_cs,E_prot_cs,sph_ps,sph_acf,sph_cs,e_sph_ps,e_sph_acf,e_sph_cs,h_ps,fa_prob_ps,hacf,gacf,hcs
5905644,20.008971715553162,20.209083295892924,20.225430380459873,1.1830977171236365,1.1830977171236365,-1.0,-1.0,0.5880374951804513,0.5880374951804513,2628.8858520165127,2630.4982816157253,2627.58693659148,563.6136601066443,565.721267435154,570.4145765438922,45.87655445810987,1.1914218213563402e-20,0.7459150230372285,0.4125906548724074,0.37841004302650944
