target_id,prot_ps,prot_acf,prot_cs,e_prot_ps,E_prot_ps,e_prot_acf,E_prot_acf,e_prot_cs,E_prot_cs,sph_ps,sph_acf,sph_cs,e_sph_ps,e_sph_acf,e_sph_cs,h_ps,fa_prob_ps,hacf,gacf,hcs
5967092,17.11569135193803,-1.0,3.277163929380477,5.987514772996217,5.987514772996217,-1.0,-1.0,0.3458703279721906,0.3458703279721906,227.86218988570067,-1.0,201.08458911642185,27.279393215913498,-1.0,42.440879564390286,14.19328948696165,6.853820020053408e-07,-1.0,-1.0,0.15426281215387216
