target_id,prot_ps,prot_acf,prot_cs,e_prot_ps,E_prot_ps,e_prot_acf,E_prot_acf,e_prot_cs,E_prot_cs,sph_ps,sph_acf,sph_cs,e_sph_ps,e_sph_acf,e_sph_cs,h_ps,fa_prob_ps,hacf,gacf,hcs
5991479,0.15411772204672303,24.663543561007828,12.249273066000981,0.00451836686594769,0.00451836686594769,-1.0,-1.0,0.07118304467170943,0.07118304467170943,361.7391405559485,1299.6535591625347,1237.2989499502837,66.15407514571852,311.09367742546607,376.0108689362325,2619.527754137526,0.0,0.6578750384400468,0.3386901437407884,0.019417117146714007
