target_id,prot_ps,prot_acf,prot_cs,e_prot_ps,E_prot_ps,e_prot_acf,E_prot_acf,e_prot_cs,E_prot_cs,sph_ps,sph_acf,sph_cs,e_sph_ps,e_sph_acf,e_sph_cs,h_ps,fa_prob_ps,hacf,gacf,hcs
5938531,0.8815146694092383,14.83465638756752,14.93840907034278,0.02094313851993869,0.02094313851993869,-1.0,-1.0,0.21276401678037943,0.21276401678037943,1712.1776239631558,3274.639058665597,3219.025961671857,1089.9745548850901,926.3736962276765,1133.174271741655,474.8123965595231,6.18865446222402e-207,0.9171578982920893,0.547962465240543,0.23549014052170267
