target_id,prot_ps,prot_acf,prot_cs,e_prot_ps,E_prot_ps,e_prot_acf,E_prot_acf,e_prot_cs,E_prot_cs,sph_ps,sph_acf,sph_cs,e_sph_ps,e_sph_acf,e_sph_cs,h_ps,fa_prob_ps,hacf,gacf,hcs
5977594,47.1103886508896,-1.0,1.3087159312091932,7.389056098930649,7.389056098930649,-1.0,-1.0,0.01324127229718667,0.01324127229718667,365.2648261824539,-1.0,221.5587585127197,60.27433661526251,-1.0,45.670866437735064,15.365658504358027,2.1221657482717565e-07,-1.0,-1.0,0.29292380976681265
