target_id,prot_ps,prot_acf,prot_cs,e_prot_ps,E_prot_ps,e_prot_acf,E_prot_acf,e_prot_cs,E_prot_cs,sph_ps,sph_acf,sph_cs,e_sph_ps,e_sph_acf,e_sph_cs,h_ps,fa_prob_ps,hacf,gacf,hcs
5943512,1.171676383253668,-1.0,2.1395930301827266,7.389056098930649,7.389056098930649,-1.0,-1.0,0.012030580624481122,0.012030580624481122,531.9488399811017,-1.0,612.0107815871397,310.68795514711917,-1.0,371.88949799146513,13.476335634535518,1.4037888793012845e-06,-1.0,-1.0,0.3102237794850788
