target_id,prot_ps,prot_acf,prot_cs,e_prot_ps,E_prot_ps,e_prot_acf,E_prot_acf,e_prot_cs,E_prot_cs,sph_ps,sph_acf,sph_cs,e_sph_ps,e_sph_acf,e_sph_cs,h_ps,fa_prob_ps,hacf,gacf,hcs
5963681,11.804607409705056,-1.0,2.20827329960186,0.943529668451334,0.943529668451334,-1.0,-1.0,0.5539499049281247,0.5539499049281247,1095.1379769516484,-1.0,734.8411702936476,333.2225970321814,-1.0,225.43952036416368,29.457041667062192,1.6105319720781596e-13,-1.0,-1.0,0.16502412503659403
