target_id,prot_ps,prot_acf,prot_cs,e_prot_ps,E_prot_ps,e_prot_acf,E_prot_acf,e_prot_cs,E_prot_cs,sph_ps,sph_acf,sph_cs,e_sph_ps,e_sph_acf,e_sph_cs,h_ps,fa_prob_ps,hacf,gacf,hcs
5939413,52.87176553247819,55.02701782155782,4.455280095998387,7.389056098930649,7.389056098930649,-1.0,-1.0,0.05639577906318256,0.05639577906318256,347.6511504392271,347.93887198776383,235.62877242134385,63.64070577079137,58.781160970568756,120.41269505358946,33.398785454597586,3.1267400377720738e-15,0.24109733125068838,0.10178035898869002,0.08498120936321689
