target_id,prot_ps,prot_acf,prot_cs,e_prot_ps,E_prot_ps,e_prot_acf,E_prot_acf,e_prot_cs,E_prot_cs,sph_ps,sph_acf,sph_cs,e_sph_ps,e_sph_acf,e_sph_cs,h_ps,fa_prob_ps,hacf,gacf,hcs
5981689,1.3157725808163072,-1.0,4.086341605084018,0.07185900115405558,0.07185900115405558,-1.0,-1.0,0.23043496609186548,0.23043496609186548,228.60082189002307,-1.0,250.24484709193752,41.77891676986354,-1.0,33.04360752835637,36.544130060736904,1.346126793713994e-16,-1.0,-1.0,0.175836790719665
