target_id,prot_ps,prot_acf,prot_cs,e_prot_ps,E_prot_ps,e_prot_acf,E_prot_acf,e_prot_cs,E_prot_cs,sph_ps,sph_acf,sph_cs,e_sph_ps,e_sph_acf,e_sph_cs,h_ps,fa_prob_ps,hacf,gacf,hcs
6044064,0.5629254220655963,5.0675880163908005,5.074572507086296,0.138511962629893,0.138511962629893,-1.0,-1.0,0.06929072155026794,0.06929072155026794,754785.0444654204,951586.7886513754,948044.9173292709,1142473.0062959974,1319441.0669390967,1321272.6590943937,562.4448496965153,5.411347226164696e-245,1.0949702776552663,0.7074588121724003,0.34399008762498284
