target_id,prot_ps,prot_acf,prot_cs,e_prot_ps,E_prot_ps,e_prot_acf,E_prot_acf,e_prot_cs,E_prot_cs,sph_ps,sph_acf,sph_cs,e_sph_ps,e_sph_acf,e_sph_cs,h_ps,fa_prob_ps,hacf,gacf,hcs
6042943,44.28307675443811,50.082984298467636,1.1958116207906997,1.2628406497313367,1.2628406497313367,-1.0,-1.0,0.10566771837477588,0.10566771837477588,1049.7002378137051,1051.5579239084348,555.6025616082496,141.45979601327645,131.42718023326114,103.91157884336626,35.565167770824196,3.5829759178698345e-16,0.2913719056984576,0.1480443151074734,1.1039709314558115
