target_id,prot_ps,prot_acf,prot_cs,e_prot_ps,E_prot_ps,e_prot_acf,E_prot_acf,e_prot_cs,E_prot_cs,sph_ps,sph_acf,sph_cs,e_sph_ps,e_sph_acf,e_sph_cs,h_ps,fa_prob_ps,hacf,gacf,hcs
6029090,0.19713739784228704,-1.0,0.26585647340936586,0.24205270194424983,0.24205270194424983,-1.0,-1.0,0.0077987132554974544,0.0077987132554974544,583.8608667701966,-1.0,587.6391469994064,86.93860854336516,-1.0,80.43575593290748,12.649512991705237,3.2091225993992852e-06,-1.0,-1.0,0.14619392750151766
