target_id,prot_ps,prot_acf,prot_cs,e_prot_ps,E_prot_ps,e_prot_acf,E_prot_acf,e_prot_cs,E_prot_cs,sph_ps,sph_acf,sph_cs,e_sph_ps,e_sph_acf,e_sph_cs,h_ps,fa_prob_ps,hacf,gacf,hcs
6021431,6.5387167117104275,13.056923147756606,13.088186203180815,0.17692631667090983,0.17692631667090983,-1.0,-1.0,0.3690626113999623,0.3690626113999623,2540.420162774536,2742.7479808454236,2711.075016711992,1269.3371620498933,1008.9589432627699,1093.4452391536438,599.5210167858413,4.27888510256175e-261,0.8878789036613646,0.5756440092745955,0.7834448194855348
