target_id,prot_ps,prot_acf,prot_cs,e_prot_ps,E_prot_ps,e_prot_acf,E_prot_acf,e_prot_cs,E_prot_cs,sph_ps,sph_acf,sph_cs,e_sph_ps,e_sph_acf,e_sph_cs,h_ps,fa_prob_ps,hacf,gacf,hcs
6061235,5.891661657961655,-1.0,5.943755249530076,1.9910802058734405,1.9910802058734405,-1.0,-1.0,0.25611016696667976,0.25611016696667976,743.3752180151525,-1.0,736.1156078764218,126.61929894628643,-1.0,137.66034299174245,18.49475564371171,9.28602139159756e-09,-1.0,-1.0,0.2453311280556303
