target_id,prot_ps,prot_acf,prot_cs,e_prot_ps,E_prot_ps,e_prot_acf,E_prot_acf,e_prot_cs,E_prot_cs,sph_ps,sph_acf,sph_cs,e_sph_ps,e_sph_acf,e_sph_cs,h_ps,fa_prob_ps,hacf,gacf,hcs
6029099,0.4271061088362211,45.77112540602684,2.9512159117823464,7.389055354229289,7.389055354229289,-1.0,-1.0,0.18929911673190797,0.18929911673190797,218.44121134846134,412.50259161886345,240.09723378691638,17.987250738828592,0.0,27.139301068719643,9.767930103968864,5.725874913033788e-05,0.09090058280443976,0.06784742718094884,0.2726522961418785
