target_id,prot_ps,prot_acf,prot_cs,e_prot_ps,E_prot_ps,e_prot_acf,E_prot_acf,e_prot_cs,E_prot_cs,sph_ps,sph_acf,sph_cs,e_sph_ps,e_sph_acf,e_sph_cs,h_ps,fa_prob_ps,hacf,gacf,hcs
6019560,46.40108967225643,53.004233109764755,0.9985122068536614,7.389056098930649,7.389056098930649,-1.0,-1.0,0.04045735735126363,0.04045735735126363,134.73884849010923,131.8373567879193,72.47695092123098,37.191456975110086,38.77196205770989,38.23910962733029,22.690579598474724,1.3983197418995713e-10,0.23226781738629415,0.11500250899882393,0.3560477360568401
