target_id,prot_ps,prot_acf,prot_cs,e_prot_ps,E_prot_ps,e_prot_acf,E_prot_acf,e_prot_cs,E_prot_cs,sph_ps,sph_acf,sph_cs,e_sph_ps,e_sph_acf,e_sph_cs,h_ps,fa_prob_ps,hacf,gacf,hcs
6045893,0.32292122135200935,-1.0,7.484842883097008,0.13938698277135617,0.13938698277135617,-1.0,-1.0,0.2013021399932868,0.2013021399932868,678.5236090527043,-1.0,835.6116396743831,84.30958149791266,-1.0,174.30124749623477,168.72774009208743,5.278050412481494e-74,-1.0,-1.0,0.014271420613172901
