target_id,prot_ps,prot_acf,prot_cs,e_prot_ps,E_prot_ps,e_prot_acf,E_prot_acf,e_prot_cs,E_prot_cs,sph_ps,sph_acf,sph_cs,e_sph_ps,e_sph_acf,e_sph_cs,h_ps,fa_prob_ps,hacf,gacf,hcs
6066938,0.1933230383259056,59.93247147789225,2.810878020076236,0.43724101699229806,0.43724101699229806,-1.0,-1.0,0.07098077948724457,0.07098077948724457,151.31369945169484,278.6699723431369,191.22549035530824,26.16582260421043,64.54053074745252,59.14238946734064,12.673669234684148,3.1325310604328043e-06,0.2943962216096857,0.18841774534186725,2.354362536488222
