target_id,prot_ps,prot_acf,prot_cs,e_prot_ps,E_prot_ps,e_prot_acf,E_prot_acf,e_prot_cs,E_prot_cs,sph_ps,sph_acf,sph_cs,e_sph_ps,e_sph_acf,e_sph_cs,h_ps,fa_prob_ps,hacf,gacf,hcs
6060193,19.887765576743984,20.004637150559574,20.059421833297968,1.1871845742891856,1.1871845742891856,-1.0,-1.0,0.8133491121040646,0.8133491121040646,421.4444013194845,423.5393410595603,424.31903724665545,88.73644227755557,89.86300552533683,92.22945954628592,43.11608073143672,1.883319733756933e-19,0.612164811167372,0.30841946784385116,0.987465256906891
