target_id,prot_ps,prot_acf,prot_cs,e_prot_ps,E_prot_ps,e_prot_acf,E_prot_acf,e_prot_cs,E_prot_cs,sph_ps,sph_acf,sph_cs,e_sph_ps,e_sph_acf,e_sph_cs,h_ps,fa_prob_ps,hacf,gacf,hcs
6044382,0.35232371901088144,-1.0,3.633024430632837,0.5229907486181326,0.5229907486181326,-1.0,-1.0,0.010341175688041193,0.010341175688041193,650.5858730025735,-1.0,757.6810165333821,97.41843294638521,-1.0,169.61720896188172,12.65775766660488,3.1827731972389238e-06,-1.0,-1.0,0.29095702534974205
