target_id,prot_ps,prot_acf,prot_cs,e_prot_ps,E_prot_ps,e_prot_acf,E_prot_acf,e_prot_cs,E_prot_cs,sph_ps,sph_acf,sph_cs,e_sph_ps,e_sph_acf,e_sph_cs,h_ps,fa_prob_ps,hacf,gacf,hcs
6064061,33.45349571688965,32.87789176777005,33.48281575903782,1.2183024493762895,1.2183024493762895,-1.0,-1.0,0.39312278815227214,0.39312278815227214,883.3070213437389,890.0152308663605,883.1523826478502,202.33799477046023,201.99385054693374,200.85079075717366,31.30830568218581,2.5291559228231797e-14,0.5782425031866392,0.30482829727906147,0.7887850463043787
