target_id,prot_ps,prot_acf,prot_cs,e_prot_ps,E_prot_ps,e_prot_acf,E_prot_acf,e_prot_cs,E_prot_cs,sph_ps,sph_acf,sph_cs,e_sph_ps,e_sph_acf,e_sph_cs,h_ps,fa_prob_ps,hacf,gacf,hcs
6035837,16.23299552667327,16.265253141522408,16.175308395507606,0.5184175559579918,0.5184175559579918,-1.0,-1.0,0.13707442791358654,0.13707442791358654,5303.130742862366,5302.59426503609,5296.9987872696265,1592.5212967324137,1581.2638776174736,1606.2863725433338,166.45819663082645,5.106504696464858e-73,1.158842927098014,0.6192446923767568,0.9848457102487341
