target_id,prot_ps,prot_acf,prot_cs,e_prot_ps,E_prot_ps,e_prot_acf,E_prot_acf,e_prot_cs,E_prot_cs,sph_ps,sph_acf,sph_cs,e_sph_ps,e_sph_acf,e_sph_cs,h_ps,fa_prob_ps,hacf,gacf,hcs
6038432,16.988014045443933,16.959996270015836,17.014854022094084,0.5800739347402044,0.5800739347402044,-1.0,-1.0,0.11869408730624435,0.11869408730624435,2070.6951044064663,2073.225508764881,2066.1596040188365,526.5738793023597,526.0015806224402,529.2391873950698,84.71695116914958,1.613970466946918e-37,0.6321688485738326,0.3801697317633727,0.9615546375688702
