target_id,prot_ps,prot_acf,prot_cs,e_prot_ps,E_prot_ps,e_prot_acf,E_prot_acf,e_prot_cs,E_prot_cs,sph_ps,sph_acf,sph_cs,e_sph_ps,e_sph_acf,e_sph_cs,h_ps,fa_prob_ps,hacf,gacf,hcs
6141033,17.969599421811132,17.777362908236682,17.954310551405804,0.8577156404220068,0.8577156404220068,-1.0,-1.0,0.13295958407289624,0.13295958407289624,3225.1460983011652,3228.0536695705705,3225.70230274731,994.1810465613631,1005.7848693312097,993.4546847824208,70.37206913577796,2.7403036818143865e-31,0.5973622404085802,0.2724203948165237,0.9711675410235178
