target_id,prot_ps,prot_acf,prot_cs,e_prot_ps,E_prot_ps,e_prot_acf,E_prot_acf,e_prot_cs,E_prot_cs,sph_ps,sph_acf,sph_cs,e_sph_ps,e_sph_acf,e_sph_cs,h_ps,fa_prob_ps,hacf,gacf,hcs
6130977,4.8117318492000525,54.435591883957386,4.791943434578223,0.21345847587062888,0.21345847587062888,-1.0,-1.0,0.11718135951546418,0.11718135951546418,144.6488908001542,182.95558237634205,143.7454534927172,56.62649506414787,46.27728001481444,55.056360473044656,57.89933232684739,7.155491407888278e-26,0.2783093937923067,0.16721569094744146,0.118578865242373
