target_id,prot_ps,prot_acf,prot_cs,e_prot_ps,E_prot_ps,e_prot_acf,E_prot_acf,e_prot_cs,E_prot_cs,sph_ps,sph_acf,sph_cs,e_sph_ps,e_sph_acf,e_sph_cs,h_ps,fa_prob_ps,hacf,gacf,hcs
6143356,2.391594350339643,8.663923624902964,9.710133270174266,5.727831756142591,5.727831756142591,-1.0,-1.0,0.24919318751469569,0.24919318751469569,222.377617163881,258.37503161187493,260.69008138943184,54.402301307174504,47.26489199377232,45.077660032143214,30.519492078245083,5.566125573537195e-14,0.19646132636916688,0.1910570012875049,1.0678277109917882
