target_id,prot_ps,prot_acf,prot_cs,e_prot_ps,E_prot_ps,e_prot_acf,E_prot_acf,e_prot_cs,E_prot_cs,sph_ps,sph_acf,sph_cs,e_sph_ps,e_sph_acf,e_sph_cs,h_ps,fa_prob_ps,hacf,gacf,hcs
6191658,5.950578163873872,-1.0,5.888377214733114,2.1473125835371256,2.1473125835371256,-1.0,-1.0,0.1264340091857983,0.1264340091857983,375.3689089470693,-1.0,373.48929156629646,62.3286974301606,-1.0,58.19112246042475,18.3314294052551,1.0933554243229654e-08,-1.0,-1.0,0.2100428240767615
