target_id,prot_ps,prot_acf,prot_cs,e_prot_ps,E_prot_ps,e_prot_acf,E_prot_acf,e_prot_cs,E_prot_cs,sph_ps,sph_acf,sph_cs,e_sph_ps,e_sph_acf,e_sph_cs,h_ps,fa_prob_ps,hacf,gacf,hcs
6125019,16.233186759568177,15.509171719662845,16.230441298326678,0.7001127264590763,0.7001127264590763,-1.0,-1.0,0.08817888392004593,0.08817888392004593,1045.0989048034678,1032.1083748101228,1044.8586794335743,236.15132077152217,262.6443783842718,236.33320937299433,160.21309630155903,2.632305841853033e-70,0.4693963329529279,0.24365843358795888,0.89147403519127
