target_id,prot_ps,prot_acf,prot_cs,e_prot_ps,E_prot_ps,e_prot_acf,E_prot_acf,e_prot_cs,E_prot_cs,sph_ps,sph_acf,sph_cs,e_sph_ps,e_sph_acf,e_sph_cs,h_ps,fa_prob_ps,hacf,gacf,hcs
6105180,7.496750078093384,14.671159342862666,0.5778556911088525,3.9558558489050775,3.9558558489050775,-1.0,-1.0,0.2290053638085711,0.2290053638085711,513.4999498711603,561.2112574789991,242.6484558011281,247.99267245084934,164.26520459029314,181.87701458188016,35.02875640211081,6.126386424237523e-16,0.33112821055612546,0.2342653535609587,0.5486853092528032
