target_id,prot_ps,prot_acf,prot_cs,e_prot_ps,E_prot_ps,e_prot_acf,E_prot_acf,e_prot_cs,E_prot_cs,sph_ps,sph_acf,sph_cs,e_sph_ps,e_sph_acf,e_sph_cs,h_ps,fa_prob_ps,hacf,gacf,hcs
6183900,0.20139495625903933,4.229902692139149,0.14160978578048733,0.18836267696922745,0.18836267696922745,-1.0,-1.0,0.3770150677434452,0.3770150677434452,237.27048827710445,468.9101470575775,195.3704174138968,94.1481473724034,72.06994089369056,73.15017296757597,6.301360072193739,0.0018338089675876792,0.4171158815962822,0.2690666832020671,0.9480797548780832
