target_id,prot_ps,prot_acf,prot_cs,e_prot_ps,E_prot_ps,e_prot_acf,E_prot_acf,e_prot_cs,E_prot_cs,sph_ps,sph_acf,sph_cs,e_sph_ps,e_sph_acf,e_sph_cs,h_ps,fa_prob_ps,hacf,gacf,hcs
6149774,13.159473112165264,26.64569865912199,13.290972573496399,0.5363580549339214,0.5363580549339214,-1.0,-1.0,0.3785367498053576,0.3785367498053576,1603.3199316072553,1629.781336895285,1595.8808924985672,388.5283273355949,326.1721897840178,384.1067423444502,65.32698298653725,4.2545317556325006e-29,0.5870344497302268,0.34204397364665035,0.3365666921629018
