target_id,prot_ps,prot_acf,prot_cs,e_prot_ps,E_prot_ps,e_prot_acf,E_prot_acf,e_prot_cs,E_prot_cs,sph_ps,sph_acf,sph_cs,e_sph_ps,e_sph_acf,e_sph_cs,h_ps,fa_prob_ps,hacf,gacf,hcs
6147228,2.826109168079444,-1.0,2.8409420533012493,1.8365987087301814,1.8365987087301814,-1.0,-1.0,0.010071985524994227,0.010071985524994227,254.24455066669736,-1.0,258.0944135943676,69.14130947866535,-1.0,77.66937036913454,54.80384438613925,1.58122181008073e-24,-1.0,-1.0,0.34160280403000237
