target_id,prot_ps,prot_acf,prot_cs,e_prot_ps,E_prot_ps,e_prot_acf,E_prot_acf,e_prot_cs,E_prot_cs,sph_ps,sph_acf,sph_cs,e_sph_ps,e_sph_acf,e_sph_cs,h_ps,fa_prob_ps,hacf,gacf,hcs
6115516,1.8103716189833867,-1.0,2.174999213480237,0.4913017698122925,0.4913017698122925,-1.0,-1.0,0.029433685314195972,0.029433685314195972,656.095625854823,-1.0,695.8356399686621,284.0181459404687,-1.0,363.09997259777685,41.09092719516364,1.4270430107627854e-18,-1.0,-1.0,0.19561862267460747
