target_id,prot_ps,prot_acf,prot_cs,e_prot_ps,E_prot_ps,e_prot_acf,E_prot_acf,e_prot_cs,E_prot_cs,sph_ps,sph_acf,sph_cs,e_sph_ps,e_sph_acf,e_sph_cs,h_ps,fa_prob_ps,hacf,gacf,hcs
6146617,7.505705403051905,6.579675448127091,7.4444327927380805,0.43933273453174965,0.43933273453174965,-1.0,-1.0,0.22791593711546163,0.22791593711546163,551.5048494261674,538.896505741052,547.732444536312,160.83868815030957,144.87488653438265,160.2149876858112,52.06917862106522,2.4358079726956922e-23,0.19379827237221225,0.21531771074301337,0.7822035485524711
