target_id,prot_ps,prot_acf,prot_cs,e_prot_ps,E_prot_ps,e_prot_acf,E_prot_acf,e_prot_cs,E_prot_cs,sph_ps,sph_acf,sph_cs,e_sph_ps,e_sph_acf,e_sph_cs,h_ps,fa_prob_ps,hacf,gacf,hcs
6101163,12.52553296090852,25.255652256309986,12.530718611657175,0.35834925353561636,0.35834925353561636,-1.0,-1.0,0.054728654856976845,0.054728654856976845,1284.586581872317,1365.465554925154,1285.690233106865,656.1730792286834,412.3464783394917,655.601932549276,124.48688506231429,8.630436233903862e-55,0.8033323053313337,0.3938482972651987,0.19011531973565396
