target_id,prot_ps,prot_acf,prot_cs,e_prot_ps,E_prot_ps,e_prot_acf,E_prot_acf,e_prot_cs,E_prot_cs,sph_ps,sph_acf,sph_cs,e_sph_ps,e_sph_acf,e_sph_cs,h_ps,fa_prob_ps,hacf,gacf,hcs
6110417,0.5865056819744815,-1.0,1.537429569270462,7.389056012786,7.389056012786,-1.0,-1.0,3.2141697283037547,3.2141697283037547,186.49249253915977,-1.0,194.26033691096947,40.33361633428558,-1.0,40.64999614661147,12.171088725962177,5.178015278606049e-06,-1.0,-1.0,0.17523436104430418
