target_id,prot_ps,prot_acf,prot_cs,e_prot_ps,E_prot_ps,e_prot_acf,E_prot_acf,e_prot_cs,E_prot_cs,sph_ps,sph_acf,sph_cs,e_sph_ps,e_sph_acf,e_sph_cs,h_ps,fa_prob_ps,hacf,gacf,hcs
6130383,17.557319013074487,-1.0,2.992510549118742,5.9627245983435895,5.9627245983435895,-1.0,-1.0,0.1627538414226967,0.1627538414226967,957.567314796292,-1.0,688.9736143463684,259.88605969101246,-1.0,158.73679604279408,14.45084739418889,5.297570169078985e-07,-1.0,-1.0,0.15041803703573492
