target_id,prot_ps,prot_acf,prot_cs,e_prot_ps,E_prot_ps,e_prot_acf,E_prot_acf,e_prot_cs,E_prot_cs,sph_ps,sph_acf,sph_cs,e_sph_ps,e_sph_acf,e_sph_cs,h_ps,fa_prob_ps,hacf,gacf,hcs
6139092,26.373826604361298,55.23245269199833,0.32367075495421893,1.5848135772018286,1.5848135772018286,-1.0,-1.0,2.671514099227241,2.671514099227241,1126.9652103973651,1136.1480946671186,631.4591053172436,153.53068689106996,89.70501874886975,89.61121002964455,29.668859775832697,1.3031005107125815e-13,0.18477929490887232,0.010741127000104203,0.22426503327590772
