target_id,prot_ps,prot_acf,prot_cs,e_prot_ps,E_prot_ps,e_prot_acf,E_prot_acf,e_prot_cs,E_prot_cs,sph_ps,sph_acf,sph_cs,e_sph_ps,e_sph_acf,e_sph_cs,h_ps,fa_prob_ps,hacf,gacf,hcs
6210030,0.19992895700581365,-1.0,2.913022787421942,7.389056098930649,7.389056098930649,-1.0,-1.0,1.7428268906575914,1.7428268906575914,553.3149356918226,-1.0,621.1955263763587,86.50236963376321,-1.0,88.85473135652406,11.190197886622691,1.3808891155659e-05,-1.0,-1.0,0.13762223138023932
