target_id,prot_ps,prot_acf,prot_cs,e_prot_ps,E_prot_ps,e_prot_acf,E_prot_acf,e_prot_cs,E_prot_cs,sph_ps,sph_acf,sph_cs,e_sph_ps,e_sph_acf,e_sph_cs,h_ps,fa_prob_ps,hacf,gacf,hcs
6229558,1.2218200055442554,-1.0,1.2321555511595412,0.47893693194598197,0.47893693194598197,-1.0,-1.0,0.008746314278084765,0.008746314278084765,274.9213975158418,-1.0,275.3954130087906,22.373881289556532,-1.0,20.07574319112014,11.484810214084463,1.0285142147652038e-05,-1.0,-1.0,0.49549206045804867
