target_id,prot_ps,prot_acf,prot_cs,e_prot_ps,E_prot_ps,e_prot_acf,E_prot_acf,e_prot_cs,E_prot_cs,sph_ps,sph_acf,sph_cs,e_sph_ps,e_sph_acf,e_sph_cs,h_ps,fa_prob_ps,hacf,gacf,hcs
6203753,19.479561616789887,19.228144293185323,1.5270260311461024,5.562910789264342,5.562910789264342,-1.0,-1.0,0.12775592211871117,0.12775592211871117,1483.3966765658681,1491.4153429924831,842.9797036696591,481.7611579738344,468.8471492428909,506.07544113994334,21.28986077676758,5.674543690491924e-10,0.30707989274031033,0.08627662801727758,4.901241198476177
