target_id,prot_ps,prot_acf,prot_cs,e_prot_ps,E_prot_ps,e_prot_acf,E_prot_acf,e_prot_cs,E_prot_cs,sph_ps,sph_acf,sph_cs,e_sph_ps,e_sph_acf,e_sph_cs,h_ps,fa_prob_ps,hacf,gacf,hcs
6271467,20.29151142076919,20.004574694670737,20.27756465301588,0.5577700131115731,0.5577700131115731,-1.0,-1.0,0.1403226409081657,0.1403226409081657,3916.6636215901794,3904.2817298634864,3920.57709272602,912.611443954204,857.2170941218766,900.8095677182976,178.5717796334927,2.800667047455938e-78,1.0526016052994116,0.5419764025194264,0.9909543121468742
