target_id,prot_ps,prot_acf,prot_cs,e_prot_ps,E_prot_ps,e_prot_acf,E_prot_acf,e_prot_cs,E_prot_cs,sph_ps,sph_acf,sph_cs,e_sph_ps,e_sph_acf,e_sph_cs,h_ps,fa_prob_ps,hacf,gacf,hcs
6267785,0.09989076209290437,-1.0,3.3277600277715393,7.389056081903967,7.389056081903967,-1.0,-1.0,0.00913009863470767,0.00913009863470767,84.98171842313884,-1.0,275.6422934491766,49.47716434179839,-1.0,275.21340355743075,18.304180800446993,1.123557446992243e-08,-1.0,-1.0,0.29946524800141383
