target_id,prot_ps,prot_acf,prot_cs,e_prot_ps,E_prot_ps,e_prot_acf,E_prot_acf,e_prot_cs,E_prot_cs,sph_ps,sph_acf,sph_cs,e_sph_ps,e_sph_acf,e_sph_cs,h_ps,fa_prob_ps,hacf,gacf,hcs
6291911,13.75152261422829,43.01312315510586,1.780191586352885,2.5546631382149263,2.5546631382149263,-1.0,-1.0,0.6360708492697155,0.6360708492697155,204.51359567091907,219.37269119281828,126.30849684001305,89.31290658206453,51.83716561678549,59.2460051325866,15.839511137666351,1.321258264563059e-07,0.26581923360345716,0.1783910581290311,0.3651700604206788
