target_id,prot_ps,prot_acf,prot_cs,e_prot_ps,E_prot_ps,e_prot_acf,E_prot_acf,e_prot_cs,E_prot_cs,sph_ps,sph_acf,sph_cs,e_sph_ps,e_sph_acf,e_sph_cs,h_ps,fa_prob_ps,hacf,gacf,hcs
6268520,2.202036590047661,-1.0,6.549848839944976,0.5991180045729819,0.5991180045729819,-1.0,-1.0,0.013306317243247616,0.013306317243247616,185.96465146232177,-1.0,222.84613697531012,97.41219701860797,-1.0,115.29369959021139,89.96975448264357,8.445630754074242e-40,-1.0,-1.0,0.23159725519060725
