target_id,prot_ps,prot_acf,prot_cs,e_prot_ps,E_prot_ps,e_prot_acf,E_prot_acf,e_prot_cs,E_prot_cs,sph_ps,sph_acf,sph_cs,e_sph_ps,e_sph_acf,e_sph_cs,h_ps,fa_prob_ps,hacf,gacf,hcs
6207387,0.5669324450032706,-1.0,1.4033865601941942,0.8573769801189272,0.8573769801189272,-1.0,-1.0,1.5471069944210232,1.5471069944210232,430.9929145717637,-1.0,447.18706918915336,62.70379362869243,-1.0,70.30399972981246,19.297107738224465,4.162675841930591e-09,-1.0,-1.0,0.1725911378856722
