target_id,prot_ps,prot_acf,prot_cs,e_prot_ps,E_prot_ps,e_prot_acf,E_prot_acf,e_prot_cs,E_prot_cs,sph_ps,sph_acf,sph_cs,e_sph_ps,e_sph_acf,e_sph_cs,h_ps,fa_prob_ps,hacf,gacf,hcs
6219926,8.119374448009049,16.40827395627275,1.031698321360359,0.29705903181110216,0.29705903181110216,-1.0,-1.0,0.08446449275546898,0.08446449275546898,1910.1816447696021,1997.8675230845859,1187.5626616644493,718.3932484868646,650.3298643688577,693.3443023430626,29.91343752107728,1.0203734501086216e-13,0.5763632748147702,0.34729392944664805,0.9463938211956461
