target_id,prot_ps,prot_acf,prot_cs,e_prot_ps,E_prot_ps,e_prot_acf,E_prot_acf,e_prot_cs,E_prot_cs,sph_ps,sph_acf,sph_cs,e_sph_ps,e_sph_acf,e_sph_cs,h_ps,fa_prob_ps,hacf,gacf,hcs
6271821,13.782862214170931,-1.0,2.4481275124886044,0.7384547219394835,0.7384547219394835,-1.0,-1.0,1.0380124742720875,1.0380124742720875,646.5229605506775,-1.0,484.56852242471194,159.88948845189594,-1.0,114.03929000024516,19.420365820056755,3.679953134426868e-09,-1.0,-1.0,0.1616437193459981
