target_id,prot_ps,prot_acf,prot_cs,e_prot_ps,E_prot_ps,e_prot_acf,E_prot_acf,e_prot_cs,E_prot_cs,sph_ps,sph_acf,sph_cs,e_sph_ps,e_sph_acf,e_sph_cs,h_ps,fa_prob_ps,hacf,gacf,hcs
6304015,6.253173958460816,-1.0,6.157106253493918,2.160998011441191,2.160998011441191,-1.0,-1.0,0.10510007642170306,0.10510007642170306,353.1118221216583,-1.0,346.64855807238087,138.43458448329162,-1.0,91.81153649375277,18.634118492501162,8.07802445459895e-09,-1.0,-1.0,0.22939949366299028
