target_id,prot_ps,prot_acf,prot_cs,e_prot_ps,E_prot_ps,e_prot_acf,E_prot_acf,e_prot_cs,E_prot_cs,sph_ps,sph_acf,sph_cs,e_sph_ps,e_sph_acf,e_sph_cs,h_ps,fa_prob_ps,hacf,gacf,hcs
6344463,46.415973297055814,53.76029209513217,6.756637836762263,1.5090218289390531,1.5090218289390531,-1.0,-1.0,0.10765693755515138,0.10765693755515138,160.3076237845338,161.0319414825687,135.84143050649155,29.583010768678708,29.35439349918015,68.98363464537074,16.944495033761978,4.3762216284415626e-08,0.1217000160424217,0.010186108663313894,0.3270436793527046
