target_id,prot_ps,prot_acf,prot_cs,e_prot_ps,E_prot_ps,e_prot_acf,E_prot_acf,e_prot_cs,E_prot_cs,sph_ps,sph_acf,sph_cs,e_sph_ps,e_sph_acf,e_sph_cs,h_ps,fa_prob_ps,hacf,gacf,hcs
6357076,0.2897612059313589,-1.0,3.4284174522769524,0.289157777206789,0.289157777206789,-1.0,-1.0,0.07284585337457947,0.07284585337457947,358.9863064240395,-1.0,391.6335301533736,50.04322637840646,-1.0,60.564157465020436,13.193126454034202,1.8633652067260248e-06,-1.0,-1.0,0.13968240564962237
