target_id,prot_ps,prot_acf,prot_cs,e_prot_ps,E_prot_ps,e_prot_acf,E_prot_acf,e_prot_cs,E_prot_cs,sph_ps,sph_acf,sph_cs,e_sph_ps,e_sph_acf,e_sph_cs,h_ps,fa_prob_ps,hacf,gacf,hcs
6353125,13.523287878462824,25.72601445345208,0.6921975196799264,0.9352604877005526,0.9352604877005526,-1.0,-1.0,0.010380454497673075,0.010380454497673075,494.94762156310395,523.5578791485885,239.02764387522973,203.5902432186523,164.9592283366532,67.38884256715515,21.162182641630558,6.447344162820152e-10,0.38915271851991556,0.16379963017349253,1.0058878245862415
