target_id,prot_ps,prot_acf,prot_cs,e_prot_ps,E_prot_ps,e_prot_acf,E_prot_acf,e_prot_cs,E_prot_cs,sph_ps,sph_acf,sph_cs,e_sph_ps,e_sph_acf,e_sph_cs,h_ps,fa_prob_ps,hacf,gacf,hcs
6357692,0.13804691985493625,-1.0,1.795510462154634,2.2145916427044363,2.2145916427044363,-1.0,-1.0,0.39913481277946844,0.39913481277946844,316.6350742763399,-1.0,371.3185317797995,52.34103550659717,-1.0,52.171049444627336,14.80413449978272,3.7208835412616413e-07,-1.0,-1.0,0.2569109736493581
