target_id,prot_ps,prot_acf,prot_cs,e_prot_ps,E_prot_ps,e_prot_acf,E_prot_acf,e_prot_cs,E_prot_cs,sph_ps,sph_acf,sph_cs,e_sph_ps,e_sph_acf,e_sph_cs,h_ps,fa_prob_ps,hacf,gacf,hcs
6311552,1.0395132163144603,32.6531005082652,0.44504663896748764,7.389056098930647,7.389056098930647,-1.0,-1.0,0.11038800715850879,0.11038800715850879,445.4982235408763,916.9900687386978,354.65937387993864,140.87722967486923,66.80678736071494,63.637523725671336,18.283150535493487,1.1474363677328608e-08,0.20670842141675516,0.06560900069117072,0.7141871730193942
