target_id,prot_ps,prot_acf,prot_cs,e_prot_ps,E_prot_ps,e_prot_acf,E_prot_acf,e_prot_cs,E_prot_cs,sph_ps,sph_acf,sph_cs,e_sph_ps,e_sph_acf,e_sph_cs,h_ps,fa_prob_ps,hacf,gacf,hcs
6341792,7.105105039151397,13.976426370441914,14.079543668276168,0.2285582433683384,0.2285582433683384,-1.0,-1.0,0.3810393786589909,0.3810393786589909,3235.407207248277,3453.238037244459,3414.428042572231,1747.6239912525527,1481.7057970883873,1515.8782383636585,112.29723041216194,1.697979720324937e-49,0.8044436825965791,0.5406043280314857,0.9509053030285282
