target_id,prot_ps,prot_acf,prot_cs,e_prot_ps,E_prot_ps,e_prot_acf,E_prot_acf,e_prot_cs,E_prot_cs,sph_ps,sph_acf,sph_cs,e_sph_ps,e_sph_acf,e_sph_cs,h_ps,fa_prob_ps,hacf,gacf,hcs
6352940,6.312511366286319,12.64848001068458,12.581911566110737,0.15735931064111247,0.15735931064111247,-1.0,-1.0,0.05380488874491516,0.05380488874491516,5854.673067083288,5958.550626552073,5982.486933116219,1554.8089513063546,1408.0502197050082,1364.1998908563937,429.87782739040733,2.0250309805514165e-187,1.0052189408575865,0.6341915131585703,0.8016879487816615
