target_id,prot_ps,prot_acf,prot_cs,e_prot_ps,E_prot_ps,e_prot_acf,E_prot_acf,e_prot_cs,E_prot_cs,sph_ps,sph_acf,sph_cs,e_sph_ps,e_sph_acf,e_sph_cs,h_ps,fa_prob_ps,hacf,gacf,hcs
6359566,0.15871742036650968,-1.0,3.317624255418778,7.389056098930631,7.389056098930631,-1.0,-1.0,1.3820688169152497,1.3820688169152497,529.4331361115668,-1.0,674.7186545654206,101.86445516938494,-1.0,186.34909024992314,12.207521888290872,4.992759034422334e-06,-1.0,-1.0,0.15764679806308982
