target_id,prot_ps,prot_acf,prot_cs,e_prot_ps,E_prot_ps,e_prot_acf,E_prot_acf,e_prot_cs,E_prot_cs,sph_ps,sph_acf,sph_cs,e_sph_ps,e_sph_acf,e_sph_cs,h_ps,fa_prob_ps,hacf,gacf,hcs
6383801,8.880739654886138,-1.0,8.800701094213835,4.73998819118885,4.73998819118885,-1.0,-1.0,0.23412831854814065,0.23412831854814065,488.0622259680961,-1.0,492.89414290604685,152.27509085855993,-1.0,135.69863004505532,14.468192416406936,5.206475995818064e-07,-1.0,-1.0,0.29235734912417716
