target_id,prot_ps,prot_acf,prot_cs,e_prot_ps,E_prot_ps,e_prot_acf,E_prot_acf,e_prot_cs,E_prot_cs,sph_ps,sph_acf,sph_cs,e_sph_ps,e_sph_acf,e_sph_cs,h_ps,fa_prob_ps,hacf,gacf,hcs
6367779,0.11226407825387714,51.760103003587574,0.16317720706250105,0.1527147984665763,0.1527147984665763,-1.0,-1.0,0.009564309142264416,0.009564309142264416,276.29701470125246,468.7435298951755,279.47225474289905,301.6642374787723,81.87459870341557,303.1495669134107,15.175621246648783,2.566323690820339e-07,0.03746925608248669,0.011693899414878124,0.2686381209204618
