target_id,prot_ps,prot_acf,prot_cs,e_prot_ps,E_prot_ps,e_prot_acf,E_prot_acf,e_prot_cs,E_prot_cs,sph_ps,sph_acf,sph_cs,e_sph_ps,e_sph_acf,e_sph_cs,h_ps,fa_prob_ps,hacf,gacf,hcs
6357770,0.10192857851258884,39.31437015533447,2.2252260446555407,0.09061391248723037,0.09061391248723037,-1.0,-1.0,0.5816391839641543,0.5816391839641543,443.7526095703832,1092.7350985199214,723.2127354345317,80.6907478195322,208.20959788463188,250.41319724653252,14.703256530227168,4.1158242619092694e-07,0.5303827661160188,0.29250893866629524,0.6446871013309222
