target_id,prot_ps,prot_acf,prot_cs,e_prot_ps,E_prot_ps,e_prot_acf,E_prot_acf,e_prot_cs,E_prot_cs,sph_ps,sph_acf,sph_cs,e_sph_ps,e_sph_acf,e_sph_cs,h_ps,fa_prob_ps,hacf,gacf,hcs
6387814,2.874999262950702,-1.0,2.9306106962077316,7.389056098930645,7.389056098930645,-1.0,-1.0,0.17927956697464376,0.17927956697464376,1440.9629810730535,-1.0,1485.5361527837263,922.0335773114807,-1.0,955.0673497081497,17.976991882445127,1.5584455177902917e-08,-1.0,-1.0,0.4362786601369644
