target_id,prot_ps,prot_acf,prot_cs,e_prot_ps,E_prot_ps,e_prot_acf,E_prot_acf,e_prot_cs,E_prot_cs,sph_ps,sph_acf,sph_cs,e_sph_ps,e_sph_acf,e_sph_cs,h_ps,fa_prob_ps,hacf,gacf,hcs
6358426,2.4756989755197965,10.605089908931404,0.2682944711064919,0.9310498350910784,0.9310498350910784,-1.0,-1.0,0.16552856919886355,0.16552856919886355,309.33998267380906,342.85013524062754,219.06849364875202,69.63093350454614,53.80229036147008,53.49387798666304,24.73449055390239,1.811120055406145e-11,0.05799746989803839,0.03281814303608608,3.5155379586158775
