target_id,prot_ps,prot_acf,prot_cs,e_prot_ps,E_prot_ps,e_prot_acf,E_prot_acf,e_prot_cs,E_prot_cs,sph_ps,sph_acf,sph_cs,e_sph_ps,e_sph_acf,e_sph_cs,h_ps,fa_prob_ps,hacf,gacf,hcs
6441286,0.10846238806031894,-1.0,6.625117365551347,0.11904035426069101,0.11904035426069101,-1.0,-1.0,0.10966898223273869,0.10966898223273869,445.29139262481834,-1.0,593.0830968808298,85.54365476415612,-1.0,149.98414596369804,12.602997828619174,3.3619216473469043e-06,-1.0,-1.0,0.26696308502583943
