target_id,prot_ps,prot_acf,prot_cs,e_prot_ps,E_prot_ps,e_prot_acf,E_prot_acf,e_prot_cs,E_prot_cs,sph_ps,sph_acf,sph_cs,e_sph_ps,e_sph_acf,e_sph_cs,h_ps,fa_prob_ps,hacf,gacf,hcs
6419006,0.5719063166854473,-1.0,2.887231732407807,2.5606845713827915,2.5606845713827915,-1.0,-1.0,0.009802058720508672,0.009802058720508672,1206.9169614568382,-1.0,1297.793162552546,185.05600730507135,-1.0,182.98011059120154,15.025208950522112,2.9828723151302294e-07,-1.0,-1.0,0.2780421497977539
