target_id,prot_ps,prot_acf,prot_cs,e_prot_ps,E_prot_ps,e_prot_acf,E_prot_acf,e_prot_cs,E_prot_cs,sph_ps,sph_acf,sph_cs,e_sph_ps,e_sph_acf,e_sph_cs,h_ps,fa_prob_ps,hacf,gacf,hcs
6449102,7.33711479952519,7.417450575158,7.320267978687101,0.2620236022808327,0.2620236022808327,-1.0,-1.0,0.06423739997758764,0.06423739997758764,5973.671951039364,5928.9717904193385,5974.224051827974,2021.9243587667008,2103.0297490275184,2001.0804133161473,302.6100537025031,3.785502249154455e-132,1.186341107339746,0.7316354135675812,0.8970698930283504
