target_id,prot_ps,prot_acf,prot_cs,e_prot_ps,E_prot_ps,e_prot_acf,E_prot_acf,e_prot_cs,E_prot_cs,sph_ps,sph_acf,sph_cs,e_sph_ps,e_sph_acf,e_sph_cs,h_ps,fa_prob_ps,hacf,gacf,hcs
6465365,4.652803839130935,-1.0,4.632539263833315,1.2767755439840511,1.2767755439840511,-1.0,-1.0,0.1349507066823358,0.1349507066823358,246.36228102082586,-1.0,245.6440621567697,45.22583141866982,-1.0,43.26113649693372,22.298613692831694,2.069355564085441e-10,-1.0,-1.0,0.21733738582144826
