target_id,prot_ps,prot_acf,prot_cs,e_prot_ps,E_prot_ps,e_prot_acf,E_prot_acf,e_prot_cs,E_prot_cs,sph_ps,sph_acf,sph_cs,e_sph_ps,e_sph_acf,e_sph_cs,h_ps,fa_prob_ps,hacf,gacf,hcs
6431832,0.15849220380240267,26.093854155857116,13.658881406459592,0.08295785184030177,0.08295785184030177,-1.0,-1.0,0.05802598783856756,0.05802598783856756,188.28490891307462,386.36916853199745,375.9428099026369,27.658588204031727,58.581180550596585,81.88722313260737,351.9790263175887,1.3723065132350953e-153,0.09411333292703923,0.011872484978071649,0.18044453838097205
