target_id,prot_ps,prot_acf,prot_cs,e_prot_ps,E_prot_ps,e_prot_acf,E_prot_acf,e_prot_cs,E_prot_cs,sph_ps,sph_acf,sph_cs,e_sph_ps,e_sph_acf,e_sph_cs,h_ps,fa_prob_ps,hacf,gacf,hcs
6464993,4.780782587387242,46.384628363884985,0.5365904585178901,1.811742558485914,1.811742558485914,-1.0,-1.0,0.009427109421292,0.009427109421292,214.82195840638096,238.41286146485527,153.9973049743169,44.82867984961333,13.618429925020683,27.09499998715441,21.44758416496228,4.84654831997989e-10,0.08724701852836546,0.03322158012182793,0.3322810577184946
