target_id,prot_ps,prot_acf,prot_cs,e_prot_ps,E_prot_ps,e_prot_acf,E_prot_acf,e_prot_cs,E_prot_cs,sph_ps,sph_acf,sph_cs,e_sph_ps,e_sph_acf,e_sph_cs,h_ps,fa_prob_ps,hacf,gacf,hcs
6465248,15.807550672049269,16.122221772093326,15.973872811300678,0.6965457623289455,0.6965457623289455,-1.0,-1.0,0.4448122213241644,0.4448122213241644,4649.726071833296,4697.425889078668,4662.348491597418,1416.5420427383924,1410.3597002541771,1445.7044584519115,102.760051077798,2.354381609846203e-45,1.1141626655607264,0.6148426149143971,0.9597378636644942
