target_id,prot_ps,prot_acf,prot_cs,e_prot_ps,E_prot_ps,e_prot_acf,E_prot_acf,e_prot_cs,E_prot_cs,sph_ps,sph_acf,sph_cs,e_sph_ps,e_sph_acf,e_sph_cs,h_ps,fa_prob_ps,hacf,gacf,hcs
6466312,1.4640335206510215,2.962888078764081,1.4517996420876293,0.04111755908939969,0.04111755908939969,-1.0,-1.0,0.006911909976164941,0.006911909976164941,739.9813767182288,770.9336696919595,734.9713689137023,164.43060286401936,152.60458637233907,163.188237492082,1483.6793535961128,0.0,0.6556010269960533,0.6374718929143923,0.14456718296369594
