target_id,prot_ps,prot_acf,prot_cs,e_prot_ps,E_prot_ps,e_prot_acf,E_prot_acf,e_prot_cs,E_prot_cs,sph_ps,sph_acf,sph_cs,e_sph_ps,e_sph_acf,e_sph_cs,h_ps,fa_prob_ps,hacf,gacf,hcs
6441032,0.5628053132095403,-1.0,1.1089743954343143,7.389056097330301,7.389056097330301,-1.0,-1.0,0.01105058644580635,0.01105058644580635,572.2739393284793,-1.0,588.1283595930455,85.88752394393767,-1.0,87.83066675060945,15.454630751621464,1.9415078226051862e-07,-1.0,-1.0,0.24685097824124777
