target_id,prot_ps,prot_acf,prot_cs,e_prot_ps,E_prot_ps,e_prot_acf,E_prot_acf,e_prot_cs,E_prot_cs,sph_ps,sph_acf,sph_cs,e_sph_ps,e_sph_acf,e_sph_cs,h_ps,fa_prob_ps,hacf,gacf,hcs
6430612,52.1781179981532,-1.0,1.0826147088869105,5.682788395409339,5.682788395409339,-1.0,-1.0,0.01126030436074903,0.01126030436074903,401.50582005655565,-1.0,281.3598617723584,50.03182259057929,-1.0,25.451628569807866,11.85756318614878,7.084769731839171e-06,-1.0,-1.0,0.22213083164038394
