target_id,prot_ps,prot_acf,prot_cs,e_prot_ps,E_prot_ps,e_prot_acf,E_prot_acf,e_prot_cs,E_prot_cs,sph_ps,sph_acf,sph_cs,e_sph_ps,e_sph_acf,e_sph_cs,h_ps,fa_prob_ps,hacf,gacf,hcs
6468930,5.445495913253776,5.63972027041018,5.389464887173071,0.6771937956644609,0.6771937956644609,-1.0,-1.0,0.010825674878637196,0.010825674878637196,856.5268957381362,865.1016596306199,855.7154441727815,207.96074694949903,218.58300524906463,213.27280645339223,61.850103052192615,1.376707059129754e-27,0.5745566208701364,0.5255844642289231,0.7862248056890184
