target_id,prot_ps,prot_acf,prot_cs,e_prot_ps,E_prot_ps,e_prot_acf,E_prot_acf,e_prot_cs,E_prot_cs,sph_ps,sph_acf,sph_cs,e_sph_ps,e_sph_acf,e_sph_cs,h_ps,fa_prob_ps,hacf,gacf,hcs
6444754,3.772363276152772,5.660149137955159,7.466961332263167,0.16771668302513382,0.16771668302513382,-1.0,-1.0,0.07008608829306807,0.07008608829306807,1824.6776546281212,2135.3599795063424,2260.2292456236637,737.7257949417652,805.4637094525361,753.4160677472775,68.58602569544841,1.6348108251337373e-30,0.30217715290020764,0.3976097372973942,1.3743233028623183
