target_id,prot_ps,prot_acf,prot_cs,e_prot_ps,E_prot_ps,e_prot_acf,E_prot_acf,e_prot_cs,E_prot_cs,sph_ps,sph_acf,sph_cs,e_sph_ps,e_sph_acf,e_sph_cs,h_ps,fa_prob_ps,hacf,gacf,hcs
6468494,26.563362913032744,-1.0,4.906929763119097,7.389056098930649,7.389056098930649,-1.0,-1.0,0.010098244449588718,0.010098244449588718,602.8867583224836,-1.0,525.6031433798429,70.50619656494638,-1.0,103.88054099784425,16.275228174280887,8.54590798101008e-08,-1.0,-1.0,0.1606200718216275
