target_id,prot_ps,prot_acf,prot_cs,e_prot_ps,E_prot_ps,e_prot_acf,E_prot_acf,e_prot_cs,E_prot_cs,sph_ps,sph_acf,sph_cs,e_sph_ps,e_sph_acf,e_sph_cs,h_ps,fa_prob_ps,hacf,gacf,hcs
6548903,0.4245791979988065,-1.0,2.3668474117945886,0.5293632924203081,0.5293632924203081,-1.0,-1.0,0.7202220659863764,0.7202220659863764,477.79966357267415,-1.0,557.3230523256157,71.31020777337807,-1.0,127.17504816452652,13.71980231044877,1.1004379616457085e-06,-1.0,-1.0,0.2514813033953766
