target_id,prot_ps,prot_acf,prot_cs,e_prot_ps,E_prot_ps,e_prot_acf,E_prot_acf,e_prot_cs,E_prot_cs,sph_ps,sph_acf,sph_cs,e_sph_ps,e_sph_acf,e_sph_cs,h_ps,fa_prob_ps,hacf,gacf,hcs
6520259,2.679015084657067,2.6563890744000673,2.6829529651440676,0.08683754594606886,0.08683754594606886,-1.0,-1.0,0.040086933042575955,0.040086933042575955,3067.688853620019,3071.062023873623,3075.433464969986,1012.6478968688294,1021.873596391697,1007.3294352299886,977.3508976870191,0.0,1.2804886168292653,0.8661720614042395,0.6527918450846231
