target_id,prot_ps,prot_acf,prot_cs,e_prot_ps,E_prot_ps,e_prot_acf,E_prot_acf,e_prot_cs,E_prot_cs,sph_ps,sph_acf,sph_cs,e_sph_ps,e_sph_acf,e_sph_cs,h_ps,fa_prob_ps,hacf,gacf,hcs
6504214,21.967830958115222,21.884118349291384,21.973580101824737,0.871362534874371,0.871362534874371,-1.0,-1.0,0.17481383849809567,0.17481383849809567,1836.1308234318544,1845.5608770335143,1836.0261046351136,884.6536210291488,868.6833017984185,884.900987723392,154.4173437798283,8.657643252269789e-68,1.008036059479072,0.558390281234029,0.9940231694210501
