target_id,prot_ps,prot_acf,prot_cs,e_prot_ps,E_prot_ps,e_prot_acf,E_prot_acf,e_prot_cs,E_prot_cs,sph_ps,sph_acf,sph_cs,e_sph_ps,e_sph_acf,e_sph_cs,h_ps,fa_prob_ps,hacf,gacf,hcs
6584502,0.23274512338250203,-1.0,3.0545907499361786,0.30543475165625156,0.30543475165625156,-1.0,-1.0,0.4744798914425846,0.4744798914425846,513.1987965321829,-1.0,646.920195731666,297.35072900327003,-1.0,388.6404195837546,14.284268792007232,6.257788568933874e-07,-1.0,-1.0,0.31622599715356736
