target_id,prot_ps,prot_acf,prot_cs,e_prot_ps,E_prot_ps,e_prot_acf,E_prot_acf,e_prot_cs,E_prot_cs,sph_ps,sph_acf,sph_cs,e_sph_ps,e_sph_acf,e_sph_cs,h_ps,fa_prob_ps,hacf,gacf,hcs
6516874,0.15121098128583016,0.46997672133147717,0.9188896637460913,0.003581427790146541,0.003581427790146541,-1.0,-1.0,0.0060791391974648066,0.0060791391974648066,31307.68252982213,31863.054856011033,31970.830651433513,6651.773875234533,5750.011670661932,5666.285948372982,824559.5994600746,0.0,0.6982667480490414,0.31603057478074403,0.019616423928486486
