target_id,prot_ps,prot_acf,prot_cs,e_prot_ps,E_prot_ps,e_prot_acf,E_prot_acf,e_prot_cs,E_prot_cs,sph_ps,sph_acf,sph_cs,e_sph_ps,e_sph_acf,e_sph_cs,h_ps,fa_prob_ps,hacf,gacf,hcs
6585265,4.962285146648891,15.263752800878137,0.4668583815610625,0.37249769982083986,0.37249769982083986,-1.0,-1.0,0.009687352103492898,0.009687352103492898,1080.8854885798057,1208.6180988097408,382.91858039103676,578.9155619227917,510.01885394948886,319.4849206467113,24.41667714173091,2.4886960066749227e-11,0.5441703383687939,0.3403044068598498,0.9862623788792185
