target_id,prot_ps,prot_acf,prot_cs,e_prot_ps,E_prot_ps,e_prot_acf,E_prot_acf,e_prot_cs,E_prot_cs,sph_ps,sph_acf,sph_cs,e_sph_ps,e_sph_acf,e_sph_cs,h_ps,fa_prob_ps,hacf,gacf,hcs
6503533,21.312072343313147,21.311989878769964,21.28069641453002,0.928560160802967,0.928560160802967,-1.0,-1.0,0.5532148404030416,0.5532148404030416,1805.491040345547,1805.491040345547,1890.033213401962,633.3494913537016,633.3494913537016,697.943801741087,85.13170193040334,1.0660353754054143e-37,0.9725867047636856,0.5371003677859477,0.999747295133204
