target_id,prot_ps,prot_acf,prot_cs,e_prot_ps,E_prot_ps,e_prot_acf,E_prot_acf,e_prot_cs,E_prot_cs,sph_ps,sph_acf,sph_cs,e_sph_ps,e_sph_acf,e_sph_cs,h_ps,fa_prob_ps,hacf,gacf,hcs
6504437,46.06163766047409,52.96331803500652,0.24274854099377993,7.1017270076947625,7.1017270076947625,-1.0,-1.0,0.010057715561801456,0.010057715561801456,242.7509248325356,247.14341495176714,155.86548130816513,44.60804823799133,18.382202285164507,81.42839035208961,27.695778172605817,9.372951453163637e-13,0.14572705416155116,0.04891286895182875,0.2730923808531493
