target_id,prot_ps,prot_acf,prot_cs,e_prot_ps,E_prot_ps,e_prot_acf,E_prot_acf,e_prot_cs,E_prot_cs,sph_ps,sph_acf,sph_cs,e_sph_ps,e_sph_acf,e_sph_cs,h_ps,fa_prob_ps,hacf,gacf,hcs
6609760,54.08968588515205,48.6948424577713,3.857187492018999,7.389056098929018,7.389056098929018,-1.0,-1.0,0.03800068967284088,0.03800068967284088,420.4599762627894,408.8478384084165,287.554720438603,60.763867363563925,88.56859333126785,273.4668927038156,14.666073143931321,4.271745419322713e-07,0.038326555273749285,0.014702184733496644,0.34547404803281084
