target_id,prot_ps,prot_acf,prot_cs,e_prot_ps,E_prot_ps,e_prot_acf,E_prot_acf,e_prot_cs,E_prot_cs,sph_ps,sph_acf,sph_cs,e_sph_ps,e_sph_acf,e_sph_cs,h_ps,fa_prob_ps,hacf,gacf,hcs
6600109,13.782829323838891,41.60290263593197,40.98703255467116,4.879054187487449,4.879054187487449,-1.0,-1.0,2.6176734303779634,2.6176734303779634,1965.8899851510034,2074.013216356351,2079.999923148764,1042.47295191167,886.8550009616267,910.4228726193927,15.462136221078165,1.926990442966852e-07,0.8530785602573998,0.44335738306057765,0.9283101115586735
