target_id,prot_ps,prot_acf,prot_cs,e_prot_ps,E_prot_ps,e_prot_acf,E_prot_acf,e_prot_cs,E_prot_cs,sph_ps,sph_acf,sph_cs,e_sph_ps,e_sph_acf,e_sph_cs,h_ps,fa_prob_ps,hacf,gacf,hcs
6695363,18.008753087011026,36.2288860171102,37.0398981355643,0.6199095670140613,0.6199095670140613,-1.0,-1.0,0.85599752406149,0.85599752406149,2094.9036860409165,2152.80284259768,2167.9287054424703,614.085267941956,529.7442644855298,566.2609414117827,17.762578635458254,1.9311237908149395e-08,0.5702242461591339,0.33221423928871263,0.9535415234165954
