target_id,prot_ps,prot_acf,prot_cs,e_prot_ps,E_prot_ps,e_prot_acf,E_prot_acf,e_prot_cs,E_prot_cs,sph_ps,sph_acf,sph_cs,e_sph_ps,e_sph_acf,e_sph_cs,h_ps,fa_prob_ps,hacf,gacf,hcs
6611625,0.42844140202642794,-1.0,2.2123161499681814,0.40784389677670535,0.40784389677670535,-1.0,-1.0,0.009763113239444485,0.009763113239444485,483.98425734341737,-1.0,533.1988240865917,54.63639626672465,-1.0,89.50032407185843,12.80742484494289,2.7403501741570106e-06,-1.0,-1.0,0.16745438485166583
