target_id,prot_ps,prot_acf,prot_cs,e_prot_ps,E_prot_ps,e_prot_acf,E_prot_acf,e_prot_cs,E_prot_cs,sph_ps,sph_acf,sph_cs,e_sph_ps,e_sph_acf,e_sph_cs,h_ps,fa_prob_ps,hacf,gacf,hcs
6664519,0.2685902917628287,17.96047095162794,0.16509738940740146,0.6853394693272626,0.6853394693272626,-1.0,-1.0,0.013983777455091691,0.013983777455091691,337.5703660607445,708.0441179820625,330.94957648901794,28.55513127497474,0.0,34.76470838917777,10.384373508451109,3.09117709887726e-05,0.008148572996703598,0.051209692629737215,6.379903995378823
