target_id,prot_ps,prot_acf,prot_cs,e_prot_ps,E_prot_ps,e_prot_acf,E_prot_acf,e_prot_cs,E_prot_cs,sph_ps,sph_acf,sph_cs,e_sph_ps,e_sph_acf,e_sph_cs,h_ps,fa_prob_ps,hacf,gacf,hcs
6620551,0.3158990000819976,-1.0,0.9493529121857135,7.389056098930649,7.389056098930649,-1.0,-1.0,0.5718628008735596,0.5718628008735596,451.91144959026104,-1.0,460.80332776005645,56.631115505141494,-1.0,50.67097055013646,12.658102520369598,3.1816757951521097e-06,-1.0,-1.0,0.12820641631599325
