target_id,prot_ps,prot_acf,prot_cs,e_prot_ps,E_prot_ps,e_prot_acf,E_prot_acf,e_prot_cs,E_prot_cs,sph_ps,sph_acf,sph_cs,e_sph_ps,e_sph_acf,e_sph_cs,h_ps,fa_prob_ps,hacf,gacf,hcs
6605813,0.5661094215920253,58.726498475298285,1.4494528892022571,0.5215283609822046,0.5215283609822046,-1.0,-1.0,0.008674582770247137,0.008674582770247137,560.9488995159041,1139.5749521493449,669.9519809480079,121.2391559193719,109.28048118651496,200.85832083421712,19.72954215809642,2.701274446452917e-09,0.2286427671686042,0.10709380361372398,0.25443611855206183
