target_id,prot_ps,prot_acf,prot_cs,e_prot_ps,E_prot_ps,e_prot_acf,E_prot_acf,e_prot_cs,E_prot_cs,sph_ps,sph_acf,sph_cs,e_sph_ps,e_sph_acf,e_sph_cs,h_ps,fa_prob_ps,hacf,gacf,hcs
6611419,25.830389747893708,25.70564403105527,25.854263375380597,0.7494695765681401,0.7494695765681401,-1.0,-1.0,0.3150494416717331,0.3150494416717331,31392.451696410717,31241.729001582607,31411.160362775798,12075.196489559159,12245.092685288222,11989.65625167491,112.1809761185612,1.907309171744805e-49,1.5144960558024696,0.7541193364975614,0.9958269149670999
