target_id,prot_ps,prot_acf,prot_cs,e_prot_ps,E_prot_ps,e_prot_acf,E_prot_acf,e_prot_cs,E_prot_cs,sph_ps,sph_acf,sph_cs,e_sph_ps,e_sph_acf,e_sph_cs,h_ps,fa_prob_ps,hacf,gacf,hcs
6690679,0.5722734084922411,22.068457547575235,0.829406196163036,0.5567308281747259,0.5567308281747259,-1.0,-1.0,0.2684547638130158,0.2684547638130158,595.2332791831076,1313.2035870437646,659.0784232498573,166.3012529641068,277.69981827604033,224.32255020491183,24.90198946421984,1.5318046631452924e-11,0.41045929428504685,0.1420137712243715,1.1956448325328386
