target_id,prot_ps,prot_acf,prot_cs,e_prot_ps,E_prot_ps,e_prot_acf,E_prot_acf,e_prot_cs,E_prot_cs,sph_ps,sph_acf,sph_cs,e_sph_ps,e_sph_acf,e_sph_cs,h_ps,fa_prob_ps,hacf,gacf,hcs
6633929,0.18070098977867652,0.1838981006294489,0.18380806138917352,0.004120285202310326,0.004120285202310326,-1.0,-1.0,0.012313694952982006,0.012313694952982006,38667.962667962274,38656.59219883512,38667.962667962274,632.7003701807188,700.2286239453421,632.7003701807188,870202.074466115,0.0,1.262071688933983,0.7132313019430577,0.0001998211571469417
