target_id,prot_ps,prot_acf,prot_cs,e_prot_ps,E_prot_ps,e_prot_acf,E_prot_acf,e_prot_cs,E_prot_cs,sph_ps,sph_acf,sph_cs,e_sph_ps,e_sph_acf,e_sph_cs,h_ps,fa_prob_ps,hacf,gacf,hcs
6605424,0.5665349379464779,-1.0,3.095095881018788,0.5693768019660368,0.5693768019660368,-1.0,-1.0,0.09641070682807651,0.09641070682807651,365.52807940208714,-1.0,436.51895041576944,56.48865359956153,-1.0,123.63841709164548,31.220136295922572,2.7622760784781748e-14,-1.0,-1.0,0.1590528126548126
