target_id,prot_ps,prot_acf,prot_cs,e_prot_ps,E_prot_ps,e_prot_acf,E_prot_acf,e_prot_cs,E_prot_cs,sph_ps,sph_acf,sph_cs,e_sph_ps,e_sph_acf,e_sph_cs,h_ps,fa_prob_ps,hacf,gacf,hcs
6676655,52.17814139140369,59.972949656657875,5.421472914107145,7.389056098930649,7.389056098930649,-1.0,-1.0,2.110922654769111,2.110922654769111,591.840586247368,603.4130568739205,520.1073343597488,79.60192932154662,55.28432327758235,108.65529774248618,16.20647606346896,9.154125760822277e-08,0.12347363073832804,0.030047306157686207,0.46034915089585976
