target_id,prot_ps,prot_acf,prot_cs,e_prot_ps,E_prot_ps,e_prot_acf,E_prot_acf,e_prot_cs,E_prot_cs,sph_ps,sph_acf,sph_cs,e_sph_ps,e_sph_acf,e_sph_cs,h_ps,fa_prob_ps,hacf,gacf,hcs
6696542,45.90518570691846,-1.0,2.872577622905374,7.389056098929016,7.389056098929016,-1.0,-1.0,1.467092108976799,1.467092108976799,896.2249680443547,-1.0,684.2938535825979,136.07070461302854,-1.0,115.57446368350425,15.45309752584066,1.9444868756493103e-07,-1.0,-1.0,0.09812571522609645
