target_id,prot_ps,prot_acf,prot_cs,e_prot_ps,E_prot_ps,e_prot_acf,E_prot_acf,e_prot_cs,E_prot_cs,sph_ps,sph_acf,sph_cs,e_sph_ps,e_sph_acf,e_sph_cs,h_ps,fa_prob_ps,hacf,gacf,hcs
6636067,1.4856611885974118,52.04467467823997,1.4844023147783294,0.03370849564829925,0.03370849564829925,-1.0,-1.0,0.012067558306772535,0.012067558306772535,328.22268408777035,468.7711827037098,328.22268408777035,86.43496843172956,29.637973643087964,86.43496843172956,5776.183061702698,0.0,0.16920042316505043,0.12502644176237968,0.006072243463188044
