target_id,prot_ps,prot_acf,prot_cs,e_prot_ps,E_prot_ps,e_prot_acf,E_prot_acf,e_prot_cs,E_prot_cs,sph_ps,sph_acf,sph_cs,e_sph_ps,e_sph_acf,e_sph_cs,h_ps,fa_prob_ps,hacf,gacf,hcs
6678230,4.38590755626893,11.524633426219225,4.375273952521383,0.1901752873009435,0.1901752873009435,-1.0,-1.0,0.120838301943419,0.120838301943419,177.55664759660897,195.79550141888222,179.79920662255435,57.3843588183137,50.37223058461109,57.6998277583456,47.03550729128681,3.7388559226288494e-21,0.11078584523676366,0.04945455472999682,5.767603160080082
