target_id,prot_ps,prot_acf,prot_cs,e_prot_ps,E_prot_ps,e_prot_acf,E_prot_acf,e_prot_cs,E_prot_cs,sph_ps,sph_acf,sph_cs,e_sph_ps,e_sph_acf,e_sph_cs,h_ps,fa_prob_ps,hacf,gacf,hcs
6632445,0.6076835851276834,-1.0,3.136980578973889,1.111434856194141,1.111434856194141,-1.0,-1.0,0.07582093796864785,0.07582093796864785,705.9081572553081,-1.0,821.6127978212683,79.6792989979703,-1.0,177.7921407639526,14.219626453544175,6.675667487499804e-07,-1.0,-1.0,0.1948062231775056
