target_id,prot_ps,prot_acf,prot_cs,e_prot_ps,E_prot_ps,e_prot_acf,E_prot_acf,e_prot_cs,E_prot_cs,sph_ps,sph_acf,sph_cs,e_sph_ps,e_sph_acf,e_sph_cs,h_ps,fa_prob_ps,hacf,gacf,hcs
6716137,0.15909223417433593,11.769617915153503,2.908243024997294,0.3901196258689318,0.3901196258689318,-1.0,-1.0,0.026653445366784916,0.026653445366784916,730.7811844140705,1403.6662028271683,1128.4905186323285,102.60859857301452,228.18434525917309,285.2864697133144,8.841628953545422,0.00014458702919456325,0.15186177888683594,0.12570868343479144,3.444331292234385
