target_id,prot_ps,prot_acf,prot_cs,e_prot_ps,E_prot_ps,e_prot_acf,E_prot_acf,e_prot_cs,E_prot_cs,sph_ps,sph_acf,sph_cs,e_sph_ps,e_sph_acf,e_sph_cs,h_ps,fa_prob_ps,hacf,gacf,hcs
6776058,3.5081936690100375,-1.0,3.5084763947408644,0.9728694977795435,0.9728694977795435,-1.0,-1.0,0.08036577406950336,0.08036577406950336,919.0855491520166,-1.0,919.0855491520166,353.03886810195394,-1.0,353.03886810195394,23.097412965694023,9.309385243306162e-11,-1.0,-1.0,0.6524329751941101
