target_id,prot_ps,prot_acf,prot_cs,e_prot_ps,E_prot_ps,e_prot_acf,E_prot_acf,e_prot_cs,E_prot_cs,sph_ps,sph_acf,sph_cs,e_sph_ps,e_sph_acf,e_sph_cs,h_ps,fa_prob_ps,hacf,gacf,hcs
6793825,58.419052981698925,58.39959096722305,2.925483504317355,7.389056098930637,7.389056098930637,-1.0,-1.0,0.008480422760308236,0.008480422760308236,471.6911020031592,471.65496319998203,398.1145792161775,103.966181807186,103.85084039941442,85.12685563886564,18.57599039698895,8.561500269777775e-09,0.18924498211880128,0.14172968379002676,0.1624215884460932
