target_id,prot_ps,prot_acf,prot_cs,e_prot_ps,E_prot_ps,e_prot_acf,E_prot_acf,e_prot_cs,E_prot_cs,sph_ps,sph_acf,sph_cs,e_sph_ps,e_sph_acf,e_sph_cs,h_ps,fa_prob_ps,hacf,gacf,hcs
6705244,16.978586219868166,52.473907079547644,4.678155665013272,3.759457055671991,3.759457055671991,-1.0,-1.0,0.00990253893392542,0.00990253893392542,884.8696605649297,907.6036524251288,771.3695914171758,100.34584819937183,57.59210598674576,149.179362027425,15.065196189932365,2.865948789680371e-07,0.18921280247278088,0.09892439076286652,0.26733516097582166
