target_id,prot_ps,prot_acf,prot_cs,e_prot_ps,E_prot_ps,e_prot_acf,E_prot_acf,e_prot_cs,E_prot_cs,sph_ps,sph_acf,sph_cs,e_sph_ps,e_sph_acf,e_sph_cs,h_ps,fa_prob_ps,hacf,gacf,hcs
6785479,0.7193445421086097,-1.0,28.653655435327096,7.3890560969253025,7.3890560969253025,-1.0,-1.0,0.2467046613846633,0.2467046613846633,267.4627642612773,-1.0,378.8196192441022,23.443706524282344,-1.0,61.08205909339004,13.55445632112161,1.2982980791128136e-06,-1.0,-1.0,0.19539447945244923
