target_id,prot_ps,prot_acf,prot_cs,e_prot_ps,E_prot_ps,e_prot_acf,E_prot_acf,e_prot_cs,E_prot_cs,sph_ps,sph_acf,sph_cs,e_sph_ps,e_sph_acf,e_sph_cs,h_ps,fa_prob_ps,hacf,gacf,hcs
6780598,28.63580060830737,57.050897397100925,3.280223612650813,1.5053814280225701,1.5053814280225701,-1.0,-1.0,0.04604302016813556,0.04604302016813556,506.1753008026777,507.45675492589663,477.04134822785267,34.961259766360264,18.488956893177647,53.203981618263064,14.848680747124233,3.558769730561773e-07,0.05160703472950125,0.03355900384227989,0.9781712093558198
