target_id,prot_ps,prot_acf,prot_cs,e_prot_ps,E_prot_ps,e_prot_acf,E_prot_acf,e_prot_cs,E_prot_cs,sph_ps,sph_acf,sph_cs,e_sph_ps,e_sph_acf,e_sph_cs,h_ps,fa_prob_ps,hacf,gacf,hcs
6775078,0.5667533518385754,-1.0,1.208256915964186,1.3123967621019097,1.3123967621019097,-1.0,-1.0,0.008497748489037114,0.008497748489037114,323.6544562126794,-1.0,348.63779020055847,51.652912675170064,-1.0,65.38285372483124,17.084056091816556,3.806174635701003e-08,-1.0,-1.0,0.36316211256250863
