target_id,prot_ps,prot_acf,prot_cs,e_prot_ps,E_prot_ps,e_prot_acf,E_prot_acf,e_prot_cs,E_prot_cs,sph_ps,sph_acf,sph_cs,e_sph_ps,e_sph_acf,e_sph_cs,h_ps,fa_prob_ps,hacf,gacf,hcs
6778487,0.1971716850133156,0.20433046855032444,0.2030712162955372,0.004297049958575673,0.004297049958575673,-1.0,-1.0,0.010069425533724542,0.010069425533724542,62906.9031944227,62873.406070429664,62906.03605432481,2426.4813165985993,2560.1255639282213,2495.7865681442136,668766.5029508161,0.0,1.258597482765984,0.7703234509568615,0.00021106036412281426
