target_id,prot_ps,prot_acf,prot_cs,e_prot_ps,E_prot_ps,e_prot_acf,E_prot_acf,e_prot_cs,E_prot_cs,sph_ps,sph_acf,sph_cs,e_sph_ps,e_sph_acf,e_sph_cs,h_ps,fa_prob_ps,hacf,gacf,hcs
6755461,0.14268720470298157,-1.0,0.1651017087208313,7.389056098930649,7.389056098930649,-1.0,-1.0,0.01090344819246392,0.01090344819246392,144.57029687628471,-1.0,146.00527248820262,78.17085213550388,-1.0,78.46036980572468,19.392596409153636,3.783575370493421e-09,-1.0,-1.0,0.2774378555235243
