target_id,prot_ps,prot_acf,prot_cs,e_prot_ps,E_prot_ps,e_prot_acf,E_prot_acf,e_prot_cs,E_prot_cs,sph_ps,sph_acf,sph_cs,e_sph_ps,e_sph_acf,e_sph_cs,h_ps,fa_prob_ps,hacf,gacf,hcs
6766615,4.509211856748114,26.318553049117327,8.998166165146975,1.5150869474396258,1.5150869474396258,-1.0,-1.0,0.6105703659424827,0.6105703659424827,1298.8785276056738,1610.294038993259,1524.871746956352,1269.7522082441144,1277.3362042109527,1494.8810254907908,11.386958768226313,1.1342443936225158e-05,0.04830082545964573,0.08819953766896872,3.6901266549837586
