target_id,prot_ps,prot_acf,prot_cs,e_prot_ps,E_prot_ps,e_prot_acf,E_prot_acf,e_prot_cs,E_prot_cs,sph_ps,sph_acf,sph_cs,e_sph_ps,e_sph_acf,e_sph_cs,h_ps,fa_prob_ps,hacf,gacf,hcs
6779680,18.973881257558872,18.61511698225513,18.810427547743938,0.8529377585656915,0.8529377585656915,-1.0,-1.0,0.6217797914668146,0.6217797914668146,2305.6991889066367,2326.5931166298624,2325.202645996272,800.1490712098202,752.2836846487451,743.6539900328132,90.73050516032029,3.946774091082244e-40,0.9090734869766122,0.47057467464991026,0.9709978274338346
