target_id,prot_ps,prot_acf,prot_cs,e_prot_ps,E_prot_ps,e_prot_acf,E_prot_acf,e_prot_cs,E_prot_cs,sph_ps,sph_acf,sph_cs,e_sph_ps,e_sph_acf,e_sph_cs,h_ps,fa_prob_ps,hacf,gacf,hcs
6864359,0.10949478488584106,-1.0,5.339627347511292,0.10029673471844665,0.10029673471844665,-1.0,-1.0,0.49301489667138354,0.49301489667138354,444.8770276215348,-1.0,575.8868287046666,84.75054135173549,-1.0,112.76845712975778,13.775326241158606,1.041002630790247e-06,-1.0,-1.0,0.15901873718061169
