target_id,prot_ps,prot_acf,prot_cs,e_prot_ps,E_prot_ps,e_prot_acf,E_prot_acf,e_prot_cs,E_prot_cs,sph_ps,sph_acf,sph_cs,e_sph_ps,e_sph_acf,e_sph_cs,h_ps,fa_prob_ps,hacf,gacf,hcs
6802602,2.2421365749634083,4.495441596955061,4.531405129730702,0.06918076515959795,0.06918076515959795,-1.0,-1.0,0.09830037706802652,0.09830037706802652,882.4619126006025,919.92083418097,920.7646226528053,290.4895005578157,257.5991411676815,257.9367858642993,220.06364448470546,2.676538734244678e-96,0.9650850843607328,0.697551457904161,0.48775400383905937
