target_id,prot_ps,prot_acf,prot_cs,e_prot_ps,E_prot_ps,e_prot_acf,E_prot_acf,e_prot_cs,E_prot_cs,sph_ps,sph_acf,sph_cs,e_sph_ps,e_sph_acf,e_sph_cs,h_ps,fa_prob_ps,hacf,gacf,hcs
6848560,52.17804856135466,-1.0,2.710732441702858,1.9715241873515645,1.9715241873515645,-1.0,-1.0,1.0977433918876152,1.0977433918876152,575.2503078589906,-1.0,397.3153379344922,93.09098796388723,-1.0,65.86397102743967,16.05883323538679,1.0610536412079348e-07,-1.0,-1.0,0.2117602325631366
