target_id,prot_ps,prot_acf,prot_cs,e_prot_ps,E_prot_ps,e_prot_acf,E_prot_acf,e_prot_cs,E_prot_cs,sph_ps,sph_acf,sph_cs,e_sph_ps,e_sph_acf,e_sph_cs,h_ps,fa_prob_ps,hacf,gacf,hcs
6852178,0.4889807011272215,-1.0,0.39212236679581236,0.37669180940455294,0.37669180940455294,-1.0,-1.0,0.2155233405675872,0.2155233405675872,348.1515638219308,-1.0,345.0771035514814,48.17561209863058,-1.0,46.92848258542104,16.905930052657187,4.5482870579293253e-08,-1.0,-1.0,0.19453528908631773
