target_id,prot_ps,prot_acf,prot_cs,e_prot_ps,E_prot_ps,e_prot_acf,E_prot_acf,e_prot_cs,E_prot_cs,sph_ps,sph_acf,sph_cs,e_sph_ps,e_sph_acf,e_sph_cs,h_ps,fa_prob_ps,hacf,gacf,hcs
6871887,14.323409510543181,13.588412476237863,14.313617278847923,0.4678667379601284,0.4678667379601284,-1.0,-1.0,0.07242101259531218,0.07242101259531218,1978.9783872416592,1916.3288144841035,1979.3397094227905,646.2351557203632,583.1566143580741,642.6739694739173,335.3250613075975,2.345180261532002e-146,0.6272616458148637,0.41223089668300916,0.9500043829906715
