target_id,prot_ps,prot_acf,prot_cs,e_prot_ps,E_prot_ps,e_prot_acf,E_prot_acf,e_prot_cs,E_prot_cs,sph_ps,sph_acf,sph_cs,e_sph_ps,e_sph_acf,e_sph_cs,h_ps,fa_prob_ps,hacf,gacf,hcs
6868871,12.702624154585154,37.434452563524246,0.7358109447208314,5.158484803694588,5.158484803694588,-1.0,-1.0,0.009549143376790104,0.009549143376790104,1378.15269717182,1394.560485857841,617.6943772026478,275.62104501566364,162.69100990731906,130.79391674204902,13.120186972123218,2.0043575507403955e-06,0.22821512308692027,0.043197271658097405,6.190042251483025
