target_id,prot_ps,prot_acf,prot_cs,e_prot_ps,E_prot_ps,e_prot_acf,E_prot_acf,e_prot_cs,E_prot_cs,sph_ps,sph_acf,sph_cs,e_sph_ps,e_sph_acf,e_sph_cs,h_ps,fa_prob_ps,hacf,gacf,hcs
6871755,54.110651878847214,-1.0,0.7582222215138839,7.389056098930649,7.389056098930649,-1.0,-1.0,0.009732136778557509,0.009732136778557509,485.2176143978816,-1.0,397.60930173047484,25.783831256197487,-1.0,43.9651990795898,12.357080780088472,4.299203521032108e-06,-1.0,-1.0,0.12531550916301715
