target_id,prot_ps,prot_acf,prot_cs,e_prot_ps,E_prot_ps,e_prot_acf,E_prot_acf,e_prot_cs,E_prot_cs,sph_ps,sph_acf,sph_cs,e_sph_ps,e_sph_acf,e_sph_cs,h_ps,fa_prob_ps,hacf,gacf,hcs
6838270,18.39966766799035,18.308619141578674,18.38454425279671,0.6099785695811117,0.6099785695811117,-1.0,-1.0,0.37617991824633257,0.37617991824633257,4614.339329750527,4614.357428766218,4612.820366634698,1077.0985741052089,1104.3332157708787,1077.2036031180558,165.13951690220563,1.9090577454928511e-72,1.0790527203999503,0.6028109702128734,0.9668617927571057
