target_id,prot_ps,prot_acf,prot_cs,e_prot_ps,E_prot_ps,e_prot_acf,E_prot_acf,e_prot_cs,E_prot_cs,sph_ps,sph_acf,sph_cs,e_sph_ps,e_sph_acf,e_sph_cs,h_ps,fa_prob_ps,hacf,gacf,hcs
6888521,54.10998470592849,49.674422486219555,53.56745867382735,7.389056098930649,7.389056098930649,-1.0,-1.0,6.51399441896344,6.51399441896344,2230.7417534540837,2146.2650632970185,2144.0614378172663,282.6345227302308,521.6579499142692,391.3015009486407,37.68549663659538,4.299290221482839e-17,0.9985219853072349,0.5151735377041834,0.8130787003907171
