target_id,prot_ps,prot_acf,prot_cs,e_prot_ps,E_prot_ps,e_prot_acf,E_prot_acf,e_prot_cs,E_prot_cs,sph_ps,sph_acf,sph_cs,e_sph_ps,e_sph_acf,e_sph_cs,h_ps,fa_prob_ps,hacf,gacf,hcs
6843172,53.29245131652888,55.10893333470449,3.166400671677677,7.38905609892395,7.38905609892395,-1.0,-1.0,0.013041647981249406,0.013041647981249406,136.96394597704153,139.76368957511107,89.92096701620756,33.665362783974274,26.433298287077402,46.02308932429391,28.801908753386137,3.10091570175748e-13,0.2885231768529078,0.1907977403112339,0.11188245571007902
