target_id,prot_ps,prot_acf,prot_cs,e_prot_ps,E_prot_ps,e_prot_acf,E_prot_acf,e_prot_cs,E_prot_cs,sph_ps,sph_acf,sph_cs,e_sph_ps,e_sph_acf,e_sph_cs,h_ps,fa_prob_ps,hacf,gacf,hcs
6801987,1.6356695263302445,4.801933658309281,4.487083972205225,0.402462608698108,0.402462608698108,-1.0,-1.0,0.3275222973906824,0.3275222973906824,314.92842553339744,359.82045248280747,355.77795481869333,80.60240569797091,75.79557289422814,78.44467558934025,20.713700504032545,1.0096112269245238e-09,0.2420673455892365,0.29346106038586195,0.5321446921595063
