target_id,prot_ps,prot_acf,prot_cs,e_prot_ps,E_prot_ps,e_prot_acf,E_prot_acf,e_prot_cs,E_prot_cs,sph_ps,sph_acf,sph_cs,e_sph_ps,e_sph_acf,e_sph_cs,h_ps,fa_prob_ps,hacf,gacf,hcs
6879140,0.1951305865401444,-1.0,0.5902661508273548,7.389056098853945,7.389056098853945,-1.0,-1.0,0.01098913261732412,0.01098913261732412,549.5248632000346,-1.0,561.1860630915982,100.86449378641029,-1.0,98.92425409689966,12.236717561300773,4.8490993984406016e-06,-1.0,-1.0,0.15353360374057792
