target_id,prot_ps,prot_acf,prot_cs,e_prot_ps,E_prot_ps,e_prot_acf,E_prot_acf,e_prot_cs,E_prot_cs,sph_ps,sph_acf,sph_cs,e_sph_ps,e_sph_acf,e_sph_cs,h_ps,fa_prob_ps,hacf,gacf,hcs
6837702,0.4837557583882919,5.864387754816562,6.004592545600361,0.011863522661786443,0.011863522661786443,-1.0,-1.0,0.20362650391440773,0.20362650391440773,3077.2179776786757,4902.1183033455445,4927.972187934115,880.1322986672191,1289.7346901111343,1234.5051740290282,50.2452204373307,1.5093085145212062e-22,0.7287376564991843,0.6571436129023088,0.4907464751492541
