target_id,prot_ps,prot_acf,prot_cs,e_prot_ps,E_prot_ps,e_prot_acf,E_prot_acf,e_prot_cs,E_prot_cs,sph_ps,sph_acf,sph_cs,e_sph_ps,e_sph_acf,e_sph_cs,h_ps,fa_prob_ps,hacf,gacf,hcs
6854503,14.90802229970002,15.03919030725956,14.918532042869906,0.8352690077866467,0.8352690077866467,-1.0,-1.0,0.08863332239872153,0.08863332239872153,2168.2366070494277,2146.2965122801743,2164.124121308558,508.79865920188234,547.998791855708,521.6590411182132,109.84904450994108,1.9641114480653717e-48,0.8903263539370307,0.514106958162248,0.9558883863721863
