target_id,prot_ps,prot_acf,prot_cs,e_prot_ps,E_prot_ps,e_prot_acf,E_prot_acf,e_prot_cs,E_prot_cs,sph_ps,sph_acf,sph_cs,e_sph_ps,e_sph_acf,e_sph_cs,h_ps,fa_prob_ps,hacf,gacf,hcs
6865853,8.384922439089754,8.234788490459323,8.301542043296552,0.2256951203280601,0.2256951203280601,-1.0,-1.0,0.022668985289876754,0.022668985289876754,380.6874126842312,377.8747642708373,378.8500419820269,66.98907378026564,62.23105502999538,60.275722802549716,513.2943130719278,1.1998093458874987e-223,0.4634692594179447,0.3771847542827753,0.89677605833253
