target_id,prot_ps,prot_acf,prot_cs,e_prot_ps,E_prot_ps,e_prot_acf,E_prot_acf,e_prot_cs,E_prot_cs,sph_ps,sph_acf,sph_cs,e_sph_ps,e_sph_acf,e_sph_cs,h_ps,fa_prob_ps,hacf,gacf,hcs
6860282,28.63678131340012,-1.0,28.65003308130563,7.389056098930649,7.389056098930649,-1.0,-1.0,0.25930523326034277,0.25930523326034277,614.2165000416232,-1.0,614.2247812172591,159.71489549014038,-1.0,159.67125912838569,19.20253188011177,4.575582242887017e-09,-1.0,-1.0,0.23754501608069128
