target_id,prot_ps,prot_acf,prot_cs,e_prot_ps,E_prot_ps,e_prot_acf,E_prot_acf,e_prot_cs,E_prot_cs,sph_ps,sph_acf,sph_cs,e_sph_ps,e_sph_acf,e_sph_cs,h_ps,fa_prob_ps,hacf,gacf,hcs
6953275,12.799630634342758,51.28881770186126,50.8304901367284,7.389056098930524,7.389056098930524,-1.0,-1.0,0.8335399116998566,0.8335399116998566,127.91337040975516,129.86315229058323,129.63606741223794,16.41576278184594,10.35049406429003,9.565428089798136,90.64174308189831,4.313116108375974e-40,0.4952272876788859,0.3521732457392686,0.47415608200086534
