target_id,prot_ps,prot_acf,prot_cs,e_prot_ps,E_prot_ps,e_prot_acf,E_prot_acf,e_prot_cs,E_prot_cs,sph_ps,sph_acf,sph_cs,e_sph_ps,e_sph_acf,e_sph_cs,h_ps,fa_prob_ps,hacf,gacf,hcs
6937828,16.41004526354161,31.835691092535853,0.9103209487629589,0.6766156855515313,0.6766156855515313,-1.0,-1.0,0.09158747399760243,0.09158747399760243,821.8662625704324,832.9951876178864,492.40401356550433,156.29986911924465,130.59973870222382,82.83749843163879,18.914674948647487,6.101843192845952e-09,0.34055377194220493,0.09218593951170369,0.9581398150053695
