target_id,prot_ps,prot_acf,prot_cs,e_prot_ps,E_prot_ps,e_prot_acf,E_prot_acf,e_prot_cs,E_prot_cs,sph_ps,sph_acf,sph_cs,e_sph_ps,e_sph_acf,e_sph_cs,h_ps,fa_prob_ps,hacf,gacf,hcs
6954914,19.626339479851126,19.064662685617805,19.492991521824365,0.6436309426865185,0.6436309426865185,-1.0,-1.0,0.3189489504173189,0.3189489504173189,660.1114515752134,656.1339213209751,659.7174666946092,138.95051597017073,131.0390380439447,141.76607617691408,208.29637159771946,3.4517172634978926e-91,0.7947599729436453,0.4620688733141329,0.9277136770984244
