target_id,prot_ps,prot_acf,prot_cs,e_prot_ps,E_prot_ps,e_prot_acf,E_prot_acf,e_prot_cs,E_prot_cs,sph_ps,sph_acf,sph_cs,e_sph_ps,e_sph_acf,e_sph_cs,h_ps,fa_prob_ps,hacf,gacf,hcs
6955481,0.9544672121693467,19.268979706801474,0.708027727315629,0.4324666022203518,0.4324666022203518,-1.0,-1.0,0.06409403060922135,0.06409403060922135,521.7889620694457,1118.1809169148532,448.48382046667416,255.29062127796792,301.8382801014225,200.69407692299845,34.900975580641436,6.961436921410924e-16,0.28120782417868345,0.10807001028996818,1.2510197037961672
