target_id,prot_ps,prot_acf,prot_cs,e_prot_ps,E_prot_ps,e_prot_acf,E_prot_acf,e_prot_cs,E_prot_cs,sph_ps,sph_acf,sph_cs,e_sph_ps,e_sph_acf,e_sph_cs,h_ps,fa_prob_ps,hacf,gacf,hcs
6929817,0.16022260235441305,-1.0,0.7596482684519886,7.389053517109664,7.389053517109664,-1.0,-1.0,0.14429821029028703,0.14429821029028703,634.1758382996898,-1.0,673.0468952779694,89.97150175118992,-1.0,100.7927261917917,9.420241482888068,8.106644078706145e-05,-1.0,-1.0,0.34438273873455727
