target_id,prot_ps,prot_acf,prot_cs,e_prot_ps,E_prot_ps,e_prot_acf,E_prot_acf,e_prot_cs,E_prot_cs,sph_ps,sph_acf,sph_cs,e_sph_ps,e_sph_acf,e_sph_cs,h_ps,fa_prob_ps,hacf,gacf,hcs
6962977,0.7838578565081238,46.077937197405845,2.8820171751433663,1.1999614640045215,1.1999614640045215,-1.0,-1.0,0.008757730756904197,0.008757730756904197,650.3083696661379,831.4655378933971,693.8998725083316,201.599290016742,163.44749487266557,226.29158449157705,22.38175197485119,1.9042704228451538e-10,0.07314654717663473,0.0041577824128790145,0.1604585791497407
