target_id,prot_ps,prot_acf,prot_cs,e_prot_ps,E_prot_ps,e_prot_acf,E_prot_acf,e_prot_cs,E_prot_cs,sph_ps,sph_acf,sph_cs,e_sph_ps,e_sph_acf,e_sph_cs,h_ps,fa_prob_ps,hacf,gacf,hcs
6944978,4.611703175624805,4.658883534371853,4.622920222878455,0.1432274744547714,0.1432274744547714,-1.0,-1.0,0.0720026678514271,0.0720026678514271,1445.0786245585348,1465.7419915345818,1455.175348188707,544.9184730897122,567.2749927049294,560.9693557902621,900.1573002476539,0.0,1.0925635487307441,0.7489731768991434,0.909734193012046
