target_id,prot_ps,prot_acf,prot_cs,e_prot_ps,E_prot_ps,e_prot_acf,E_prot_acf,e_prot_cs,E_prot_cs,sph_ps,sph_acf,sph_cs,e_sph_ps,e_sph_acf,e_sph_cs,h_ps,fa_prob_ps,hacf,gacf,hcs
7026358,18.973768854137123,18.635668762028217,18.950540765686867,0.482036736356633,0.482036736356633,-1.0,-1.0,0.1416719223200293,0.1416719223200293,2620.9687444941032,2559.5965810935622,2526.929843926963,754.6640143461384,778.6772958421034,817.8627977338011,382.0174991701189,1.2356859820078918e-166,0.9710537557643149,0.4699833103785855,0.9607298492861615
