target_id,prot_ps,prot_acf,prot_cs,e_prot_ps,E_prot_ps,e_prot_acf,E_prot_acf,e_prot_cs,E_prot_cs,sph_ps,sph_acf,sph_cs,e_sph_ps,e_sph_acf,e_sph_cs,h_ps,fa_prob_ps,hacf,gacf,hcs
7014525,12.749201232015002,25.153481365647167,25.30182764892466,0.5028891485945773,0.5028891485945773,-1.0,-1.0,0.6971045443897138,0.6971045443897138,2125.1066179699064,2250.5130934529184,2238.1094932118363,1001.1937211265654,822.9641561569044,831.02736252165,88.19742465270267,4.969871447426779e-39,0.8853238546139693,0.4987512305891246,0.8352706719299383
