target_id,prot_ps,prot_acf,prot_cs,e_prot_ps,E_prot_ps,e_prot_acf,E_prot_acf,e_prot_cs,E_prot_cs,sph_ps,sph_acf,sph_cs,e_sph_ps,e_sph_acf,e_sph_cs,h_ps,fa_prob_ps,hacf,gacf,hcs
7024901,9.52646685030563,9.15435129404068,9.413965501859462,0.31799925315903765,0.31799925315903765,-1.0,-1.0,0.04930115493042087,0.04930115493042087,4893.3699990027435,4916.798457877431,4941.679494120678,1725.174430974255,1822.0504572874645,1711.0899035754237,223.0658814961841,1.3295925264980176e-97,1.0055165964582005,0.5863109642298301,0.9311440234187806
