target_id,prot_ps,prot_acf,prot_cs,e_prot_ps,E_prot_ps,e_prot_acf,E_prot_acf,e_prot_cs,E_prot_cs,sph_ps,sph_acf,sph_cs,e_sph_ps,e_sph_acf,e_sph_cs,h_ps,fa_prob_ps,hacf,gacf,hcs
7050913,47.68850618188674,55.25289652496576,26.35841321315957,7.389056098930649,7.389056098930649,-1.0,-1.0,0.31737811104801633,0.31737811104801633,498.2565277664653,495.2638194533212,496.12141040482976,22.847766920182753,31.891743952187642,37.86938811277817,13.770725529768281,1.0458030175808768e-06,0.10446458738671313,0.06638606376765488,0.7600256002435443
