target_id,prot_ps,prot_acf,prot_cs,e_prot_ps,E_prot_ps,e_prot_acf,E_prot_acf,e_prot_cs,E_prot_cs,sph_ps,sph_acf,sph_cs,e_sph_ps,e_sph_acf,e_sph_cs,h_ps,fa_prob_ps,hacf,gacf,hcs
7018659,2.969144165098967,-1.0,2.9130240487307315,1.95424450455236,1.95424450455236,-1.0,-1.0,0.49160715449434883,0.49160715449434883,217.33349623632463,-1.0,209.22672793340607,50.16361769369861,-1.0,44.115294992061884,14.812135722474302,3.69123071108401e-07,-1.0,-1.0,0.2958559774668692
