target_id,prot_ps,prot_acf,prot_cs,e_prot_ps,E_prot_ps,e_prot_acf,E_prot_acf,e_prot_cs,E_prot_cs,sph_ps,sph_acf,sph_cs,e_sph_ps,e_sph_acf,e_sph_cs,h_ps,fa_prob_ps,hacf,gacf,hcs
7049645,0.1605029277843985,39.069256998598576,0.5461931169312448,7.389056098930649,7.389056098930649,-1.0,-1.0,2.0645348666015506,2.0645348666015506,152.77119743222423,246.48844880087265,159.41575222227507,23.90476217770564,67.8244714352782,30.787538367003954,13.738663651329064,1.07987674177315e-06,0.13332432191398297,0.02460838547046965,0.31979959667061486
