target_id,prot_ps,prot_acf,prot_cs,e_prot_ps,E_prot_ps,e_prot_acf,E_prot_acf,e_prot_cs,E_prot_cs,sph_ps,sph_acf,sph_cs,e_sph_ps,e_sph_acf,e_sph_cs,h_ps,fa_prob_ps,hacf,gacf,hcs
7093430,16.792963113356237,16.755636436864734,16.808230303996233,0.4416765436621192,0.4416765436621192,-1.0,-1.0,0.17435982063451605,0.17435982063451605,5436.690211759696,5392.7412413200345,5437.173471421599,2634.2341071330166,2573.7321426298795,2630.2128269434793,247.95433517877836,2.064431456093147e-108,1.2183010492531594,0.6765164531015577,0.9904528864297373
