target_id,prot_ps,prot_acf,prot_cs,e_prot_ps,E_prot_ps,e_prot_acf,E_prot_acf,e_prot_cs,E_prot_cs,sph_ps,sph_acf,sph_cs,e_sph_ps,e_sph_acf,e_sph_cs,h_ps,fa_prob_ps,hacf,gacf,hcs
7038372,17.602267696058163,17.51168903382495,17.617933472258002,0.4232795957192418,0.4232795957192418,-1.0,-1.0,0.11681125628819712,0.11681125628819712,3203.0103782947012,3203.847961856777,3202.9191334574307,746.1544631219427,739.9189478808715,742.5450119419512,270.5105264640531,3.3019543130065303e-118,0.9824309347765208,0.5530846373600036,0.9589995183201632
