target_id,prot_ps,prot_acf,prot_cs,e_prot_ps,E_prot_ps,e_prot_acf,E_prot_acf,e_prot_cs,E_prot_cs,sph_ps,sph_acf,sph_cs,e_sph_ps,e_sph_acf,e_sph_cs,h_ps,fa_prob_ps,hacf,gacf,hcs
7019144,46.39516581307926,-1.0,2.974102694898356,7.389056098930393,7.389056098930393,-1.0,-1.0,0.13778167696678825,0.13778167696678825,668.0208767902344,-1.0,385.255742177936,166.2162236867475,-1.0,340.760816737315,17.37062230973195,2.8578181075573717e-08,-1.0,-1.0,0.2031094283057767
