target_id,prot_ps,prot_acf,prot_cs,e_prot_ps,E_prot_ps,e_prot_acf,E_prot_acf,e_prot_cs,E_prot_cs,sph_ps,sph_acf,sph_cs,e_sph_ps,e_sph_acf,e_sph_cs,h_ps,fa_prob_ps,hacf,gacf,hcs
7045031,1.290464690588174,49.265548962168396,1.2883614167656363,0.031142873252653625,0.031142873252653625,-1.0,-1.0,0.006551791818946736,0.006551791818946736,642.7300900266923,711.2367384362964,642.7300900266923,85.82761748630809,37.85013892040091,85.82761748630809,401.7492844707006,3.330447912673826e-175,0.046215219013167774,0.008948484787041572,0.016878652685566327
