target_id,prot_ps,prot_acf,prot_cs,e_prot_ps,E_prot_ps,e_prot_acf,E_prot_acf,e_prot_cs,E_prot_cs,sph_ps,sph_acf,sph_cs,e_sph_ps,e_sph_acf,e_sph_cs,h_ps,fa_prob_ps,hacf,gacf,hcs
7091660,47.12802972009281,53.43430618522689,2.206852421569446,7.389056098930612,7.389056098930612,-1.0,-1.0,0.00860117637529635,0.00860117637529635,474.0096928723745,464.24252232688747,301.1506894009168,54.995204139219986,59.68113260186774,53.084298367963406,18.207495506114054,1.2376138829320931e-08,0.2832394191334944,0.05449339902549647,0.5111010594103423
