target_id,prot_ps,prot_acf,prot_cs,e_prot_ps,E_prot_ps,e_prot_acf,E_prot_acf,e_prot_cs,E_prot_cs,sph_ps,sph_acf,sph_cs,e_sph_ps,e_sph_acf,e_sph_cs,h_ps,fa_prob_ps,hacf,gacf,hcs
7174635,54.11078072153689,54.537599217146635,54.10969266999871,7.389056098930649,7.389056098930649,-1.0,-1.0,1.2942985418273276,1.2942985418273276,536.692434653297,538.0983517390973,536.692434653297,92.25831417482473,92.35384497468544,92.25831417482473,41.434542581998,1.0120612491353126e-18,0.2819258312198022,0.183774603398832,0.40957988315665533
