target_id,prot_ps,prot_acf,prot_cs,e_prot_ps,E_prot_ps,e_prot_acf,E_prot_acf,e_prot_cs,E_prot_cs,sph_ps,sph_acf,sph_cs,e_sph_ps,e_sph_acf,e_sph_cs,h_ps,fa_prob_ps,hacf,gacf,hcs
7191646,0.2556626530005012,59.298434402793646,0.7091393204978522,0.26460538190900096,0.26460538190900096,-1.0,-1.0,0.22241707368603977,0.22241707368603977,621.861339806246,989.4238496139039,642.5520015846926,94.31045959701069,203.17922858206563,93.81825459964743,17.30369118237311,3.0556415225071996e-08,0.14252778130295912,0.03460722252165997,0.18808688299135506
