target_id,prot_ps,prot_acf,prot_cs,e_prot_ps,E_prot_ps,e_prot_acf,E_prot_acf,e_prot_cs,E_prot_cs,sph_ps,sph_acf,sph_cs,e_sph_ps,e_sph_acf,e_sph_cs,h_ps,fa_prob_ps,hacf,gacf,hcs
7122183,0.6158171973742436,57.60275044897571,6.004543048720859,7.38905609881502,7.38905609881502,-1.0,-1.0,0.14820696573213532,0.14820696573213532,628.360288786211,801.0043716105752,748.4986113630728,90.1992828744238,52.08036735320199,142.67762413488288,18.070006090458364,1.420025250495282e-08,0.09313632523396383,0.023615353010917894,0.4990784252415421
