target_id,prot_ps,prot_acf,prot_cs,e_prot_ps,E_prot_ps,e_prot_acf,E_prot_acf,e_prot_cs,E_prot_cs,sph_ps,sph_acf,sph_cs,e_sph_ps,e_sph_acf,e_sph_cs,h_ps,fa_prob_ps,hacf,gacf,hcs
7106387,1.161172441384281,1.2873253994621336,0.5314728260608577,7.389056098905649,7.389056098905649,-1.0,-1.0,0.010522515886394688,0.010522515886394688,157.18038361461856,159.78479210691307,140.97351080274976,40.179917852752354,39.726506077720074,45.34603197694295,20.0678381272006,1.9259660957068066e-09,0.27592877530257365,0.3978673009444034,0.9533278537228054
