target_id,prot_ps,prot_acf,prot_cs,e_prot_ps,E_prot_ps,e_prot_acf,E_prot_acf,e_prot_cs,E_prot_cs,sph_ps,sph_acf,sph_cs,e_sph_ps,e_sph_acf,e_sph_cs,h_ps,fa_prob_ps,hacf,gacf,hcs
7109448,0.24351981779068402,-1.0,2.5489052784070494,0.410481693698558,0.410481693698558,-1.0,-1.0,1.1381391523730806,1.1381391523730806,316.97513992870915,-1.0,408.78001256570207,52.99989707637497,-1.0,112.54878223025325,14.2355461096672,6.570234610969344e-07,-1.0,-1.0,0.24299077324743845
