target_id,prot_ps,prot_acf,prot_cs,e_prot_ps,E_prot_ps,e_prot_acf,E_prot_acf,e_prot_cs,E_prot_cs,sph_ps,sph_acf,sph_cs,e_sph_ps,e_sph_acf,e_sph_cs,h_ps,fa_prob_ps,hacf,gacf,hcs
7108658,9.190459997586187,9.154338777065277,9.188353896054513,0.23040795444174703,0.23040795444174703,-1.0,-1.0,0.032872002469577895,0.032872002469577895,6389.999107164702,6417.569964584925,6389.999107164702,2446.53571536799,2378.6956604770994,2446.53571536799,611.3750845725135,3.0421063807994208e-266,1.0549975683692097,0.6635182534728049,0.8995105194910704
