target_id,prot_ps,prot_acf,prot_cs,e_prot_ps,E_prot_ps,e_prot_acf,E_prot_acf,e_prot_cs,E_prot_cs,sph_ps,sph_acf,sph_cs,e_sph_ps,e_sph_acf,e_sph_cs,h_ps,fa_prob_ps,hacf,gacf,hcs
7268095,22.54341290784258,21.496108073741198,22.610302055176895,1.8499836106138738,1.8499836106138738,-1.0,-1.0,0.43377083029665586,0.43377083029665586,1494.9907838361737,1609.0661261257574,1482.7962407675745,2012.8817000163942,1948.9257810015001,2020.2092460156045,27.018306930075266,1.8454334568349854e-12,0.7336714890588372,0.3518099909602394,0.9330767508852428
