target_id,prot_ps,prot_acf,prot_cs,e_prot_ps,E_prot_ps,e_prot_acf,E_prot_acf,e_prot_cs,E_prot_cs,sph_ps,sph_acf,sph_cs,e_sph_ps,e_sph_acf,e_sph_cs,h_ps,fa_prob_ps,hacf,gacf,hcs
7272044,28.6466976551999,-1.0,28.644515627255444,7.389056098930649,7.389056098930649,-1.0,-1.0,0.26535342491875513,0.26535342491875513,1309.1664627399762,-1.0,1309.1664627399762,286.79324097469384,-1.0,286.79324097469384,14.439877403623814,5.356004389273681e-07,-1.0,-1.0,0.2597647625430029
