target_id,prot_ps,prot_acf,prot_cs,e_prot_ps,E_prot_ps,e_prot_acf,E_prot_acf,e_prot_cs,E_prot_cs,sph_ps,sph_acf,sph_cs,e_sph_ps,e_sph_acf,e_sph_cs,h_ps,fa_prob_ps,hacf,gacf,hcs
7220937,2.1995386976601803,-1.0,0.1222402583532663,7.389056098930649,7.389056098930649,-1.0,-1.0,0.009232240615159731,0.009232240615159731,388.8987216282197,-1.0,325.71731966220204,65.54074271162783,-1.0,51.859208075052855,17.451571496250537,2.6355957504787446e-08,-1.0,-1.0,0.1723926215733029
