target_id,prot_ps,prot_acf,prot_cs,e_prot_ps,E_prot_ps,e_prot_acf,E_prot_acf,e_prot_cs,E_prot_cs,sph_ps,sph_acf,sph_cs,e_sph_ps,e_sph_acf,e_sph_cs,h_ps,fa_prob_ps,hacf,gacf,hcs
7213390,58.439502653575346,55.64096431620419,0.4045872543007144,7.389056098930649,7.389056098930649,-1.0,-1.0,0.013091372591992672,0.013091372591992672,242.4534567227551,243.56633146501957,204.06622176024214,36.5362059012081,35.41360316653804,24.047786333028615,12.62227830787032,3.2977230652325236e-06,0.11098611073579633,0.08074629553555707,0.1361552987365448
