target_id,prot_ps,prot_acf,prot_cs,e_prot_ps,E_prot_ps,e_prot_acf,E_prot_acf,e_prot_cs,E_prot_cs,sph_ps,sph_acf,sph_cs,e_sph_ps,e_sph_acf,e_sph_cs,h_ps,fa_prob_ps,hacf,gacf,hcs
7207081,2.7828050032508345,-1.0,2.751203862279654,7.389056098930649,7.389056098930649,-1.0,-1.0,1.2713323706665516,1.2713323706665516,205.54071452090062,-1.0,205.3898369059499,34.53527937288127,-1.0,42.468580791638004,12.837345720416844,2.6595710158405065e-06,-1.0,-1.0,0.15386500806936915
