target_id,prot_ps,prot_acf,prot_cs,e_prot_ps,E_prot_ps,e_prot_acf,E_prot_acf,e_prot_cs,E_prot_cs,sph_ps,sph_acf,sph_cs,e_sph_ps,e_sph_acf,e_sph_cs,h_ps,fa_prob_ps,hacf,gacf,hcs
7282182,5.465719761660329,5.455795460846275,5.419544139702992,0.13786788218535656,0.13786788218535656,-1.0,-1.0,0.01581252721953695,0.01581252721953695,7133.543024735471,7128.650072624126,7199.013643378204,2480.7301766397118,2484.5153684861875,2397.966613654857,1191.3215614036003,0.0,1.386849438147066,0.8078138417041594,0.9275550588737672
