target_id,prot_ps,prot_acf,prot_cs,e_prot_ps,E_prot_ps,e_prot_acf,E_prot_acf,e_prot_cs,E_prot_cs,sph_ps,sph_acf,sph_cs,e_sph_ps,e_sph_acf,e_sph_cs,h_ps,fa_prob_ps,hacf,gacf,hcs
7272157,2.906028040721039,-1.0,3.1355515066534285,1.9489240531017518,1.9489240531017518,-1.0,-1.0,0.2043037781199548,0.2043037781199548,438.738333511529,-1.0,443.98638710957226,111.2872809341146,-1.0,104.9630978623614,14.783657926518423,3.7978599021491285e-07,-1.0,-1.0,0.3247162472224162
