target_id,prot_ps,prot_acf,prot_cs,e_prot_ps,E_prot_ps,e_prot_acf,E_prot_acf,e_prot_cs,E_prot_cs,sph_ps,sph_acf,sph_cs,e_sph_ps,e_sph_acf,e_sph_cs,h_ps,fa_prob_ps,hacf,gacf,hcs
7206786,0.22858227003959378,-1.0,5.158483495423571,0.2644863381676631,0.2644863381676631,-1.0,-1.0,0.40193763999071835,0.40193763999071835,610.8535558581468,-1.0,695.6477992125459,107.46954773029223,-1.0,107.72517133915811,12.714596480618576,3.0069133194806536e-06,-1.0,-1.0,0.14296013805464355
