target_id,prot_ps,prot_acf,prot_cs,e_prot_ps,E_prot_ps,e_prot_acf,E_prot_acf,e_prot_cs,E_prot_cs,sph_ps,sph_acf,sph_cs,e_sph_ps,e_sph_acf,e_sph_cs,h_ps,fa_prob_ps,hacf,gacf,hcs
7283710,16.602107680809716,32.48960031196475,0.5461930920372136,4.780791867737866,4.780791867737866,-1.0,-1.0,0.9748258162149381,0.9748258162149381,1523.2482547437285,1557.844620654632,726.4120345074335,438.3750108064844,393.881304146345,172.4240246237311,13.977941368905254,8.500749040734465e-07,0.3132089333988152,0.10768909811637756,0.7845067552304041
