target_id,prot_ps,prot_acf,prot_cs,e_prot_ps,E_prot_ps,e_prot_acf,E_prot_acf,e_prot_cs,E_prot_cs,sph_ps,sph_acf,sph_cs,e_sph_ps,e_sph_acf,e_sph_cs,h_ps,fa_prob_ps,hacf,gacf,hcs
7287728,0.18285196396897552,-1.0,1.1935321281943478,0.3613117823508779,0.3613117823508779,-1.0,-1.0,0.10309721631292099,0.10309721631292099,497.4624068527701,-1.0,577.3371813710942,86.9922327931234,-1.0,110.51689616165135,12.566497389460306,3.486900276052073e-06,-1.0,-1.0,0.3404399259656526
