target_id,prot_ps,prot_acf,prot_cs,e_prot_ps,E_prot_ps,e_prot_acf,E_prot_acf,e_prot_cs,E_prot_cs,sph_ps,sph_acf,sph_cs,e_sph_ps,e_sph_acf,e_sph_cs,h_ps,fa_prob_ps,hacf,gacf,hcs
7202230,20.57726728075959,20.924094200134277,20.782488757940005,2.3164225701161287,2.3164225701161287,-1.0,-1.0,1.757900661024995,1.757900661024995,2343.767506888436,2361.6647464023504,2347.56096872226,1246.4854429003105,1237.1409702741305,1251.8336312840297,30.71938780008933,4.557633419377455e-14,0.6766702409133378,0.27899699860905064,0.9917884694828293
