target_id,prot_ps,prot_acf,prot_cs,e_prot_ps,E_prot_ps,e_prot_acf,E_prot_acf,e_prot_cs,E_prot_cs,sph_ps,sph_acf,sph_cs,e_sph_ps,e_sph_acf,e_sph_cs,h_ps,fa_prob_ps,hacf,gacf,hcs
7337808,19.47986283032944,54.39449871703982,3.163268933685891,0.8496932021590743,0.8496932021590743,-1.0,-1.0,0.00937154462114818,0.00937154462114818,692.2658011033095,708.6080740013891,534.5125449339123,141.86154994574554,55.846862241158995,111.49094706733666,23.55585644341839,5.886017244267907e-11,0.14418328480280188,0.04995986312993966,0.6220237366517828
