target_id,prot_ps,prot_acf,prot_cs,e_prot_ps,E_prot_ps,e_prot_acf,E_prot_acf,e_prot_cs,E_prot_cs,sph_ps,sph_acf,sph_cs,e_sph_ps,e_sph_acf,e_sph_cs,h_ps,fa_prob_ps,hacf,gacf,hcs
7379728,11.967125202067765,23.84617266850546,11.947986965156801,0.2909723411742918,0.2909723411742918,-1.0,-1.0,0.07998970002540527,0.07998970002540527,335.13707428577584,343.8401103794294,335.34746244422206,105.56689007944256,94.13628612542318,105.38248000351813,81.32263482050209,4.808708415067657e-36,0.6928242974780356,0.4070505644608818,0.9342579424604228
