target_id,prot_ps,prot_acf,prot_cs,e_prot_ps,E_prot_ps,e_prot_acf,E_prot_acf,e_prot_cs,E_prot_cs,sph_ps,sph_acf,sph_cs,e_sph_ps,e_sph_acf,e_sph_cs,h_ps,fa_prob_ps,hacf,gacf,hcs
7367141,9.726392205754065,19.371153507381678,19.682783933890683,0.28143859289084217,0.28143859289084217,-1.0,-1.0,0.31129093093604177,0.31129093093604177,2978.3412226058404,3061.8147823676277,3049.634431561125,939.613524256552,784.7437211540981,785.4245900755024,125.21234994906455,4.1779895653477016e-55,1.038788204467414,0.6322561173945231,0.9266771977433744
