target_id,prot_ps,prot_acf,prot_cs,e_prot_ps,E_prot_ps,e_prot_acf,E_prot_acf,e_prot_cs,E_prot_cs,sph_ps,sph_acf,sph_cs,e_sph_ps,e_sph_acf,e_sph_cs,h_ps,fa_prob_ps,hacf,gacf,hcs
7367854,5.740168027393236,11.58590773679316,11.854406551010909,0.19471741452778077,0.19471741452778077,-1.0,-1.0,0.3646003185372962,0.3646003185372962,3220.2599857432615,3391.5226543350896,3349.377582096876,1437.4604392484255,1349.9833278643023,1342.822278804939,83.50296754159368,5.434029279459097e-37,0.9795609934124719,0.5786908670122994,0.714215226012627
