target_id,prot_ps,prot_acf,prot_cs,e_prot_ps,E_prot_ps,e_prot_acf,E_prot_acf,e_prot_cs,E_prot_cs,sph_ps,sph_acf,sph_cs,e_sph_ps,e_sph_acf,e_sph_cs,h_ps,fa_prob_ps,hacf,gacf,hcs
7349171,0.5551985849615027,49.919534084852785,2.7448591950954864,0.3517858254698126,0.3517858254698126,-1.0,-1.0,0.23484607318281708,0.23484607318281708,274.0391960402935,358.1074056035263,315.0408157193217,69.10472434097198,19.083656374661555,42.55710743031462,20.042923244118892,1.9745540844340007e-09,0.008648392931199424,0.014430493864913992,0.2192709511752778
