target_id,prot_ps,prot_acf,prot_cs,e_prot_ps,E_prot_ps,e_prot_acf,E_prot_acf,e_prot_cs,E_prot_cs,sph_ps,sph_acf,sph_cs,e_sph_ps,e_sph_acf,e_sph_cs,h_ps,fa_prob_ps,hacf,gacf,hcs
7377586,18.036878921527325,17.286906016990542,18.044130975165313,0.6315921886012993,0.6315921886012993,-1.0,-1.0,0.12297705182965797,0.12297705182965797,377.00551810015645,376.24687851420686,376.9384711363129,41.64345628563009,34.46648242606444,41.646270065052235,94.60091443437909,8.228958614383195e-42,0.03143719297109793,0.06969608336843613,1.0144622445088427
