target_id,prot_ps,prot_acf,prot_cs,e_prot_ps,E_prot_ps,e_prot_acf,E_prot_acf,e_prot_cs,E_prot_cs,sph_ps,sph_acf,sph_cs,e_sph_ps,e_sph_acf,e_sph_cs,h_ps,fa_prob_ps,hacf,gacf,hcs
7304560,45.99856404115614,54.94633372500539,11.026644148747971,1.3273479587682295,1.3273479587682295,-1.0,-1.0,0.06990908982146819,0.06990908982146819,208.04217492299037,209.27617201471122,193.87204677852947,38.5176083394201,33.92205711685812,65.60859907423195,43.889485078685404,8.690380994620947e-20,0.19445602407222862,0.04944329442753134,0.1148453980984291
