target_id,prot_ps,prot_acf,prot_cs,e_prot_ps,E_prot_ps,e_prot_acf,E_prot_acf,e_prot_cs,E_prot_cs,sph_ps,sph_acf,sph_cs,e_sph_ps,e_sph_acf,e_sph_cs,h_ps,fa_prob_ps,hacf,gacf,hcs
7376530,45.63763898765278,-1.0,1.4362887459900233,7.389056098930358,7.389056098930358,-1.0,-1.0,3.5915750679670437,3.5915750679670437,126.1037677610298,-1.0,90.83776519064095,37.50384813244011,-1.0,14.718769176334025,15.135106307669798,2.6724331332067524e-07,-1.0,-1.0,0.16098225130668256
