target_id,prot_ps,prot_acf,prot_cs,e_prot_ps,E_prot_ps,e_prot_acf,E_prot_acf,e_prot_cs,E_prot_cs,sph_ps,sph_acf,sph_cs,e_sph_ps,e_sph_acf,e_sph_cs,h_ps,fa_prob_ps,hacf,gacf,hcs
7335086,54.09304275387435,-1.0,5.106073199668141,7.389056098930637,7.389056098930637,-1.0,-1.0,0.007500746456837973,0.007500746456837973,869.24654318673,-1.0,676.785758378946,158.18732720205776,-1.0,239.18769947846064,19.97673641240675,2.109665543089303e-09,-1.0,-1.0,0.24080996149003736
