target_id,prot_ps,prot_acf,prot_cs,e_prot_ps,E_prot_ps,e_prot_acf,E_prot_acf,e_prot_cs,E_prot_cs,sph_ps,sph_acf,sph_cs,e_sph_ps,e_sph_acf,e_sph_cs,h_ps,fa_prob_ps,hacf,gacf,hcs
7353250,39.50094555246154,40.152180588338524,1.5374300597794357,4.58520346867638,4.58520346867638,-1.0,-1.0,0.4771349413280144,0.4771349413280144,1773.6369044185453,1755.0750200064904,833.3611326377131,415.8397608411104,444.3282112782004,250.06709552008024,15.111921487703587,2.7351168618830405e-07,0.5207115461171861,0.19568770780274125,1.6381166002779957
