target_id,prot_ps,prot_acf,prot_cs,e_prot_ps,E_prot_ps,e_prot_acf,E_prot_acf,e_prot_cs,E_prot_cs,sph_ps,sph_acf,sph_cs,e_sph_ps,e_sph_acf,e_sph_cs,h_ps,fa_prob_ps,hacf,gacf,hcs
7337410,54.09135568234043,54.803188872523606,1.466140842859904,7.389056098929946,7.389056098929946,-1.0,-1.0,0.011371482475702192,0.011371482475702192,394.488707652721,393.04404492656664,244.0144892926507,28.732678149768944,29.733904599293993,62.351324583574396,17.033568217062573,4.003274002235253e-08,0.22189240594617207,0.12435076271478951,0.40078569758739574
