target_id,prot_ps,prot_acf,prot_cs,e_prot_ps,E_prot_ps,e_prot_acf,E_prot_acf,e_prot_cs,E_prot_cs,sph_ps,sph_acf,sph_cs,e_sph_ps,e_sph_acf,e_sph_cs,h_ps,fa_prob_ps,hacf,gacf,hcs
7358254,21.378772616887954,20.903639554046094,21.36677430873455,2.1408397636513437,2.1408397636513437,-1.0,-1.0,0.3065964538269405,0.3065964538269405,3220.4545047714078,3212.073785086087,3220.5238947684265,1512.4636762848368,1478.6586953178607,1511.0061699400192,44.3931669113183,5.251611325007745e-20,0.8589678500146787,0.47060585524605497,0.9772043873302467
