target_id,prot_ps,prot_acf,prot_cs,e_prot_ps,E_prot_ps,e_prot_acf,E_prot_acf,e_prot_cs,E_prot_cs,sph_ps,sph_acf,sph_cs,e_sph_ps,e_sph_acf,e_sph_cs,h_ps,fa_prob_ps,hacf,gacf,hcs
7301275,7.317659352564822,58.82869788771495,7.3106617443084225,0.17988834380977517,0.17988834380977517,-1.0,-1.0,0.02421656733780729,0.02421656733780729,225.56880277545298,245.34423381078972,225.66328155173906,58.748412662322,36.791523579538,59.7890926046343,129.79421544177183,4.2764997470453705e-57,0.1219787651762754,0.05562233453813467,0.03799603159501594
