target_id,prot_ps,prot_acf,prot_cs,e_prot_ps,E_prot_ps,e_prot_acf,E_prot_acf,e_prot_cs,E_prot_cs,sph_ps,sph_acf,sph_cs,e_sph_ps,e_sph_acf,e_sph_cs,h_ps,fa_prob_ps,hacf,gacf,hcs
7422626,9.773129832265578,18.390299985185266,3.1633694505045438,0.2796236929797898,0.2796236929797898,-1.0,-1.0,0.007976739824503058,0.007976739824503058,1132.8538337234904,1157.4902404153925,946.2916650664597,324.59691162729183,268.25874261804256,275.03281674719,38.55752902413025,1.797537291601276e-17,0.20629287566936008,0.05331608720986326,1.8139848665216274
