target_id,prot_ps,prot_acf,prot_cs,e_prot_ps,E_prot_ps,e_prot_acf,E_prot_acf,e_prot_cs,E_prot_cs,sph_ps,sph_acf,sph_cs,e_sph_ps,e_sph_acf,e_sph_cs,h_ps,fa_prob_ps,hacf,gacf,hcs
7432608,1.6523565915196166,-1.0,1.6589146321457766,0.7122138033569951,0.7122138033569951,-1.0,-1.0,0.1635775557341952,0.1635775557341952,514.0141515687915,-1.0,505.2887514555816,262.4653444754175,-1.0,206.43175579028386,20.86273612155273,8.698188698305247e-10,-1.0,-1.0,0.32416789813656705
