target_id,prot_ps,prot_acf,prot_cs,e_prot_ps,E_prot_ps,e_prot_acf,E_prot_acf,e_prot_cs,E_prot_cs,sph_ps,sph_acf,sph_cs,e_sph_ps,e_sph_acf,e_sph_cs,h_ps,fa_prob_ps,hacf,gacf,hcs
7434397,0.10237351509263214,-1.0,2.992387182381935,0.10302469580800673,0.10302469580800673,-1.0,-1.0,0.31741912576742554,0.31741912576742554,284.0065631969995,-1.0,646.8058324598763,41.26468953483815,-1.0,185.1506495154434,11.02711722162274,1.6254882681353357e-05,-1.0,-1.0,0.7166104608633039
