target_id,prot_ps,prot_acf,prot_cs,e_prot_ps,E_prot_ps,e_prot_acf,E_prot_acf,e_prot_cs,E_prot_cs,sph_ps,sph_acf,sph_cs,e_sph_ps,e_sph_acf,e_sph_cs,h_ps,fa_prob_ps,hacf,gacf,hcs
7455026,10.665217501803308,10.686859775800258,10.67248151138405,0.27387956664895136,0.27387956664895136,-1.0,-1.0,0.0447533786980186,0.0447533786980186,6249.2638230146995,6254.276211412268,6257.716194454702,1969.3783872283584,1932.4094440150484,1944.693660311576,602.8836357434393,1.4823944039678425e-262,1.0658122438983608,0.6423373003279494,0.9777652355403325
