target_id,prot_ps,prot_acf,prot_cs,e_prot_ps,E_prot_ps,e_prot_acf,E_prot_acf,e_prot_cs,E_prot_cs,sph_ps,sph_acf,sph_cs,e_sph_ps,e_sph_acf,e_sph_cs,h_ps,fa_prob_ps,hacf,gacf,hcs
7459783,7.9432703427027285,16.326541324611753,0.7636080717154984,0.48095827286156234,0.48095827286156234,-1.0,-1.0,0.5179506146185965,0.5179506146185965,419.6538903041064,435.51213642925006,269.46961251855026,125.48979425439819,121.13183374755322,79.5706272297225,24.753605106946342,1.7768300679571045e-11,0.11938590791568877,0.12000594470178064,1.2126856736534306
