target_id,prot_ps,prot_acf,prot_cs,e_prot_ps,E_prot_ps,e_prot_acf,E_prot_acf,e_prot_cs,E_prot_cs,sph_ps,sph_acf,sph_cs,e_sph_ps,e_sph_acf,e_sph_cs,h_ps,fa_prob_ps,hacf,gacf,hcs
7428567,28.6463986880004,58.58331694593653,28.650506630114418,7.389056098929431,7.389056098929431,-1.0,-1.0,0.24893151505219738,0.24893151505219738,793.344013544003,798.6448485791989,793.3390547151812,130.85835750665336,80.03008614147544,130.53814700344392,20.959913386081663,7.89269417689993e-10,0.13340273260074073,0.012456266405610037,0.9634524156654156
