target_id,prot_ps,prot_acf,prot_cs,e_prot_ps,E_prot_ps,e_prot_acf,E_prot_acf,e_prot_cs,E_prot_cs,sph_ps,sph_acf,sph_cs,e_sph_ps,e_sph_acf,e_sph_cs,h_ps,fa_prob_ps,hacf,gacf,hcs
7450601,0.7307680717099921,-1.0,31.476983071267608,0.553676830551553,0.553676830551553,-1.0,-1.0,2.357521028689441,2.357521028689441,626.8715132397305,-1.0,2132.766043709157,141.73221026852565,-1.0,444.5020257699646,17.23737346037006,3.265155159274646e-08,-1.0,-1.0,0.3185405928727259
