target_id,prot_ps,prot_acf,prot_cs,e_prot_ps,E_prot_ps,e_prot_acf,E_prot_acf,e_prot_cs,E_prot_cs,sph_ps,sph_acf,sph_cs,e_sph_ps,e_sph_acf,e_sph_cs,h_ps,fa_prob_ps,hacf,gacf,hcs
7435878,53.90816043436835,56.94928693771362,28.737116912986288,7.389056098930513,7.389056098930513,-1.0,-1.0,0.4116414159052378,0.4116414159052378,559.730969805268,558.4826207008234,550.6032474089699,33.779695923353586,44.10452230196235,61.51286443575894,27.72055362492127,9.143585397660228e-13,0.13171810537890882,0.07131288093179274,0.5277305095681627
