target_id,prot_ps,prot_acf,prot_cs,e_prot_ps,E_prot_ps,e_prot_acf,E_prot_acf,e_prot_cs,E_prot_cs,sph_ps,sph_acf,sph_cs,e_sph_ps,e_sph_acf,e_sph_cs,h_ps,fa_prob_ps,hacf,gacf,hcs
7499730,54.11057458203134,55.436656375881284,0.7142041016694258,6.209452180600269,6.209452180600269,-1.0,-1.0,0.010150294948338398,0.010150294948338398,744.1620209948738,740.6321110811392,406.17027170682076,142.72703890015663,145.7223797468006,69.88517431164694,19.437644479856132,3.6169146547100925e-09,0.262750019965378,0.15923211769316373,0.31051566508012757
