target_id,prot_ps,prot_acf,prot_cs,e_prot_ps,E_prot_ps,e_prot_acf,E_prot_acf,e_prot_cs,E_prot_cs,sph_ps,sph_acf,sph_cs,e_sph_ps,e_sph_acf,e_sph_cs,h_ps,fa_prob_ps,hacf,gacf,hcs
7455166,7.0272837262910866,14.201471463311464,0.748489064318128,0.28468940162098116,0.28468940162098116,-1.0,-1.0,0.16261945058610114,0.16261945058610114,1711.2977336248125,1780.709272624418,873.9455374196906,617.3913871069661,554.7934015774175,551.801090199867,44.01208145967733,7.687690399215692e-20,0.45812909681092917,0.2751507853115919,0.4412670135439931
