target_id,prot_ps,prot_acf,prot_cs,e_prot_ps,E_prot_ps,e_prot_acf,E_prot_acf,e_prot_cs,E_prot_cs,sph_ps,sph_acf,sph_cs,e_sph_ps,e_sph_acf,e_sph_cs,h_ps,fa_prob_ps,hacf,gacf,hcs
7423752,1.6360718660284215,54.16971448203549,0.4512721483227415,1.0935252770852615,1.0935252770852615,-1.0,-1.0,0.00933184765716066,0.00933184765716066,643.6955429252149,928.9395457354664,555.1249573858126,203.4794394329603,191.88409161959092,125.28441275114358,13.972345240192112,8.548453682687066e-07,0.20897125382696247,0.13060577718267882,0.27974293267360073
