target_id,prot_ps,prot_acf,prot_cs,e_prot_ps,E_prot_ps,e_prot_acf,E_prot_acf,e_prot_cs,E_prot_cs,sph_ps,sph_acf,sph_cs,e_sph_ps,e_sph_acf,e_sph_cs,h_ps,fa_prob_ps,hacf,gacf,hcs
7598209,15.059824214324374,14.814413723070174,15.071304950976312,0.5165559794799858,0.5165559794799858,-1.0,-1.0,0.12615266056010718,0.12615266056010718,2680.4395379148054,2737.619541258863,2682.790422140355,807.5691163056084,827.8453078785913,810.4419059397667,138.52966608334583,6.875914062709984e-61,1.00356799835536,0.5218682789739915,0.9826065870996453
