target_id,prot_ps,prot_acf,prot_cs,e_prot_ps,E_prot_ps,e_prot_acf,E_prot_acf,e_prot_cs,E_prot_cs,sph_ps,sph_acf,sph_cs,e_sph_ps,e_sph_acf,e_sph_cs,h_ps,fa_prob_ps,hacf,gacf,hcs
7511455,52.178075448606855,56.68303004000336,52.286734954131255,7.389056098930491,7.389056098930491,-1.0,-1.0,0.9591461470185123,0.9591461470185123,452.383879628708,462.3841342889315,450.71962175348835,67.98247801115907,63.77449793689885,72.13294925484112,41.70481838351602,7.723737533706059e-19,0.20925168976443567,0.11223121624284813,0.1789952601303373
