target_id,prot_ps,prot_acf,prot_cs,e_prot_ps,E_prot_ps,e_prot_acf,E_prot_acf,e_prot_cs,E_prot_cs,sph_ps,sph_acf,sph_cs,e_sph_ps,e_sph_acf,e_sph_cs,h_ps,fa_prob_ps,hacf,gacf,hcs
7511147,34.78532191876827,35.51369483303279,2.542044484951168,1.1603991857295177,1.1603991857295177,-1.0,-1.0,0.08511172066613155,0.08511172066613155,1328.5672750571828,1378.020159017074,886.2574912178137,245.5925946749033,319.7565624080249,269.62148734025334,28.929365361141098,2.729834126375442e-13,0.4363115576605164,0.1444458307428098,1.304207059455688
