target_id,prot_ps,prot_acf,prot_cs,e_prot_ps,E_prot_ps,e_prot_acf,E_prot_acf,e_prot_cs,E_prot_cs,sph_ps,sph_acf,sph_cs,e_sph_ps,e_sph_acf,e_sph_cs,h_ps,fa_prob_ps,hacf,gacf,hcs
7502259,18.036911676144157,18.226857651025057,18.13250459579552,0.48898446829379927,0.48898446829379927,-1.0,-1.0,0.2402251240630347,0.2402251240630347,7978.959156687586,8084.882540106473,8015.889969842079,3168.518114995824,3214.3911526875254,3165.7824638715256,246.98489168690182,5.442825701618408e-108,1.1430385445700848,0.6198755263528322,0.9763446020579987
