target_id,prot_ps,prot_acf,prot_cs,e_prot_ps,E_prot_ps,e_prot_acf,E_prot_acf,e_prot_cs,E_prot_cs,sph_ps,sph_acf,sph_cs,e_sph_ps,e_sph_acf,e_sph_cs,h_ps,fa_prob_ps,hacf,gacf,hcs
7596734,0.45437837396706604,-1.0,2.600396418012678,0.14421111774093512,0.14421111774093512,-1.0,-1.0,0.24246445398866404,0.24246445398866404,312.2010260377839,-1.0,375.8444035621953,61.953656636680094,-1.0,115.6767257081635,381.18733420134095,2.834289350305963e-166,-1.0,-1.0,0.017616133243085676
