target_id,prot_ps,prot_acf,prot_cs,e_prot_ps,E_prot_ps,e_prot_acf,E_prot_acf,e_prot_cs,E_prot_cs,sph_ps,sph_acf,sph_cs,e_sph_ps,e_sph_acf,e_sph_cs,h_ps,fa_prob_ps,hacf,gacf,hcs
7546791,0.12098429927457338,0.12260224297642708,0.12260224297642708,0.0026240359677869693,0.0026240359677869693,-1.0,-1.0,0.01226022429764271,0.01226022429764271,14124.34079629509,14127.813876828364,14127.813876828364,462.56553830633044,449.0284636299087,449.0284636299087,26156535.74237838,0.0,0.6967222204337591,0.36897086872733753,8.484468664913642e-06
