target_id,prot_ps,prot_acf,prot_cs,e_prot_ps,E_prot_ps,e_prot_acf,E_prot_acf,e_prot_cs,E_prot_cs,sph_ps,sph_acf,sph_cs,e_sph_ps,e_sph_acf,e_sph_cs,h_ps,fa_prob_ps,hacf,gacf,hcs
7585206,52.55122539639542,55.232350738719106,1.7599564813636246,7.389056098930629,7.389056098930629,-1.0,-1.0,0.09771670893734197,0.09771670893734197,212.59929511445912,207.44571533770642,121.49067114394158,56.227680577225094,69.13783957545355,39.35522987584769,17.68984378720044,2.0768180873957695e-08,0.2665542367205844,0.19295213420476923,1.627786091553922
