target_id,prot_ps,prot_acf,prot_cs,e_prot_ps,E_prot_ps,e_prot_acf,E_prot_acf,e_prot_cs,E_prot_cs,sph_ps,sph_acf,sph_cs,e_sph_ps,e_sph_acf,e_sph_cs,h_ps,fa_prob_ps,hacf,gacf,hcs
7597744,3.199161550797087,-1.0,3.135549291525968,1.262123922962744,1.262123922962744,-1.0,-1.0,0.17792592353310804,0.17792592353310804,615.6966302663927,-1.0,611.8277995797292,182.56923140802272,-1.0,182.7886919418422,13.960113527053311,8.653658018870673e-07,-1.0,-1.0,0.49799438664463425
