target_id,prot_ps,prot_acf,prot_cs,e_prot_ps,E_prot_ps,e_prot_acf,E_prot_acf,e_prot_cs,E_prot_cs,sph_ps,sph_acf,sph_cs,e_sph_ps,e_sph_acf,e_sph_cs,h_ps,fa_prob_ps,hacf,gacf,hcs
7511093,36.467717187588285,-1.0,3.178265258269384,7.38905609892842,7.38905609892842,-1.0,-1.0,0.0725484158100342,0.0725484158100342,1550.3016337087959,-1.0,973.4276016795964,500.9113353256305,-1.0,265.74039381758587,12.431527911024915,3.990763823091634e-06,-1.0,-1.0,0.5139130507223617
