target_id,prot_ps,prot_acf,prot_cs,e_prot_ps,E_prot_ps,e_prot_acf,E_prot_acf,e_prot_cs,E_prot_cs,sph_ps,sph_acf,sph_cs,e_sph_ps,e_sph_acf,e_sph_cs,h_ps,fa_prob_ps,hacf,gacf,hcs
7550902,14.323391347974463,-1.0,3.3460589613889753,7.38905609893026,7.38905609893026,-1.0,-1.0,0.1503549509996104,0.1503549509996104,398.00545719860463,-1.0,370.0268937140493,31.103143268632362,-1.0,37.615679337272724,12.402492504282224,4.108335890448741e-06,-1.0,-1.0,0.10427424148383636
