target_id,prot_ps,prot_acf,prot_cs,e_prot_ps,E_prot_ps,e_prot_acf,E_prot_acf,e_prot_cs,E_prot_cs,sph_ps,sph_acf,sph_cs,e_sph_ps,e_sph_acf,e_sph_cs,h_ps,fa_prob_ps,hacf,gacf,hcs
7548531,10.004717629444265,19.718513931147754,0.7636071146186441,0.29581947845011586,0.29581947845011586,-1.0,-1.0,0.25317402296578145,0.25317402296578145,1478.9679169909843,1554.665671403968,696.8951235743529,438.6064466252018,379.39369104530795,219.3580853185313,44.383510434969885,5.302569025500841e-20,0.2583342684234057,0.05021567317251957,1.4505655027299966
