target_id,prot_ps,prot_acf,prot_cs,e_prot_ps,E_prot_ps,e_prot_acf,E_prot_acf,e_prot_cs,E_prot_cs,sph_ps,sph_acf,sph_cs,e_sph_ps,e_sph_acf,e_sph_cs,h_ps,fa_prob_ps,hacf,gacf,hcs
7513242,47.128521254357516,48.100827178917825,3.1355445754481526,1.5690782144862214,1.5690782144862214,-1.0,-1.0,0.26106792173918586,0.26106792173918586,2296.288235490893,2274.7871706408546,1364.776591207773,480.92960272077886,496.927564388731,447.5206840280893,27.865901491091662,7.906654271944692e-13,0.44471330373890217,0.1603464662110979,0.42847683905048717
