target_id,prot_ps,prot_acf,prot_cs,e_prot_ps,E_prot_ps,e_prot_acf,E_prot_acf,e_prot_cs,E_prot_cs,sph_ps,sph_acf,sph_cs,e_sph_ps,e_sph_acf,e_sph_cs,h_ps,fa_prob_ps,hacf,gacf,hcs
7678770,19.742826301615132,19.06466876808554,19.54159199321643,1.30742881237721,1.30742881237721,-1.0,-1.0,0.4540586649942225,0.4540586649942225,2173.7106894782296,2184.7400879522966,2175.420306067,749.77259170372,774.9762189997926,774.3167210528153,63.26345387337824,3.349894090144716e-28,0.780479601644275,0.41509775931363413,1.9317534707190183
