target_id,prot_ps,prot_acf,prot_cs,e_prot_ps,E_prot_ps,e_prot_acf,E_prot_acf,e_prot_cs,E_prot_cs,sph_ps,sph_acf,sph_cs,e_sph_ps,e_sph_acf,e_sph_cs,h_ps,fa_prob_ps,hacf,gacf,hcs
7627739,12.815683510822158,50.246417209506035,4.286958657436023,7.3890560989306335,7.3890560989306335,-1.0,-1.0,0.08807581894764324,0.08807581894764324,415.72792588845897,427.4471124171169,381.7595145006407,53.77196059461672,27.316753102713843,62.16305544169998,27.475922631362913,1.1677729630551009e-12,0.08937931497223901,0.010224305935064489,0.1533095868750406
