target_id,prot_ps,prot_acf,prot_cs,e_prot_ps,E_prot_ps,e_prot_acf,E_prot_acf,e_prot_cs,E_prot_cs,sph_ps,sph_acf,sph_cs,e_sph_ps,e_sph_acf,e_sph_cs,h_ps,fa_prob_ps,hacf,gacf,hcs
7668732,52.158271465975986,59.543757539242506,2.87500076254775,5.11769522365101,5.11769522365101,-1.0,-1.0,0.09775476174232113,0.09775476174232113,950.7395434302098,959.0351941460251,717.6195097164225,109.23392338220371,114.8930858223961,134.45705921592858,14.91264967964304,3.3382475087762617e-07,0.16566842103146232,0.061279895339889395,0.5249471533720066
