target_id,prot_ps,prot_acf,prot_cs,e_prot_ps,E_prot_ps,e_prot_acf,E_prot_acf,e_prot_cs,E_prot_cs,sph_ps,sph_acf,sph_cs,e_sph_ps,e_sph_acf,e_sph_cs,h_ps,fa_prob_ps,hacf,gacf,hcs
7663165,0.3959310217286336,-1.0,0.2245161840922232,7.389056098927054,7.389056098927054,-1.0,-1.0,0.01057007036753822,0.01057007036753822,604.494982849705,-1.0,595.8087026911237,95.83715134784042,-1.0,100.64647860368697,12.21593878266976,4.950911867613725e-06,-1.0,-1.0,0.25981056083348164
