target_id,prot_ps,prot_acf,prot_cs,e_prot_ps,E_prot_ps,e_prot_acf,E_prot_acf,e_prot_cs,E_prot_cs,sph_ps,sph_acf,sph_cs,e_sph_ps,e_sph_acf,e_sph_cs,h_ps,fa_prob_ps,hacf,gacf,hcs
7679216,0.550485167435365,-1.0,4.87057688537985,2.88824720239614,2.88824720239614,-1.0,-1.0,0.08351162540499735,0.08351162540499735,412.6862056020479,-1.0,560.9907856229262,58.48193527071927,-1.0,201.3309631697213,12.398260721247148,4.125758314531627e-06,-1.0,-1.0,0.24843703185300325
