target_id,prot_ps,prot_acf,prot_cs,e_prot_ps,E_prot_ps,e_prot_acf,E_prot_acf,e_prot_cs,E_prot_cs,sph_ps,sph_acf,sph_cs,e_sph_ps,e_sph_acf,e_sph_cs,h_ps,fa_prob_ps,hacf,gacf,hcs
7668708,1.7127614706794785,-1.0,6.735585470937347,7.389056098930649,7.389056098930649,-1.0,-1.0,0.16181595468387555,0.16181595468387555,434.0467035821023,-1.0,515.8985065555748,61.68142879784658,-1.0,113.08995222783129,11.446416583970738,1.068770455782899e-05,-1.0,-1.0,0.22371483090731697
