target_id,prot_ps,prot_acf,prot_cs,e_prot_ps,E_prot_ps,e_prot_acf,E_prot_acf,e_prot_cs,E_prot_cs,sph_ps,sph_acf,sph_cs,e_sph_ps,e_sph_acf,e_sph_cs,h_ps,fa_prob_ps,hacf,gacf,hcs
7662577,0.21893956218307162,-1.0,0.8091768689453603,0.08983225443706665,0.08983225443706665,-1.0,-1.0,0.027491293962864816,0.027491293962864816,574.9231716952564,-1.0,806.1529076358846,250.58208407635675,-1.0,463.21792846466644,58.87986531454918,2.684104367185868e-26,-1.0,-1.0,0.12412135745168616
