target_id,prot_ps,prot_acf,prot_cs,e_prot_ps,E_prot_ps,e_prot_acf,E_prot_acf,e_prot_cs,E_prot_cs,sph_ps,sph_acf,sph_cs,e_sph_ps,e_sph_acf,e_sph_cs,h_ps,fa_prob_ps,hacf,gacf,hcs
7676637,0.20591113169965422,-1.0,0.7080455727875233,7.38905608899538,7.38905608899538,-1.0,-1.0,0.08798055137423745,0.08798055137423745,90.08803776205524,-1.0,101.92608734090342,91.85992744193464,-1.0,102.77122410140106,15.546560487786206,1.7709837146166582e-07,-1.0,-1.0,0.20836985545567804
