target_id,prot_ps,prot_acf,prot_cs,e_prot_ps,E_prot_ps,e_prot_acf,E_prot_acf,e_prot_cs,E_prot_cs,sph_ps,sph_acf,sph_cs,e_sph_ps,e_sph_acf,e_sph_cs,h_ps,fa_prob_ps,hacf,gacf,hcs
7626506,0.3140523000593757,-1.0,2.083624264681712,0.150694461235022,0.150694461235022,-1.0,-1.0,0.685857796007574,0.685857796007574,202.43281512707173,-1.0,255.12940517634752,49.3037043550608,-1.0,64.16270591869632,185.00971644339748,4.480237637568517e-81,-1.0,-1.0,0.02675485310807614
