target_id,prot_ps,prot_acf,prot_cs,e_prot_ps,E_prot_ps,e_prot_acf,E_prot_acf,e_prot_cs,E_prot_cs,sph_ps,sph_acf,sph_cs,e_sph_ps,e_sph_acf,e_sph_cs,h_ps,fa_prob_ps,hacf,gacf,hcs
7688068,0.2610286490313488,37.98731686035171,2.023149532187267,0.24606669572857864,0.24606669572857864,-1.0,-1.0,0.015364994570987568,0.015364994570987568,358.67228592534246,573.3987565034207,412.7568985456954,352.24083520077954,363.9803472252364,396.6812963581261,23.471861203397584,6.401771951948952e-11,0.04977583030789801,0.02891115636323346,0.16869890442895777
