target_id,prot_ps,prot_acf,prot_cs,e_prot_ps,E_prot_ps,e_prot_acf,E_prot_acf,e_prot_cs,E_prot_cs,sph_ps,sph_acf,sph_cs,e_sph_ps,e_sph_acf,e_sph_cs,h_ps,fa_prob_ps,hacf,gacf,hcs
7691514,4.744992380759837,9.522134228609502,9.637993672979063,0.1243775805748852,0.1243775805748852,-1.0,-1.0,0.24690582005535514,0.24690582005535514,2877.8810681207565,3047.0126455826435,3007.4330684080383,1181.0805851876835,1222.1602465214019,1241.7884142324156,174.18335894956002,2.2549056190241653e-76,0.8972165672916406,0.5386356224046035,0.5072129562662835
