target_id,prot_ps,prot_acf,prot_cs,e_prot_ps,E_prot_ps,e_prot_acf,E_prot_acf,e_prot_cs,E_prot_cs,sph_ps,sph_acf,sph_cs,e_sph_ps,e_sph_acf,e_sph_cs,h_ps,fa_prob_ps,hacf,gacf,hcs
7659497,0.17336572914134804,-1.0,2.9756133537422453,7.389056098930145,7.389056098930145,-1.0,-1.0,0.0785434694485661,0.0785434694485661,500.1078118824762,-1.0,555.1044265978252,68.14411071350384,-1.0,66.65602848525188,15.2479020961276,2.3873728963643434e-07,-1.0,-1.0,0.19572839553551924
