target_id,prot_ps,prot_acf,prot_cs,e_prot_ps,E_prot_ps,e_prot_acf,E_prot_acf,e_prot_cs,E_prot_cs,sph_ps,sph_acf,sph_cs,e_sph_ps,e_sph_acf,e_sph_cs,h_ps,fa_prob_ps,hacf,gacf,hcs
7667466,12.815658212799494,12.811909573618323,12.940028669354504,0.8065413929268218,0.8065413929268218,-1.0,-1.0,0.6611862686182345,0.6611862686182345,1326.9579871543935,1326.9579871543935,1320.7494664863655,581.0988112538342,581.0988112538342,579.0993421729553,39.01948627977589,1.1325370591182574e-17,0.8248545892897812,0.4393551288016949,0.9776485304396556
