target_id,prot_ps,prot_acf,prot_cs,e_prot_ps,E_prot_ps,e_prot_acf,E_prot_acf,e_prot_cs,E_prot_cs,sph_ps,sph_acf,sph_cs,e_sph_ps,e_sph_acf,e_sph_cs,h_ps,fa_prob_ps,hacf,gacf,hcs
7700437,0.10068636824400402,-1.0,1.6716043247982935,0.07590996810658357,0.07590996810658357,-1.0,-1.0,0.7757784994682755,0.7757784994682755,214.00000232584156,-1.0,232.08033942711268,33.764539508664285,-1.0,14.019268042151312,11.443513493349231,1.0718777013951183e-05,-1.0,-1.0,0.3244052832887421
