target_id,prot_ps,prot_acf,prot_cs,e_prot_ps,E_prot_ps,e_prot_acf,E_prot_acf,e_prot_cs,E_prot_cs,sph_ps,sph_acf,sph_cs,e_sph_ps,e_sph_acf,e_sph_cs,h_ps,fa_prob_ps,hacf,gacf,hcs
7762843,6.617624532871446,6.579666601493955,6.553191162782567,0.18312448799130246,0.18312448799130246,-1.0,-1.0,0.01747355818818053,0.01747355818818053,6362.148282177545,6379.809121378237,6368.982996531232,2059.9540668288155,2075.2319331763847,2052.498592695835,659.6160582798534,3.407106541141295e-287,1.1586343597772064,0.7633327802318464,0.7826247270151965
