target_id,prot_ps,prot_acf,prot_cs,e_prot_ps,E_prot_ps,e_prot_acf,E_prot_acf,e_prot_cs,E_prot_cs,sph_ps,sph_acf,sph_cs,e_sph_ps,e_sph_acf,e_sph_cs,h_ps,fa_prob_ps,hacf,gacf,hcs
7740202,9.074426810470438,-1.0,0.9080731392465531,0.3438937374270845,0.3438937374270845,-1.0,-1.0,0.17227889212253814,0.17227889212253814,379.61928515838883,-1.0,312.96630780907293,84.96951268145189,-1.0,38.617531526504315,15.997110778970258,1.1286078386453417e-07,-1.0,-1.0,0.20112928368536118
