target_id,prot_ps,prot_acf,prot_cs,e_prot_ps,E_prot_ps,e_prot_acf,E_prot_acf,e_prot_cs,E_prot_cs,sph_ps,sph_acf,sph_cs,e_sph_ps,e_sph_acf,e_sph_cs,h_ps,fa_prob_ps,hacf,gacf,hcs
7799847,0.1284405426320067,-1.0,8.482001126725224,0.13623827740419295,0.13623827740419295,-1.0,-1.0,0.7155006661508068,0.7155006661508068,599.8493589517376,-1.0,1226.5927100471206,97.64177236024766,-1.0,523.2661947432766,10.144558914169282,3.9289277472369025e-05,-1.0,-1.0,0.36525863533311365
