target_id,prot_ps,prot_acf,prot_cs,e_prot_ps,E_prot_ps,e_prot_acf,E_prot_acf,e_prot_cs,E_prot_cs,sph_ps,sph_acf,sph_cs,e_sph_ps,e_sph_acf,e_sph_cs,h_ps,fa_prob_ps,hacf,gacf,hcs
7742284,11.975309103699805,23.805236294865608,11.977492062124268,0.3569633194969974,0.3569633194969974,-1.0,-1.0,0.18244010762302365,0.18244010762302365,1530.4735160877162,1572.5666476882325,1530.4735160877162,410.9753037132188,386.9579319896539,410.9753037132188,68.61534831440835,1.5875698890483155e-30,0.46643513873312625,0.1873226042351315,0.350274380897692
