target_id,prot_ps,prot_acf,prot_cs,e_prot_ps,E_prot_ps,e_prot_acf,E_prot_acf,e_prot_cs,E_prot_cs,sph_ps,sph_acf,sph_cs,e_sph_ps,e_sph_acf,e_sph_cs,h_ps,fa_prob_ps,hacf,gacf,hcs
7743899,52.67454311880091,56.253835573326796,3.165277774265004,7.389056098930426,7.389056098930426,-1.0,-1.0,0.010983007947079794,0.010983007947079794,973.0458380145086,958.1354161432375,691.9936003820499,319.7528977735867,303.91849119382414,163.63594723065336,18.6538520996029,7.92017845162642e-09,0.23168696283536094,0.14788609705114258,0.13435443810441816
