target_id,prot_ps,prot_acf,prot_cs,e_prot_ps,E_prot_ps,e_prot_acf,E_prot_acf,e_prot_cs,E_prot_cs,sph_ps,sph_acf,sph_cs,e_sph_ps,e_sph_acf,e_sph_cs,h_ps,fa_prob_ps,hacf,gacf,hcs
7748839,0.13702758534932402,-1.0,0.4944401141473859,0.972951281513789,0.972951281513789,-1.0,-1.0,0.013031539180890055,0.013031539180890055,343.6293825289641,-1.0,361.53868260881217,63.34646968064071,-1.0,59.015662454958424,12.237253295923008,4.846502263755804e-06,-1.0,-1.0,0.24474422868082593
