target_id,prot_ps,prot_acf,prot_cs,e_prot_ps,E_prot_ps,e_prot_acf,E_prot_acf,e_prot_cs,E_prot_cs,sph_ps,sph_acf,sph_cs,e_sph_ps,e_sph_acf,e_sph_cs,h_ps,fa_prob_ps,hacf,gacf,hcs
7733320,3.1950415880854734,53.80191785516217,3.162903400383115,1.2281053849038452,1.2281053849038452,-1.0,-1.0,0.008567910959585123,0.008567910959585123,288.0381520516945,406.3015005407288,285.15238474046765,87.34999473829585,74.29149364802485,90.00889347234661,22.87865322956992,1.1585829926764358e-10,0.2546767772340502,0.13427371141195704,0.5883238301033433
