target_id,prot_ps,prot_acf,prot_cs,e_prot_ps,E_prot_ps,e_prot_acf,E_prot_acf,e_prot_cs,E_prot_cs,sph_ps,sph_acf,sph_cs,e_sph_ps,e_sph_acf,e_sph_cs,h_ps,fa_prob_ps,hacf,gacf,hcs
7732991,54.110638412603954,52.821033105719835,3.16368224911334,7.389056098930639,7.389056098930639,-1.0,-1.0,0.009724822060213073,0.009724822060213073,771.848453661055,738.3500940821568,550.2021054193971,77.59985585289269,126.75283950959437,142.42499300462202,27.121083232592976,1.6651877558242344e-12,0.1978891936128611,0.08322596712772587,0.28008791847601894
