target_id,prot_ps,prot_acf,prot_cs,e_prot_ps,E_prot_ps,e_prot_acf,E_prot_acf,e_prot_cs,E_prot_cs,sph_ps,sph_acf,sph_cs,e_sph_ps,e_sph_acf,e_sph_cs,h_ps,fa_prob_ps,hacf,gacf,hcs
7758086,27.55821057795425,28.21892258245498,27.776611710297104,1.4253257628463878,1.4253257628463878,-1.0,-1.0,1.165123137490939,1.165123137490939,1860.5959841788065,1905.6565454217064,1855.9736759249267,576.5711671869828,582.6976520532518,577.381425385024,29.669548176772633,1.3022037637923013e-13,0.6491704552966915,0.2850852430615485,0.9826079700694171
