target_id,prot_ps,prot_acf,prot_cs,e_prot_ps,E_prot_ps,e_prot_acf,E_prot_acf,e_prot_cs,E_prot_cs,sph_ps,sph_acf,sph_cs,e_sph_ps,e_sph_acf,e_sph_cs,h_ps,fa_prob_ps,hacf,gacf,hcs
7769045,2.453505113530899,55.60027810698375,2.445313349465504,1.6275790876896745,1.6275790876896745,-1.0,-1.0,0.03652834690737474,0.03652834690737474,170.2540970840465,213.29272348695332,167.00981750021552,49.59195888173395,46.52120260612434,49.11282282684101,17.333041637085465,2.9672604118386542e-08,0.16004567800639224,0.09296459483460286,0.1923414237231869
