target_id,prot_ps,prot_acf,prot_cs,e_prot_ps,E_prot_ps,e_prot_acf,E_prot_acf,e_prot_cs,E_prot_cs,sph_ps,sph_acf,sph_cs,e_sph_ps,e_sph_acf,e_sph_cs,h_ps,fa_prob_ps,hacf,gacf,hcs
7817242,4.597845474865773,0.5312777664512396,4.659887321311747,0.14482545910591976,0.14482545910591976,-1.0,-1.0,0.028936932240694532,0.028936932240694532,1484.2096799998899,1002.9595848775488,1466.996121782166,380.3120795073968,341.16778436633734,376.20937957886576,325.2182335761979,5.747986553948046e-142,0.7150029900502484,0.5228419964206946,0.7201418074038948
