target_id,prot_ps,prot_acf,prot_cs,e_prot_ps,E_prot_ps,e_prot_acf,E_prot_acf,e_prot_cs,E_prot_cs,sph_ps,sph_acf,sph_cs,e_sph_ps,e_sph_acf,e_sph_cs,h_ps,fa_prob_ps,hacf,gacf,hcs
7882153,12.92466415053149,40.3361333431676,4.9561951075913395,3.22197016530479,3.22197016530479,-1.0,-1.0,0.3149212696926173,0.3149212696926173,1446.6831250897117,1555.26674404287,1215.3614110328404,711.9386384325472,548.3110842843238,679.0848832484006,18.50377000417861,9.202690001347888e-09,0.5040751992828885,0.25441990469756526,1.1248902864757535
