target_id,prot_ps,prot_acf,prot_cs,e_prot_ps,E_prot_ps,e_prot_acf,E_prot_acf,e_prot_cs,E_prot_cs,sph_ps,sph_acf,sph_cs,e_sph_ps,e_sph_acf,e_sph_cs,h_ps,fa_prob_ps,hacf,gacf,hcs
7809207,10.820473490872224,21.475809588097036,10.763155959454034,0.3054583837974113,0.3054583837974113,-1.0,-1.0,0.1001744025540154,0.1001744025540154,2883.5340018362967,2962.107349509671,2916.7172491370748,1397.0349792625038,1244.7559755092109,1380.6431454784893,99.25599918804198,7.828296327990269e-44,0.7905823115023477,0.46807122495419967,0.4823795693190773
