target_id,prot_ps,prot_acf,prot_cs,e_prot_ps,E_prot_ps,e_prot_acf,E_prot_acf,e_prot_cs,E_prot_cs,sph_ps,sph_acf,sph_cs,e_sph_ps,e_sph_acf,e_sph_cs,h_ps,fa_prob_ps,hacf,gacf,hcs
7870339,14.423860991965746,30.119177281856537,1.4969680649042132,0.7107247535044064,0.7107247535044064,-1.0,-1.0,0.060657423507914435,0.060657423507914435,1525.835845877448,1826.6287898812102,754.827565686891,1680.0139479598727,1385.8022316810138,1094.9727951025086,16.29925294280261,8.343041191410055e-08,0.29090396600581125,0.0011216690015616083,8.71429136376739
