target_id,prot_ps,prot_acf,prot_cs,e_prot_ps,E_prot_ps,e_prot_acf,E_prot_acf,e_prot_cs,E_prot_cs,sph_ps,sph_acf,sph_cs,e_sph_ps,e_sph_acf,e_sph_cs,h_ps,fa_prob_ps,hacf,gacf,hcs
7888432,4.069549589041119,-1.0,4.10697258091066,1.9956785472983953,1.9956785472983953,-1.0,-1.0,0.3781312291275539,0.3781312291275539,616.3770301444873,-1.0,616.8493118996679,269.2876590344189,-1.0,262.2511545068329,13.28010773294452,1.7081361836768321e-06,-1.0,-1.0,0.30622320447090484
