target_id,prot_ps,prot_acf,prot_cs,e_prot_ps,E_prot_ps,e_prot_acf,E_prot_acf,e_prot_cs,E_prot_cs,sph_ps,sph_acf,sph_cs,e_sph_ps,e_sph_acf,e_sph_cs,h_ps,fa_prob_ps,hacf,gacf,hcs
7826063,1.8056827249652954,1.7981715574860573,1.7863876405285073,0.04474210010141263,0.04474210010141263,-1.0,-1.0,0.012571747617094198,0.012571747617094198,6343.878048121298,6338.031569874791,6338.444694391368,2680.503613960208,2663.017270940713,2659.972708561316,23548.071514245596,0.0,1.6034697938796887,0.9426578608107226,0.022112555152137354
