target_id,prot_ps,prot_acf,prot_cs,e_prot_ps,E_prot_ps,e_prot_acf,E_prot_acf,e_prot_cs,E_prot_cs,sph_ps,sph_acf,sph_cs,e_sph_ps,e_sph_acf,e_sph_cs,h_ps,fa_prob_ps,hacf,gacf,hcs
7825734,2.99309224262084,57.909305576235056,1.5065818984247743,7.389056098930173,7.389056098930173,-1.0,-1.0,0.15848488739148467,0.15848488739148467,713.2426212953998,1403.4959415917858,539.3367647154652,362.3073741201154,91.14893751400756,279.1531874084628,14.62907953567988,4.432732075429142e-07,0.3760460443076031,0.15209262815664307,0.7617095322518723
