target_id,prot_ps,prot_acf,prot_cs,e_prot_ps,E_prot_ps,e_prot_acf,E_prot_acf,e_prot_cs,E_prot_cs,sph_ps,sph_acf,sph_cs,e_sph_ps,e_sph_acf,e_sph_cs,h_ps,fa_prob_ps,hacf,gacf,hcs
7887504,2.425492528996456,-1.0,2.448316191392407,1.0345456528076866,1.0345456528076866,-1.0,-1.0,0.06575112015435235,0.06575112015435235,82.2430239562839,-1.0,82.97517510240853,32.05457676461571,-1.0,32.239189359553265,21.228758749483386,6.032081732654265e-10,-1.0,-1.0,0.31189262615371294
