target_id,prot_ps,prot_acf,prot_cs,e_prot_ps,E_prot_ps,e_prot_acf,E_prot_acf,e_prot_cs,E_prot_cs,sph_ps,sph_acf,sph_cs,e_sph_ps,e_sph_acf,e_sph_cs,h_ps,fa_prob_ps,hacf,gacf,hcs
7849605,14.014100340236038,-1.0,2.3073041297395043,3.9359867536138324,3.9359867536138324,-1.0,-1.0,0.11351975125422753,0.11351975125422753,295.7318576113796,-1.0,234.47410147935722,47.965904908004674,-1.0,43.175977838698316,22.274994467796386,2.118813923646375e-10,-1.0,-1.0,0.2063010535840626
