target_id,prot_ps,prot_acf,prot_cs,e_prot_ps,E_prot_ps,e_prot_acf,E_prot_acf,e_prot_cs,E_prot_cs,sph_ps,sph_acf,sph_cs,e_sph_ps,e_sph_acf,e_sph_cs,h_ps,fa_prob_ps,hacf,gacf,hcs
7803596,9.547701493987669,9.542528414633125,9.550095318439629,0.2432412930199373,0.2432412930199373,-1.0,-1.0,0.03335556279246942,0.03335556279246942,7567.871093740673,7568.302243778987,7567.871093740673,2909.9502178783996,2914.0034959794893,2909.9502178783996,481.71980951435717,6.190773350743219e-210,1.042201368220386,0.6112225374365369,0.9063986242258142
