target_id,prot_ps,prot_acf,prot_cs,e_prot_ps,E_prot_ps,e_prot_acf,E_prot_acf,e_prot_cs,E_prot_cs,sph_ps,sph_acf,sph_cs,e_sph_ps,e_sph_acf,e_sph_cs,h_ps,fa_prob_ps,hacf,gacf,hcs
7879358,28.64672867127211,59.50289694964886,28.65630595003929,7.389056098930606,7.389056098930606,-1.0,-1.0,0.2496960996520308,0.2496960996520308,811.8744226428602,815.7347895219531,811.7791729331442,103.20713930467375,83.29761144995224,102.74063318432744,15.813886395621473,1.3555526830467134e-07,0.17483201052333175,0.08138573836639654,0.9957195436402111
