target_id,prot_ps,prot_acf,prot_cs,e_prot_ps,E_prot_ps,e_prot_acf,E_prot_acf,e_prot_cs,E_prot_cs,sph_ps,sph_acf,sph_cs,e_sph_ps,e_sph_acf,e_sph_cs,h_ps,fa_prob_ps,hacf,gacf,hcs
7811688,4.939526760018383,26.931632791645825,13.290903818663208,2.5957702282588153,2.5957702282588153,-1.0,-1.0,0.8596166627015737,0.8596166627015737,1240.5907213574385,1396.5826788929626,1356.9215168295775,523.3156750200675,357.70818987598665,393.26030354132257,16.194809626638115,9.261547184995525e-08,0.6475676389413205,0.3319363457543688,0.9137603155785077
