target_id,prot_ps,prot_acf,prot_cs,e_prot_ps,E_prot_ps,e_prot_acf,E_prot_acf,e_prot_cs,E_prot_cs,sph_ps,sph_acf,sph_cs,e_sph_ps,e_sph_acf,e_sph_cs,h_ps,fa_prob_ps,hacf,gacf,hcs
7801431,0.5682793001536762,0.5721632540225983,0.5726812358239415,0.012738431525551307,0.012738431525551307,-1.0,-1.0,0.006037291708023729,0.006037291708023729,3210.3439307333583,3211.6460568029183,3211.6460568029183,236.75683453840125,226.02274179403568,226.02274179403568,598.5653829713096,1.112646272308573e-260,0.7459357166073075,0.6617553994820375,0.6299433068925409
