target_id,prot_ps,prot_acf,prot_cs,e_prot_ps,E_prot_ps,e_prot_acf,E_prot_acf,e_prot_cs,E_prot_cs,sph_ps,sph_acf,sph_cs,e_sph_ps,e_sph_acf,e_sph_cs,h_ps,fa_prob_ps,hacf,gacf,hcs
7832257,1.3873030304546758,36.45371197909117,1.274449560614303,0.5720432404803478,0.5720432404803478,-1.0,-1.0,0.16999609331607587,0.16999609331607587,991.6950740748755,1438.787157250437,983.6968903864254,409.27422513748496,468.9493252198482,450.5614897170606,14.247999173199933,6.488922405776431e-07,0.13542322444327984,0.021367665369391265,0.8849414617106062
