target_id,prot_ps,prot_acf,prot_cs,e_prot_ps,E_prot_ps,e_prot_acf,E_prot_acf,e_prot_cs,E_prot_cs,sph_ps,sph_acf,sph_cs,e_sph_ps,e_sph_acf,e_sph_cs,h_ps,fa_prob_ps,hacf,gacf,hcs
7878021,16.988202396620167,14.691813352517784,0.22622485476278187,1.6955203526201226,1.6955203526201226,-1.0,-1.0,0.012485335283638812,0.012485335283638812,1068.829177523069,1050.5422410096992,406.83469267369617,263.2575062468411,298.4433712072499,77.96798270487773,33.64239928915693,2.4507083513135404e-15,0.21826830731944452,0.08555713789597648,1.0519028313032965
