target_id,prot_ps,prot_acf,prot_cs,e_prot_ps,E_prot_ps,e_prot_acf,E_prot_acf,e_prot_cs,E_prot_cs,sph_ps,sph_acf,sph_cs,e_sph_ps,e_sph_acf,e_sph_cs,h_ps,fa_prob_ps,hacf,gacf,hcs
7833591,1.504836227623191,54.92603266239166,2.9306144361756736,0.7620071821843818,0.7620071821843818,-1.0,-1.0,0.2620140841154536,0.2620140841154536,464.7844241521282,1527.8490365602086,685.1095804767183,362.4687404341913,681.242079593656,626.3466167658381,24.38976931283229,2.5565704953455585e-11,0.5449806707003324,0.2458101470477651,1.2868550896879412
