target_id,prot_ps,prot_acf,prot_cs,e_prot_ps,E_prot_ps,e_prot_acf,E_prot_acf,e_prot_cs,E_prot_cs,sph_ps,sph_acf,sph_cs,e_sph_ps,e_sph_acf,e_sph_cs,h_ps,fa_prob_ps,hacf,gacf,hcs
7950108,0.8518878525302482,58.97166140098125,1.5125951662165962,0.6656355746352904,0.6656355746352904,-1.0,-1.0,0.00793319514825361,0.00793319514825361,294.79082880385494,390.7456788869204,302.7447880416874,26.642462638452066,58.50818019096722,29.6693809527747,13.374762752598816,1.55386877555549e-06,0.189647317991994,0.15371583810894796,0.6247749895694876
