target_id,prot_ps,prot_acf,prot_cs,e_prot_ps,E_prot_ps,e_prot_acf,E_prot_acf,e_prot_cs,E_prot_cs,sph_ps,sph_acf,sph_cs,e_sph_ps,e_sph_acf,e_sph_cs,h_ps,fa_prob_ps,hacf,gacf,hcs
7958890,1.6978369156283837,1.6960407504811883,1.6971756698845555,0.04109452598526412,0.04109452598526412,-1.0,-1.0,0.018328328820021143,0.018328328820021143,1579.7830685191946,1579.7830685191946,1579.7830685191946,1625.9487327787688,1625.9487327787688,1625.9487327787688,7842.814927107129,0.0,1.454221033216053,0.9095795874256227,0.1889216701860822
