target_id,prot_ps,prot_acf,prot_cs,e_prot_ps,E_prot_ps,e_prot_acf,E_prot_acf,e_prot_cs,E_prot_cs,sph_ps,sph_acf,sph_cs,e_sph_ps,e_sph_acf,e_sph_cs,h_ps,fa_prob_ps,hacf,gacf,hcs
7902889,5.33843613388984,13.302482506725937,5.392442273820778,0.2813294014309372,0.2813294014309372,-1.0,-1.0,0.011299910186944238,0.011299910186944238,114.21158536209722,125.4483555937848,113.51063847934367,63.473721533314325,66.31307607654152,63.33867003513339,46.52693409977806,6.217406467129717e-21,0.11358844446678508,0.06164497715976081,0.7671339400279369
