target_id,prot_ps,prot_acf,prot_cs,e_prot_ps,E_prot_ps,e_prot_acf,E_prot_acf,e_prot_cs,E_prot_cs,sph_ps,sph_acf,sph_cs,e_sph_ps,e_sph_acf,e_sph_cs,h_ps,fa_prob_ps,hacf,gacf,hcs
7938116,52.69224639179136,57.58198207616806,3.135541217029095,7.3890560989291,7.3890560989291,-1.0,-1.0,0.19052774108207435,0.19052774108207435,1429.745193705107,1409.2423123807,1045.4877059486998,321.20482375617325,292.75681919327036,261.12832311304606,20.632701855250968,1.094791552020499e-09,0.19928365967976022,0.09184280957927592,0.3100378017414821
