target_id,prot_ps,prot_acf,prot_cs,e_prot_ps,E_prot_ps,e_prot_acf,E_prot_acf,e_prot_cs,E_prot_cs,sph_ps,sph_acf,sph_cs,e_sph_ps,e_sph_acf,e_sph_cs,h_ps,fa_prob_ps,hacf,gacf,hcs
7987666,45.998596430274404,-1.0,1.4240291411150245,1.4605473819088066,1.4605473819088066,-1.0,-1.0,1.2017310317721572,1.2017310317721572,355.6232063188024,-1.0,215.62335949010475,66.9106440251123,-1.0,37.36916830316023,26.03671129721685,4.924928805146248e-12,-1.0,-1.0,0.14487420972011344
