target_id,prot_ps,prot_acf,prot_cs,e_prot_ps,E_prot_ps,e_prot_acf,E_prot_acf,e_prot_cs,E_prot_cs,sph_ps,sph_acf,sph_cs,e_sph_ps,e_sph_acf,e_sph_cs,h_ps,fa_prob_ps,hacf,gacf,hcs
7901541,12.277235710355539,24.21395126497373,12.157855580714532,0.574248373996792,0.574248373996792,-1.0,-1.0,0.32051039139933146,0.32051039139933146,2119.8673437536777,2201.6107653806757,2135.6412808093482,885.4978212786186,767.124564166388,842.2576133421408,41.68236936022847,7.899088765322583e-19,0.8334455973017314,0.4480099907919785,0.5487900117558938
