target_id,prot_ps,prot_acf,prot_cs,e_prot_ps,E_prot_ps,e_prot_acf,E_prot_acf,e_prot_cs,E_prot_cs,sph_ps,sph_acf,sph_cs,e_sph_ps,e_sph_acf,e_sph_cs,h_ps,fa_prob_ps,hacf,gacf,hcs
7976908,0.3508612499108799,48.7343305000104,0.6807062258143295,0.825889022536382,0.825889022536382,-1.0,-1.0,0.011873834691487823,0.011873834691487823,410.5227721676827,524.9311308261155,419.0984962965069,46.68985297086943,43.78995120386134,42.993170854169236,12.15093233920527,5.28344432203098e-06,0.042695719622180814,0.015279607534913885,0.27955941957402053
