target_id,prot_ps,prot_acf,prot_cs,e_prot_ps,E_prot_ps,e_prot_acf,E_prot_acf,e_prot_cs,E_prot_cs,sph_ps,sph_acf,sph_cs,e_sph_ps,e_sph_acf,e_sph_cs,h_ps,fa_prob_ps,hacf,gacf,hcs
7949266,0.2530926697885622,-1.0,59.99999999999999,0.47730499465764425,0.47730499465764425,-1.0,-1.0,0.5390005674281968,0.5390005674281968,360.0046263526235,-1.0,1586.7926851540362,45.59018981449684,-1.0,365.79736158702207,11.893230286343789,6.836529854059042e-06,-1.0,-1.0,0.6461590470280308
