target_id,prot_ps,prot_acf,prot_cs,e_prot_ps,E_prot_ps,e_prot_acf,E_prot_acf,e_prot_cs,E_prot_cs,sph_ps,sph_acf,sph_cs,e_sph_ps,e_sph_acf,e_sph_cs,h_ps,fa_prob_ps,hacf,gacf,hcs
7918265,3.155326962180483,52.575984842609614,3.1664257974439898,1.4125749888548707,1.4125749888548707,-1.0,-1.0,0.009923546779206547,0.009923546779206547,560.4118192369858,746.9057615266887,559.7014621821118,120.24881813657801,86.37517735173506,118.84371761487843,17.92314568005672,1.6446622827421147e-08,0.15914765441901046,0.05033771197624646,0.03808728696301657
