target_id,prot_ps,prot_acf,prot_cs,e_prot_ps,E_prot_ps,e_prot_acf,E_prot_acf,e_prot_cs,E_prot_cs,sph_ps,sph_acf,sph_cs,e_sph_ps,e_sph_acf,e_sph_cs,h_ps,fa_prob_ps,hacf,gacf,hcs
7976762,45.93658029853675,46.0985189974308,4.578364568978058,1.4737529592459027,1.4737529592459027,-1.0,-1.0,0.05631003824570884,0.05631003824570884,651.2912064308782,651.1036381198167,631.3495288707574,24.12600940020505,23.933695499336757,51.920676437739715,22.61059368999356,1.5147603474500275e-10,0.05324111765567806,0.027617880471973597,0.16806886576348218
