target_id,prot_ps,prot_acf,prot_cs,e_prot_ps,E_prot_ps,e_prot_acf,E_prot_acf,e_prot_cs,E_prot_cs,sph_ps,sph_acf,sph_cs,e_sph_ps,e_sph_acf,e_sph_cs,h_ps,fa_prob_ps,hacf,gacf,hcs
7908709,0.14052422292767883,-1.0,3.0951160536615268,0.21401872443770845,0.21401872443770845,-1.0,-1.0,0.2512437598604361,0.2512437598604361,240.3614740201262,-1.0,264.5496632889301,32.47439920015135,-1.0,15.782221108941858,12.65424390436942,3.193976376631058e-06,-1.0,-1.0,0.18664268200456316
