target_id,prot_ps,prot_acf,prot_cs,e_prot_ps,E_prot_ps,e_prot_acf,E_prot_acf,e_prot_cs,E_prot_cs,sph_ps,sph_acf,sph_cs,e_sph_ps,e_sph_acf,e_sph_cs,h_ps,fa_prob_ps,hacf,gacf,hcs
7967689,0.32761293433273303,58.35883788764477,0.18574293991541108,0.27537409391592554,0.27537409391592554,-1.0,-1.0,0.012036912851712775,0.012036912851712775,689.7135313120446,1027.3033021831689,670.2941313778235,150.95445670601538,143.21035951702555,147.85112405535074,14.507072954988054,5.007930199846155e-07,0.12193295054831153,0.06379859546345769,0.2752593146326295
