target_id,prot_ps,prot_acf,prot_cs,e_prot_ps,E_prot_ps,e_prot_acf,E_prot_acf,e_prot_cs,E_prot_cs,sph_ps,sph_acf,sph_cs,e_sph_ps,e_sph_acf,e_sph_cs,h_ps,fa_prob_ps,hacf,gacf,hcs
7949259,5.0755127973246115,5.0471371710300446,5.07592053598156,0.15342606008388165,0.15342606008388165,-1.0,-1.0,0.09251906645583348,0.09251906645583348,3780.000957741224,3782.4719577023975,3777.9392003597245,1397.4493262021267,1379.9629419527423,1401.1141992979879,395.64854143908815,1.4860098218863814e-172,1.1331264482287242,0.7830853182556108,0.6481401407232115
