target_id,prot_ps,prot_acf,prot_cs,e_prot_ps,E_prot_ps,e_prot_acf,E_prot_acf,e_prot_cs,E_prot_cs,sph_ps,sph_acf,sph_cs,e_sph_ps,e_sph_acf,e_sph_cs,h_ps,fa_prob_ps,hacf,gacf,hcs
7967433,0.34479695817446493,49.38849643850699,0.3095720815202011,0.327409080294025,0.327409080294025,-1.0,-1.0,0.01013807601166536,0.01013807601166536,271.9206221688982,466.53382134997827,269.1036963713112,49.83448816621595,79.58892768900631,47.12854778297996,13.892273714457458,9.261091705772241e-07,0.07896047967600908,0.038878963199362855,0.34805833119104024
