target_id,prot_ps,prot_acf,prot_cs,e_prot_ps,E_prot_ps,e_prot_acf,E_prot_acf,e_prot_cs,E_prot_cs,sph_ps,sph_acf,sph_cs,e_sph_ps,e_sph_acf,e_sph_cs,h_ps,fa_prob_ps,hacf,gacf,hcs
7905232,15.13504339955697,15.080047018826008,15.17416801574932,0.690722301326437,0.690722301326437,-1.0,-1.0,0.13081147745234917,0.13081147745234917,946.8017277020739,948.2811364012036,946.004033766501,97.95199476586899,97.35702794820776,100.89209191388805,58.070046133457645,6.032528750182262e-26,0.11154556335134733,0.16360234425298775,0.5210211686587171
