target_id,prot_ps,prot_acf,prot_cs,e_prot_ps,E_prot_ps,e_prot_acf,E_prot_acf,e_prot_cs,E_prot_cs,sph_ps,sph_acf,sph_cs,e_sph_ps,e_sph_acf,e_sph_cs,h_ps,fa_prob_ps,hacf,gacf,hcs
7956926,52.16100700167766,-1.0,28.64622790868932,7.389056098930649,7.389056098930649,-1.0,-1.0,0.27767930432070875,0.27767930432070875,991.3813005315657,-1.0,985.2724047317797,239.86269011792177,-1.0,325.33627420153107,19.98001266182874,2.102765062593152e-09,-1.0,-1.0,0.16736707499373715
