target_id,prot_ps,prot_acf,prot_cs,e_prot_ps,E_prot_ps,e_prot_acf,E_prot_acf,e_prot_cs,E_prot_cs,sph_ps,sph_acf,sph_cs,e_sph_ps,e_sph_acf,e_sph_cs,h_ps,fa_prob_ps,hacf,gacf,hcs
7976231,0.3653229103436134,55.273097259923816,0.728256261125207,0.5466601675731136,0.5466601675731136,-1.0,-1.0,0.0463650975478248,0.0463650975478248,475.71656553840916,667.1541253870997,494.0212660012138,64.28436042683279,34.55674829710113,69.36820572853537,17.654890749731877,2.1506927385515643e-08,0.1159055541360027,0.08196747692652542,0.49159937726914554
