target_id,prot_ps,prot_acf,prot_cs,e_prot_ps,E_prot_ps,e_prot_acf,E_prot_acf,e_prot_cs,E_prot_cs,sph_ps,sph_acf,sph_cs,e_sph_ps,e_sph_acf,e_sph_cs,h_ps,fa_prob_ps,hacf,gacf,hcs
8024053,19.479835559702284,19.412016053684056,19.495533956401978,0.7889508394612755,0.7889508394612755,-1.0,-1.0,0.2486675495945804,0.2486675495945804,3081.1499801140067,3077.9115274393707,3081.0140925835844,797.7043944026946,818.3250912119557,794.7182685157237,153.01456860838886,3.520604198608346e-67,1.025269216132425,0.5608259564190783,0.9831370871867277
