target_id,prot_ps,prot_acf,prot_cs,e_prot_ps,E_prot_ps,e_prot_acf,E_prot_acf,e_prot_cs,E_prot_cs,sph_ps,sph_acf,sph_cs,e_sph_ps,e_sph_acf,e_sph_cs,h_ps,fa_prob_ps,hacf,gacf,hcs
8099238,4.250875693327059,3.657674925401807,4.233548989999111,0.4041289887140707,0.4041289887140707,-1.0,-1.0,0.10503277840330523,0.10503277840330523,446.3560193501409,444.26510666766023,444.4714825413301,62.18056142103655,55.37412979260407,61.40666407485351,13.182381554719592,1.8834948299780063e-06,0.10860671089643713,0.20721520221433107,0.9861223849453967
