target_id,prot_ps,prot_acf,prot_cs,e_prot_ps,E_prot_ps,e_prot_acf,E_prot_acf,e_prot_cs,E_prot_cs,sph_ps,sph_acf,sph_cs,e_sph_ps,e_sph_acf,e_sph_cs,h_ps,fa_prob_ps,hacf,gacf,hcs
8097591,0.22967947443021675,57.13266475684941,5.401243660650217,0.28611387959341683,0.28611387959341683,-1.0,-1.0,1.6953145905175058,1.6953145905175058,235.23641456122087,402.91654752935494,351.9224914789989,33.144203730058216,58.81870918548636,97.1854523636026,11.819697299554708,7.3581847008252906e-06,0.3128055267017535,0.1152553696513504,0.19806441738620575
