target_id,prot_ps,prot_acf,prot_cs,e_prot_ps,E_prot_ps,e_prot_acf,E_prot_acf,e_prot_cs,E_prot_cs,sph_ps,sph_acf,sph_cs,e_sph_ps,e_sph_acf,e_sph_cs,h_ps,fa_prob_ps,hacf,gacf,hcs
8024201,0.25144979502020204,-1.0,28.646615394043977,0.14159936408355217,0.14159936408355217,-1.0,-1.0,0.2584034897807548,0.2584034897807548,218.62182687736225,-1.0,539.7625953159732,43.467240942470816,-1.0,205.89532733829884,44.36604041288918,5.3960189326882565e-20,-1.0,-1.0,0.8398399626092896
