target_id,prot_ps,prot_acf,prot_cs,e_prot_ps,E_prot_ps,e_prot_acf,E_prot_acf,e_prot_cs,E_prot_cs,sph_ps,sph_acf,sph_cs,e_sph_ps,e_sph_acf,e_sph_cs,h_ps,fa_prob_ps,hacf,gacf,hcs
8016816,0.21202989398030983,54.55825673416257,1.8629185389036726,7.389056098925097,7.389056098925097,-1.0,-1.0,0.010651020886314666,0.010651020886314666,75.02413340083183,176.11778512767862,106.91725893767702,11.97354591513908,55.4295617088497,37.76250058133984,18.774340017740954,7.021141553003926e-09,0.22617508002999648,0.12315947706148317,2.3371593011519827
