target_id,prot_ps,prot_acf,prot_cs,e_prot_ps,E_prot_ps,e_prot_acf,E_prot_acf,e_prot_cs,E_prot_cs,sph_ps,sph_acf,sph_cs,e_sph_ps,e_sph_acf,e_sph_cs,h_ps,fa_prob_ps,hacf,gacf,hcs
8098196,54.08945078508326,53.63850697176531,2.872571927656131,7.389056098930649,7.389056098930649,-1.0,-1.0,1.2846173574533934,1.2846173574533934,630.2234181392663,631.1051291581988,437.61101005210725,34.725513693586905,32.145117518465405,140.10987956668774,14.473324250472993,5.179825665961873e-07,0.25118001162943077,0.13681792737908383,0.55663341175983
