target_id,prot_ps,prot_acf,prot_cs,e_prot_ps,E_prot_ps,e_prot_acf,E_prot_acf,e_prot_cs,E_prot_cs,sph_ps,sph_acf,sph_cs,e_sph_ps,e_sph_acf,e_sph_cs,h_ps,fa_prob_ps,hacf,gacf,hcs
8024918,1.6091239985913406,1.2464586081914604,1.6099398226175348,0.035269050704130396,0.035269050704130396,-1.0,-1.0,0.009744140371273365,0.009744140371273365,249.0214196138244,244.7939558077895,249.0214196138244,49.2474681352481,49.39754842672817,49.2474681352481,5616.091834564837,0.0,0.05772019605329534,0.4501980294067447,0.014388638686112237
