target_id,prot_ps,prot_acf,prot_cs,e_prot_ps,E_prot_ps,e_prot_acf,E_prot_acf,e_prot_cs,E_prot_cs,sph_ps,sph_acf,sph_cs,e_sph_ps,e_sph_acf,e_sph_cs,h_ps,fa_prob_ps,hacf,gacf,hcs
8075077,1.405745320146837,57.13345506414771,2.6210687700565902,0.7169277948885407,0.7169277948885407,-1.0,-1.0,0.9232586257975086,0.9232586257975086,206.17507671132248,529.8681024694067,247.41021722594047,161.47794970472697,82.87343185459054,190.9477295677622,19.808514797004655,2.496153731962783e-09,0.1388840879086285,0.024294241127565026,0.40953140067674204
