target_id,prot_ps,prot_acf,prot_cs,e_prot_ps,E_prot_ps,e_prot_acf,E_prot_acf,e_prot_cs,E_prot_cs,sph_ps,sph_acf,sph_cs,e_sph_ps,e_sph_acf,e_sph_cs,h_ps,fa_prob_ps,hacf,gacf,hcs
8086569,10.822132409706542,-1.0,1.1126152028795333,5.856966672651591,5.856966672651591,-1.0,-1.0,0.27315685552912733,0.27315685552912733,427.3797717215992,-1.0,250.56481842192784,157.63987788020233,-1.0,43.38054043601189,12.379857356086802,4.2023891209244095e-06,-1.0,-1.0,0.34018609930359905
