target_id,prot_ps,prot_acf,prot_cs,e_prot_ps,E_prot_ps,e_prot_acf,E_prot_acf,e_prot_cs,E_prot_cs,sph_ps,sph_acf,sph_cs,e_sph_ps,e_sph_acf,e_sph_cs,h_ps,fa_prob_ps,hacf,gacf,hcs
8029848,0.30169031303936766,12.668918361887336,1.204719997707516,0.15015231290411965,0.15015231290411965,-1.0,-1.0,0.01179882433807041,0.01179882433807041,323.9949366241668,492.5785327055193,367.57158410304976,65.23421208596429,0.0,56.23568606557847,74.6838694296139,3.674579260565063e-33,0.000831974001603418,0.12537821557474915,2.131448202646609
