target_id,prot_ps,prot_acf,prot_cs,e_prot_ps,E_prot_ps,e_prot_acf,E_prot_acf,e_prot_cs,E_prot_cs,sph_ps,sph_acf,sph_cs,e_sph_ps,e_sph_acf,e_sph_cs,h_ps,fa_prob_ps,hacf,gacf,hcs
8085410,47.12860154665176,53.69970899820328,28.93449845343828,7.389056098930649,7.389056098930649,-1.0,-1.0,2.5646200115659386,2.5646200115659386,1084.0810303399733,1043.011725891018,1067.297696386501,108.30006083954216,157.8359073581497,174.0060490716884,17.852262853922294,1.765471670385365e-08,0.21935036228917312,0.127133981226654,0.5189394570518425
