target_id,prot_ps,prot_acf,prot_cs,e_prot_ps,E_prot_ps,e_prot_acf,E_prot_acf,e_prot_cs,E_prot_cs,sph_ps,sph_acf,sph_cs,e_sph_ps,e_sph_acf,e_sph_cs,h_ps,fa_prob_ps,hacf,gacf,hcs
8044063,2.2097330078850788,2.2068439442664385,2.195029615702274,0.06261137517201885,0.06261137517201885,-1.0,-1.0,0.05912111559677394,0.05912111559677394,2709.704576756973,2709.704576756973,2704.078816438552,888.9916127989319,888.9916127989319,888.5017183016038,1487.0051127966876,0.0,1.347377954940976,0.8962498554902057,0.255579805343564
