target_id,prot_ps,prot_acf,prot_cs,e_prot_ps,E_prot_ps,e_prot_acf,E_prot_acf,e_prot_cs,E_prot_cs,sph_ps,sph_acf,sph_cs,e_sph_ps,e_sph_acf,e_sph_cs,h_ps,fa_prob_ps,hacf,gacf,hcs
8046659,10.002891967674898,27.87157847546041,0.10192157903735559,7.389056098930649,7.389056098930649,-1.0,-1.0,0.008032582499690896,0.008032582499690896,523.0697961075509,533.9108198917916,389.2277062970446,55.677673687108566,29.91525564171472,70.47341757310735,13.88418488140189,9.336306922050767e-07,0.02351191228469854,0.0037291367332996372,0.5521591898365197
