target_id,prot_ps,prot_acf,prot_cs,e_prot_ps,E_prot_ps,e_prot_acf,E_prot_acf,e_prot_cs,E_prot_cs,sph_ps,sph_acf,sph_cs,e_sph_ps,e_sph_acf,e_sph_cs,h_ps,fa_prob_ps,hacf,gacf,hcs
8038865,0.10726812098523575,56.846621259115636,0.3260513838880904,0.1267828915823395,0.1267828915823395,-1.0,-1.0,0.014748866106555495,0.014748866106555495,267.84384337592786,687.0545009715639,301.27047466595076,69.65157538091583,139.28739429087022,119.82390954609504,12.196113214853806,5.050045954316244e-06,0.03941085658089239,0.025966193577446815,2.3190623978213103
