target_id,prot_ps,prot_acf,prot_cs,e_prot_ps,E_prot_ps,e_prot_acf,E_prot_acf,e_prot_cs,E_prot_cs,sph_ps,sph_acf,sph_cs,e_sph_ps,e_sph_acf,e_sph_cs,h_ps,fa_prob_ps,hacf,gacf,hcs
8016509,1.506186893645558,58.46094010863453,3.0085594466188286,0.48809491797269594,0.48809491797269594,-1.0,-1.0,0.19909784543644363,0.19909784543644363,793.0716685702344,3109.467485134105,1253.299552140533,590.4217133552253,847.9223765999025,1025.9142917531813,33.45527631671748,2.955004217778359e-15,0.4737333090989659,0.19311415993096828,1.5628831343191258
