target_id,prot_ps,prot_acf,prot_cs,e_prot_ps,E_prot_ps,e_prot_acf,E_prot_acf,e_prot_cs,E_prot_cs,sph_ps,sph_acf,sph_cs,e_sph_ps,e_sph_acf,e_sph_cs,h_ps,fa_prob_ps,hacf,gacf,hcs
8012732,52.69232093421852,54.128729914315045,52.77565755380583,7.389056098930649,7.389056098930649,-1.0,-1.0,0.9490610044925208,0.9490610044925208,330.9517501622559,330.1798962044309,330.88033196209165,41.5589511451988,40.1290023424769,41.46060806457548,25.319053694549105,1.0094264804032446e-11,0.18755311825689813,0.11905102311724679,0.2738691202464697
