target_id,prot_ps,prot_acf,prot_cs,e_prot_ps,E_prot_ps,e_prot_acf,E_prot_acf,e_prot_cs,E_prot_cs,sph_ps,sph_acf,sph_cs,e_sph_ps,e_sph_acf,e_sph_cs,h_ps,fa_prob_ps,hacf,gacf,hcs
8004764,0.33892026130752323,-1.0,3.1355546507053083,0.36417450906206533,0.36417450906206533,-1.0,-1.0,0.1799162416056928,0.1799162416056928,851.3928140811471,-1.0,1071.6396944249163,106.63242833034427,-1.0,253.94977739359405,13.960577196137864,8.649646515256002e-07,-1.0,-1.0,0.19341710100613968
