target_id,prot_ps,prot_acf,prot_cs,e_prot_ps,E_prot_ps,e_prot_acf,E_prot_acf,e_prot_cs,E_prot_cs,sph_ps,sph_acf,sph_cs,e_sph_ps,e_sph_acf,e_sph_cs,h_ps,fa_prob_ps,hacf,gacf,hcs
8075555,19.89152553329907,40.31572720082477,20.059662622753084,0.6810514926064248,0.6810514926064248,-1.0,-1.0,0.4250332978197686,0.4250332978197686,4939.361490604384,5020.73422621921,4938.158237181245,1294.058567141336,1235.4415290708114,1301.0378596169585,79.82909301771396,2.1412402924969298e-35,1.1370445147496002,0.7178600521029402,0.5945089662512887
