target_id,prot_ps,prot_acf,prot_cs,e_prot_ps,E_prot_ps,e_prot_acf,E_prot_acf,e_prot_cs,E_prot_cs,sph_ps,sph_acf,sph_cs,e_sph_ps,e_sph_acf,e_sph_cs,h_ps,fa_prob_ps,hacf,gacf,hcs
8023308,2.9388261839801975,-1.0,2.946346172796203,1.5708347174564004,1.5708347174564004,-1.0,-1.0,0.015045892173625806,0.015045892173625806,323.08119114192533,-1.0,320.24428542238303,130.40009852144993,-1.0,131.28360364278163,18.283990246709095,1.1464732569697255e-08,-1.0,-1.0,0.4369675084141765
