target_id,prot_ps,prot_acf,prot_cs,e_prot_ps,E_prot_ps,e_prot_acf,E_prot_acf,e_prot_cs,E_prot_cs,sph_ps,sph_acf,sph_cs,e_sph_ps,e_sph_acf,e_sph_cs,h_ps,fa_prob_ps,hacf,gacf,hcs
8078130,54.0955161089327,54.14922279305756,8.98965738194964,7.389056098930649,7.389056098930649,-1.0,-1.0,0.10473427891376938,0.10473427891376938,865.3073949389454,865.0060512347169,770.2897310794738,218.59695109796863,218.40865047542255,343.16530541542767,23.197161018861767,8.425602643556702e-11,0.21421107720835972,0.10742455441023503,0.18741759531665134
