target_id,prot_ps,prot_acf,prot_cs,e_prot_ps,E_prot_ps,e_prot_acf,E_prot_acf,e_prot_cs,E_prot_cs,sph_ps,sph_acf,sph_cs,e_sph_ps,e_sph_acf,e_sph_cs,h_ps,fa_prob_ps,hacf,gacf,hcs
8035021,50.37828252180517,58.29746883222833,0.9912408740346824,7.389056098930511,7.389056098930511,-1.0,-1.0,0.39797046365397165,0.39797046365397165,522.7522533072818,522.433764830989,331.30845642184676,63.439428020736266,62.628732104093075,73.707456557062,12.76736555761365,2.8523550898250288e-06,0.19941470160310887,0.10089944590358925,1.238603574001844
