target_id,prot_ps,prot_acf,prot_cs,e_prot_ps,E_prot_ps,e_prot_acf,E_prot_acf,e_prot_cs,E_prot_cs,sph_ps,sph_acf,sph_cs,e_sph_ps,e_sph_acf,e_sph_cs,h_ps,fa_prob_ps,hacf,gacf,hcs
8094756,16.415634606214493,16.346975788474083,16.44073716735462,0.5706524673790843,0.5706524673790843,-1.0,-1.0,0.4053280701601904,0.4053280701601904,6564.466448094041,6542.0567864169125,6564.880252763174,2212.26892067985,2252.669959864307,2211.0696439421595,170.51502898988113,8.83616522691985e-75,1.1870548296375438,0.6409818337099641,0.9613235637400918
