target_id,prot_ps,prot_acf,prot_cs,e_prot_ps,E_prot_ps,e_prot_acf,E_prot_acf,e_prot_cs,E_prot_cs,sph_ps,sph_acf,sph_cs,e_sph_ps,e_sph_acf,e_sph_cs,h_ps,fa_prob_ps,hacf,gacf,hcs
8006298,52.193085221126026,52.31030344963074,53.06042502761352,6.3276271913666715,6.3276271913666715,-1.0,-1.0,1.820589113973474,1.820589113973474,706.029330650254,705.8787169447213,706.8697447727953,61.061100247992975,60.98189718296318,58.29823345131954,26.32941109047653,3.675209086940741e-12,0.22365404369877293,0.14020131884852255,0.27172544882250527
