target_id,prot_ps,prot_acf,prot_cs,e_prot_ps,E_prot_ps,e_prot_acf,E_prot_acf,e_prot_cs,E_prot_cs,sph_ps,sph_acf,sph_cs,e_sph_ps,e_sph_acf,e_sph_cs,h_ps,fa_prob_ps,hacf,gacf,hcs
8193315,0.437302573386252,1.3281920249573886,1.308504516294272,0.009959787062382083,0.009959787062382083,-1.0,-1.0,0.00883533068779001,0.00883533068779001,9153.415696389124,9382.09610802848,9347.644866690798,1696.3414993596484,1263.0959947849024,1014.4689663030157,36154.1769859846,0.0,0.6522859716165816,0.646873115835933,0.005840907502725719
