target_id,prot_ps,prot_acf,prot_cs,e_prot_ps,E_prot_ps,e_prot_acf,E_prot_acf,e_prot_cs,E_prot_cs,sph_ps,sph_acf,sph_cs,e_sph_ps,e_sph_acf,e_sph_cs,h_ps,fa_prob_ps,hacf,gacf,hcs
8168451,52.69089224224946,56.969215815886855,1.2725028331669603,7.389056098930649,7.389056098930649,-1.0,-1.0,0.009340398817133475,0.009340398817133475,980.1669299708656,981.4726551548623,681.8331192161056,103.08310128781989,101.65300448494692,220.60595214725237,17.18394786941335,3.44434196475706e-08,0.17734094301151868,0.10169082582464065,0.6409895471929606
