target_id,prot_ps,prot_acf,prot_cs,e_prot_ps,E_prot_ps,e_prot_acf,E_prot_acf,e_prot_cs,E_prot_cs,sph_ps,sph_acf,sph_cs,e_sph_ps,e_sph_acf,e_sph_cs,h_ps,fa_prob_ps,hacf,gacf,hcs
8148903,38.86355786647826,43.01389262545854,1.308682310769074,5.309806155679217,5.309806155679217,-1.0,-1.0,0.010143033899885433,0.010143033899885433,520.9688096027534,510.7373069349106,271.7113226174054,0.0,0.0,178.8849109393157,14.85820130574241,3.5250490293956363e-07,0.24872020076660678,0.18771871047332364,0.21585221706500524
