target_id,prot_ps,prot_acf,prot_cs,e_prot_ps,E_prot_ps,e_prot_acf,E_prot_acf,e_prot_cs,E_prot_cs,sph_ps,sph_acf,sph_cs,e_sph_ps,e_sph_acf,e_sph_cs,h_ps,fa_prob_ps,hacf,gacf,hcs
8192911,4.38686123760125,8.786507896147668,8.763961486234312,0.1318859292433052,0.1318859292433052,-1.0,-1.0,0.09962145436918514,0.09962145436918514,2436.1493363282143,2583.3770475850947,2568.3260368875453,847.6145081767343,849.3837992493768,854.4994200909284,253.5679038647422,7.531102591578065e-111,0.9324822333098357,0.6381696459573949,0.652079098106211
