target_id,prot_ps,prot_acf,prot_cs,e_prot_ps,E_prot_ps,e_prot_acf,E_prot_acf,e_prot_cs,E_prot_cs,sph_ps,sph_acf,sph_cs,e_sph_ps,e_sph_acf,e_sph_cs,h_ps,fa_prob_ps,hacf,gacf,hcs
8174332,4.2775343210508225,8.582164440304041,8.557435450631116,0.14079358575201256,0.14079358575201256,-1.0,-1.0,0.2103842740494438,0.2103842740494438,2668.689984931136,2785.090047423731,2793.7031224345387,936.7870009465531,865.6759070729751,839.8292711465199,88.33404758339479,4.335214297960667e-39,0.8969293432448097,0.5712049100479575,0.9742409234620263
