target_id,prot_ps,prot_acf,prot_cs,e_prot_ps,E_prot_ps,e_prot_acf,E_prot_acf,e_prot_cs,E_prot_cs,sph_ps,sph_acf,sph_cs,e_sph_ps,e_sph_acf,e_sph_cs,h_ps,fa_prob_ps,hacf,gacf,hcs
8150741,0.14299430068827584,-1.0,0.8366078005675667,0.20065415138750714,0.20065415138750714,-1.0,-1.0,0.014661969988181117,0.014661969988181117,583.2211549137759,-1.0,618.0127535361769,101.90575584047752,-1.0,94.24098698839414,13.155309634970557,1.9351811177265274e-06,-1.0,-1.0,0.2162827274633139
