target_id,prot_ps,prot_acf,prot_cs,e_prot_ps,E_prot_ps,e_prot_acf,E_prot_acf,e_prot_cs,E_prot_cs,sph_ps,sph_acf,sph_cs,e_sph_ps,e_sph_acf,e_sph_cs,h_ps,fa_prob_ps,hacf,gacf,hcs
8164789,31.084823536495144,-1.0,1.5891293336171655,1.5965539317787791,1.5965539317787791,-1.0,-1.0,0.12994569504657325,0.12994569504657325,994.3593763661754,-1.0,393.0510880609753,307.98511382359,-1.0,225.8917720190584,15.066669179422918,2.861730384828437e-07,-1.0,-1.0,0.2749534821061526
