target_id,prot_ps,prot_acf,prot_cs,e_prot_ps,E_prot_ps,e_prot_acf,E_prot_acf,e_prot_cs,E_prot_cs,sph_ps,sph_acf,sph_cs,e_sph_ps,e_sph_acf,e_sph_cs,h_ps,fa_prob_ps,hacf,gacf,hcs
8177701,15.218628929920566,15.345721772871912,15.375350663112474,1.1696143854341086,1.1696143854341086,-1.0,-1.0,0.6435123221697191,0.6435123221697191,1239.5251709616361,1225.9758002502344,1221.1026466566866,346.4599113357959,368.6817532290647,380.52346329078966,38.073687612352835,2.9161345893349514e-17,0.6990336382863992,0.336275850700357,0.9763106811086298
