target_id,prot_ps,prot_acf,prot_cs,e_prot_ps,E_prot_ps,e_prot_acf,E_prot_acf,e_prot_cs,E_prot_cs,sph_ps,sph_acf,sph_cs,e_sph_ps,e_sph_acf,e_sph_cs,h_ps,fa_prob_ps,hacf,gacf,hcs
8197091,0.16699261025889586,0.18391004484146833,0.16511035135591848,0.003696071927662681,0.003696071927662681,-1.0,-1.0,0.011544294214372041,0.011544294214372041,1426.2934140135583,1425.4900796048732,1426.2934140135583,187.91879650170117,179.10764332491217,187.91879650170117,3755.997057979528,0.0,0.47695626321618556,0.7005849975092746,0.0013456642851241711
