target_id,prot_ps,prot_acf,prot_cs,e_prot_ps,E_prot_ps,e_prot_acf,E_prot_acf,e_prot_cs,E_prot_cs,sph_ps,sph_acf,sph_cs,e_sph_ps,e_sph_acf,e_sph_cs,h_ps,fa_prob_ps,hacf,gacf,hcs
8110454,4.8704485298944284,50.042161385994405,4.820347241478915,1.4325298252923717,1.4325298252923717,-1.0,-1.0,0.010080954646652488,0.010080954646652488,253.71247372185965,291.0871304076605,259.3204582663439,90.265954328053,54.343205393399806,87.67423354001666,25.86211546371185,5.864432120196857e-12,0.12953342334837023,0.0501406922147726,0.09268512792879961
