target_id,prot_ps,prot_acf,prot_cs,e_prot_ps,E_prot_ps,e_prot_acf,E_prot_acf,e_prot_cs,E_prot_cs,sph_ps,sph_acf,sph_cs,e_sph_ps,e_sph_acf,e_sph_cs,h_ps,fa_prob_ps,hacf,gacf,hcs
8153731,10.899078084141113,-1.0,3.13554743367713,6.4547996318731755,6.4547996318731755,-1.0,-1.0,1.0757722893079598,1.0757722893079598,1205.037938395672,-1.0,917.3285978625947,314.45770452263093,-1.0,225.81158472312026,17.0450126211056,3.957720082986171e-08,-1.0,-1.0,0.23968136654305858
