target_id,prot_ps,prot_acf,prot_cs,e_prot_ps,E_prot_ps,e_prot_acf,E_prot_acf,e_prot_cs,E_prot_cs,sph_ps,sph_acf,sph_cs,e_sph_ps,e_sph_acf,e_sph_cs,h_ps,fa_prob_ps,hacf,gacf,hcs
8143680,0.6434101145751131,23.845862371847034,0.969976938124746,2.805018809995111,2.805018809995111,-1.0,-1.0,0.7785926399880068,0.7785926399880068,779.7626834849099,2614.4585954479435,947.8827789468387,319.38105027998773,189.7783706899215,449.95610264277053,10.137957035717285,3.954951860164783e-05,0.7008735181173302,0.3325993812676465,0.9927814538637727
