target_id,prot_ps,prot_acf,prot_cs,e_prot_ps,E_prot_ps,e_prot_acf,E_prot_acf,e_prot_cs,E_prot_cs,sph_ps,sph_acf,sph_cs,e_sph_ps,e_sph_acf,e_sph_cs,h_ps,fa_prob_ps,hacf,gacf,hcs
8174293,17.182455496715324,17.286939502693713,17.17893580563383,7.389056098930232,7.389056098930232,-1.0,-1.0,0.10688563681584629,0.10688563681584629,445.2597425653152,444.1045759472798,445.3837378517773,136.93585516939513,140.33526307411742,137.04884736737756,22.506191346762474,1.6814551566404928e-10,0.3850505216112904,0.23842646405108667,3.79135394147662
