target_id,prot_ps,prot_acf,prot_cs,e_prot_ps,E_prot_ps,e_prot_acf,E_prot_acf,e_prot_cs,E_prot_cs,sph_ps,sph_acf,sph_cs,e_sph_ps,e_sph_acf,e_sph_cs,h_ps,fa_prob_ps,hacf,gacf,hcs
8164149,20.01350885310141,19.350704807788134,0.20638027302737968,1.120062803451123,1.120062803451123,-1.0,-1.0,0.011169144400567193,0.011169144400567193,865.760180992149,868.9202700178442,472.19699138543206,217.1693971174411,226.80233198591912,122.08003780558981,27.95790236147735,7.211693800155655e-13,0.24443233102117284,0.04122617785347599,2.77067986705307
