target_id,prot_ps,prot_acf,prot_cs,e_prot_ps,E_prot_ps,e_prot_acf,E_prot_acf,e_prot_cs,E_prot_cs,sph_ps,sph_acf,sph_cs,e_sph_ps,e_sph_acf,e_sph_cs,h_ps,fa_prob_ps,hacf,gacf,hcs
8162193,0.10351339910647135,59.64599392656237,3.187857504409622,0.17392438696441695,0.17392438696441695,-1.0,-1.0,0.1984457279644836,0.1984457279644836,483.35289370335937,998.6586170040898,699.002905323989,109.2048659680839,185.5626759659159,319.7508371130821,11.258785965731311,1.2893516552975822e-05,0.21285855299504886,0.12836714473596,0.5484287143142574
