target_id,prot_ps,prot_acf,prot_cs,e_prot_ps,E_prot_ps,e_prot_acf,E_prot_acf,e_prot_cs,E_prot_cs,sph_ps,sph_acf,sph_cs,e_sph_ps,e_sph_acf,e_sph_cs,h_ps,fa_prob_ps,hacf,gacf,hcs
8158905,14.047954800346258,58.64473688416183,1.1185689091213922,0.4014922878728942,0.4014922878728942,-1.0,-1.0,0.009742956453723424,0.009742956453723424,701.5163483565451,725.1490527931969,519.1054856240738,176.93619666864046,106.80641956524795,108.27369853305181,56.568001377329146,2.7091256583054444e-25,0.10861330070712033,0.030981165744608446,0.11492340951913431
