target_id,prot_ps,prot_acf,prot_cs,e_prot_ps,E_prot_ps,e_prot_acf,E_prot_acf,e_prot_cs,E_prot_cs,sph_ps,sph_acf,sph_cs,e_sph_ps,e_sph_acf,e_sph_cs,h_ps,fa_prob_ps,hacf,gacf,hcs
8198066,3.142547795734612,-1.0,3.163349078316954,0.8858532126963692,0.8858532126963692,-1.0,-1.0,0.05003226397531228,0.05003226397531228,484.27109674002384,-1.0,474.04285873288376,646.4215317253585,-1.0,642.1282354555149,17.980511413373343,1.5529701615852227e-08,-1.0,-1.0,0.4166387553140227
