target_id,prot_ps,prot_acf,prot_cs,e_prot_ps,E_prot_ps,e_prot_acf,E_prot_acf,e_prot_cs,E_prot_cs,sph_ps,sph_acf,sph_cs,e_sph_ps,e_sph_acf,e_sph_cs,h_ps,fa_prob_ps,hacf,gacf,hcs
8278371,0.6835017684154728,-1.0,3.1153235619887716,0.5129069319196617,0.5129069319196617,-1.0,-1.0,0.7862195970403806,0.7862195970403806,182.68885845924726,-1.0,271.4197185522587,32.6647265679249,-1.0,108.33377861054574,207.11933091080513,1.1199986261550558e-90,-1.0,-1.0,0.015741847272215562
