target_id,prot_ps,prot_acf,prot_cs,e_prot_ps,E_prot_ps,e_prot_acf,E_prot_acf,e_prot_cs,E_prot_cs,sph_ps,sph_acf,sph_cs,e_sph_ps,e_sph_acf,e_sph_cs,h_ps,fa_prob_ps,hacf,gacf,hcs
8230865,0.1720321741419197,-1.0,3.095168178076856,0.3685109897041502,0.3685109897041502,-1.0,-1.0,1.338250098412082,1.338250098412082,148.39818854924272,-1.0,238.82491153211637,155.84294441001086,-1.0,249.92513214162153,15.819301876809455,1.3482315546015268e-07,-1.0,-1.0,0.21411554677810507
