target_id,prot_ps,prot_acf,prot_cs,e_prot_ps,E_prot_ps,e_prot_acf,E_prot_acf,e_prot_cs,E_prot_cs,sph_ps,sph_acf,sph_cs,e_sph_ps,e_sph_acf,e_sph_cs,h_ps,fa_prob_ps,hacf,gacf,hcs
8250986,0.10194892041843161,-1.0,0.5297322111181847,0.12206035319412147,0.12206035319412147,-1.0,-1.0,0.01061717961926693,0.01061717961926693,373.8936606383739,-1.0,387.0850411779739,65.45254963197846,-1.0,40.806695176309425,11.894650157352475,6.826829751596027e-06,-1.0,-1.0,0.15500372414353522
