target_id,prot_ps,prot_acf,prot_cs,e_prot_ps,E_prot_ps,e_prot_acf,E_prot_acf,e_prot_cs,E_prot_cs,sph_ps,sph_acf,sph_cs,e_sph_ps,e_sph_acf,e_sph_cs,h_ps,fa_prob_ps,hacf,gacf,hcs
8212656,2.893046540344047,-1.0,3.1355479338672017,1.4305277512446073,1.4305277512446073,-1.0,-1.0,0.14002231069949728,0.14002231069949728,561.5145025820918,-1.0,568.5348061206965,118.40494444966963,-1.0,123.8103298525388,13.586961598792515,1.256775054291423e-06,-1.0,-1.0,0.3847675794630955
