target_id,prot_ps,prot_acf,prot_cs,e_prot_ps,E_prot_ps,e_prot_acf,E_prot_acf,e_prot_cs,E_prot_cs,sph_ps,sph_acf,sph_cs,e_sph_ps,e_sph_acf,e_sph_cs,h_ps,fa_prob_ps,hacf,gacf,hcs
8282874,45.638593698275166,48.05997519940138,2.063391282322382,2.146134035692377,2.146134035692377,-1.0,-1.0,1.7663317968871208,1.7663317968871208,356.69074150700266,359.71569230947233,292.828896628434,49.33982412200097,48.496838985797574,35.12535912910164,14.916737537074695,3.324629082944738e-07,0.1336696526748177,0.061264708547403804,0.3132602317489953
