target_id,prot_ps,prot_acf,prot_cs,e_prot_ps,E_prot_ps,e_prot_acf,E_prot_acf,e_prot_cs,E_prot_cs,sph_ps,sph_acf,sph_cs,e_sph_ps,e_sph_acf,e_sph_cs,h_ps,fa_prob_ps,hacf,gacf,hcs
8280711,0.11114078791487048,-1.0,0.12266337492566555,0.13306663109012462,0.13306663109012462,-1.0,-1.0,0.01110830442990523,0.01110830442990523,397.7323353884174,-1.0,399.04701041925966,391.0571293956386,-1.0,391.36510281728096,13.092340693788227,2.0609558173073717e-06,-1.0,-1.0,0.1725575997959392
