target_id,prot_ps,prot_acf,prot_cs,e_prot_ps,E_prot_ps,e_prot_acf,E_prot_acf,e_prot_cs,E_prot_cs,sph_ps,sph_acf,sph_cs,e_sph_ps,e_sph_acf,e_sph_cs,h_ps,fa_prob_ps,hacf,gacf,hcs
8222748,13.504174590907505,38.946805611252785,0.5664246860146523,3.092083720065165,3.092083720065165,-1.0,-1.0,0.18349597948259647,0.18349597948259647,233.19377294090992,236.7791606848465,102.9923629188124,71.43755431697687,58.15066650017717,14.621375255049529,14.761962655323432,3.881155799073069e-07,0.29332437121439103,0.21565729390950544,1.5327568839191428
