target_id,prot_ps,prot_acf,prot_cs,e_prot_ps,E_prot_ps,e_prot_acf,E_prot_acf,e_prot_cs,E_prot_cs,sph_ps,sph_acf,sph_cs,e_sph_ps,e_sph_acf,e_sph_cs,h_ps,fa_prob_ps,hacf,gacf,hcs
8265761,0.46350562671578327,-1.0,2.9512445626081534,0.41935698659973947,0.41935698659973947,-1.0,-1.0,0.3194247585376062,0.3194247585376062,372.0840285158994,-1.0,510.24011484215686,60.065896510027095,-1.0,202.263453897271,13.31643858466761,1.647191923082035e-06,-1.0,-1.0,0.21798941582868742
