target_id,prot_ps,prot_acf,prot_cs,e_prot_ps,E_prot_ps,e_prot_acf,E_prot_acf,e_prot_cs,E_prot_cs,sph_ps,sph_acf,sph_cs,e_sph_ps,e_sph_acf,e_sph_cs,h_ps,fa_prob_ps,hacf,gacf,hcs
8264218,6.1705287761077106,-1.0,6.232759524565189,0.39148364782303335,0.39148364782303335,-1.0,-1.0,0.23488161868096746,0.23488161868096746,1553.4030231256763,-1.0,1532.4119786500985,1217.0331446010873,-1.0,1222.803859522658,15.357593068117737,2.139351151531987e-07,-1.0,-1.0,0.22409461361608274
