target_id,prot_ps,prot_acf,prot_cs,e_prot_ps,E_prot_ps,e_prot_acf,E_prot_acf,e_prot_cs,E_prot_cs,sph_ps,sph_acf,sph_cs,e_sph_ps,e_sph_acf,e_sph_cs,h_ps,fa_prob_ps,hacf,gacf,hcs
8256543,30.43687701074312,30.548445116728544,30.507890962991617,1.1157989536483355,1.1157989536483355,-1.0,-1.0,0.4578005113927047,0.4578005113927047,799.3491653402423,795.4910055278767,795.769022986189,230.8474232526644,235.33521200374776,235.41798113503782,84.82845608708237,1.4436755887461545e-37,0.48112634057353276,0.4135559718757931,0.09009659023418257
