target_id,prot_ps,prot_acf,prot_cs,e_prot_ps,E_prot_ps,e_prot_acf,E_prot_acf,e_prot_cs,E_prot_cs,sph_ps,sph_acf,sph_cs,e_sph_ps,e_sph_acf,e_sph_cs,h_ps,fa_prob_ps,hacf,gacf,hcs
8230809,0.1871010536799623,4.025455630850047,3.9841264950116746,0.13377867145882488,0.13377867145882488,-1.0,-1.0,0.030524536225055403,0.030524536225055403,1998.253358626509,4408.4002642256755,4376.938361161705,1754.7659680405127,2615.5519066416455,2650.007343480884,3074.925939921307,0.0,1.0273535597139118,0.8083098743803738,0.055325112155352366
