target_id,prot_ps,prot_acf,prot_cs,e_prot_ps,E_prot_ps,e_prot_acf,E_prot_acf,e_prot_cs,E_prot_cs,sph_ps,sph_acf,sph_cs,e_sph_ps,e_sph_acf,e_sph_cs,h_ps,fa_prob_ps,hacf,gacf,hcs
8283832,23.95057280929042,23.1104764547199,23.954291969582414,1.130651388503346,1.130651388503346,-1.0,-1.0,0.23095228476661303,0.23095228476661303,769.8415473113191,764.4871292231362,769.8216756976343,202.25574062808167,199.95292094321863,202.10923267626367,60.69078794606068,4.3885969067355295e-27,0.6304759025025521,0.3413017703030316,0.8695001200704949
