target_id,prot_ps,prot_acf,prot_cs,e_prot_ps,E_prot_ps,e_prot_acf,E_prot_acf,e_prot_cs,E_prot_cs,sph_ps,sph_acf,sph_cs,e_sph_ps,e_sph_acf,e_sph_cs,h_ps,fa_prob_ps,hacf,gacf,hcs
8250792,1.3884577011479864,2.26814237376675,1.3664122176394673,0.06526277912813598,0.06526277912813598,-1.0,-1.0,0.011568917549329915,0.011568917549329915,344.642503599267,354.5289842154529,345.2786937983172,54.570322904294336,48.064994059341565,52.556601556787996,48.21590780324489,1.1484108873031167e-21,0.03359450558209316,0.21873864148236905,3.1423991885335463
