target_id,prot_ps,prot_acf,prot_cs,e_prot_ps,E_prot_ps,e_prot_acf,E_prot_acf,e_prot_cs,E_prot_cs,sph_ps,sph_acf,sph_cs,e_sph_ps,e_sph_acf,e_sph_cs,h_ps,fa_prob_ps,hacf,gacf,hcs
8284909,0.7163601334839292,-1.0,0.5932205796519421,0.6636693519548578,0.6636693519548578,-1.0,-1.0,0.24853204294928757,0.24853204294928757,537.4373397352007,-1.0,537.2819523332544,66.30451046873974,-1.0,70.29840539711782,11.142793635787552,1.4479254809149029e-05,-1.0,-1.0,0.07442472779477612
