target_id,prot_ps,prot_acf,prot_cs,e_prot_ps,E_prot_ps,e_prot_acf,E_prot_acf,e_prot_cs,E_prot_cs,sph_ps,sph_acf,sph_cs,e_sph_ps,e_sph_acf,e_sph_cs,h_ps,fa_prob_ps,hacf,gacf,hcs
8283255,12.929106399189628,27.340280869044363,13.06387277130503,3.2025794531214067,3.2025794531214067,-1.0,-1.0,0.7722473491393266,0.7722473491393266,905.8607125449658,946.7489111279884,933.1292637402158,313.08571100277345,200.97615883149558,298.1743231113701,18.29926418154356,1.1290951530149666e-08,0.3493327361950081,0.1486466189104327,1.475503349567725
