target_id,prot_ps,prot_acf,prot_cs,e_prot_ps,E_prot_ps,e_prot_acf,E_prot_acf,e_prot_cs,E_prot_cs,sph_ps,sph_acf,sph_cs,e_sph_ps,e_sph_acf,e_sph_cs,h_ps,fa_prob_ps,hacf,gacf,hcs
8293129,52.570464602844815,55.150617107283324,52.95423847531359,7.389056098852086,7.389056098852086,-1.0,-1.0,1.4083495571685085,1.4083495571685085,172.89883888838042,177.34756387069703,172.51041388310583,26.351983881607957,27.060185323784218,26.374871312773156,27.714801023550944,9.196336381768822e-13,0.21469504501777445,0.15300100927410187,0.1987905187895705
