target_id,prot_ps,prot_acf,prot_cs,e_prot_ps,E_prot_ps,e_prot_acf,E_prot_acf,e_prot_cs,E_prot_cs,sph_ps,sph_acf,sph_cs,e_sph_ps,e_sph_acf,e_sph_cs,h_ps,fa_prob_ps,hacf,gacf,hcs
8219599,12.38123334317669,12.17846809886396,12.383756533262318,0.4204923726274056,0.4204923726274056,-1.0,-1.0,0.051569085143952725,0.051569085143952725,8154.736759732422,8208.996172619982,8153.157786033531,3167.511356422871,3254.6712881632857,3170.532445740425,242.12728206576514,7.00579589597291e-106,1.066823125305786,0.5880319161708775,0.9775102318179217
