target_id,prot_ps,prot_acf,prot_cs,e_prot_ps,E_prot_ps,e_prot_acf,E_prot_acf,e_prot_cs,E_prot_cs,sph_ps,sph_acf,sph_cs,e_sph_ps,e_sph_acf,e_sph_cs,h_ps,fa_prob_ps,hacf,gacf,hcs
8230787,0.771374707125645,55.989660331979394,0.4921512017309058,0.6432180803565865,0.6432180803565865,-1.0,-1.0,0.04448231240414686,0.04448231240414686,226.2163497382794,495.0181959157473,216.36602743216736,241.36150313647258,105.39914537058685,229.51481927841272,13.480612702955638,1.3977975999064185e-06,0.08615612950249366,0.0702168789045586,0.39406171550570596
