target_id,prot_ps,prot_acf,prot_cs,e_prot_ps,E_prot_ps,e_prot_acf,E_prot_acf,e_prot_cs,E_prot_cs,sph_ps,sph_acf,sph_cs,e_sph_ps,e_sph_acf,e_sph_cs,h_ps,fa_prob_ps,hacf,gacf,hcs
8373665,0.23993501931140415,-1.0,2.4367249485369324,0.10055957272660204,0.10055957272660204,-1.0,-1.0,0.009132403337181657,0.009132403337181657,472.51802782804805,-1.0,666.7882942231861,147.76099718711097,-1.0,292.9887416514286,27.26204662319915,1.4462507132959522e-12,-1.0,-1.0,0.20223784976056583
