target_id,prot_ps,prot_acf,prot_cs,e_prot_ps,E_prot_ps,e_prot_acf,E_prot_acf,e_prot_cs,E_prot_cs,sph_ps,sph_acf,sph_cs,e_sph_ps,e_sph_acf,e_sph_cs,h_ps,fa_prob_ps,hacf,gacf,hcs
8311996,3.253870151454184,44.70893904566765,0.5259634785354149,7.389056098930649,7.389056098930649,-1.0,-1.0,0.15898965094299805,0.15898965094299805,408.1832219031232,433.7092028686355,385.66705050317074,38.33598480682401,18.27848408059642,36.56137168523718,12.890023365370148,2.523097195237635e-06,0.036701484925799985,0.008791358318811525,0.47992069133206133
