target_id,prot_ps,prot_acf,prot_cs,e_prot_ps,E_prot_ps,e_prot_acf,E_prot_acf,e_prot_cs,E_prot_cs,sph_ps,sph_acf,sph_cs,e_sph_ps,e_sph_acf,e_sph_cs,h_ps,fa_prob_ps,hacf,gacf,hcs
8300910,0.5323757718964774,0.8377820700407028,1.0897346384162088,0.017669804289314833,0.017669804289314833,-1.0,-1.0,0.036569036360526316,0.036569036360526316,396.3243643164552,404.7221144451638,411.720826934774,85.11113894235056,83.06602970531695,77.74089948873741,147.1081199061616,1.2934667869855256e-64,0.01615455670617369,0.3500069438990658,1.2788402095305331
