target_id,prot_ps,prot_acf,prot_cs,e_prot_ps,E_prot_ps,e_prot_acf,E_prot_acf,e_prot_cs,E_prot_cs,sph_ps,sph_acf,sph_cs,e_sph_ps,e_sph_acf,e_sph_cs,h_ps,fa_prob_ps,hacf,gacf,hcs
8358462,2.8252412694521025,59.44168122857809,2.9718797242641446,1.9084525588609034,1.9084525588609034,-1.0,-1.0,0.20326286856948425,0.20326286856948425,578.2921153986399,908.5707850211362,580.0009571464454,175.47700897909212,132.86864302592647,164.80356520850512,15.466286984088594,1.919008539269948e-07,0.21083138072681992,0.05561326122054653,0.6949644405244021
