target_id,prot_ps,prot_acf,prot_cs,e_prot_ps,E_prot_ps,e_prot_acf,E_prot_acf,e_prot_cs,E_prot_cs,sph_ps,sph_acf,sph_cs,e_sph_ps,e_sph_acf,e_sph_cs,h_ps,fa_prob_ps,hacf,gacf,hcs
8396660,10.201706789695011,20.168197200167924,20.340270357825297,0.3101717780015794,0.3101717780015794,-1.0,-1.0,0.44076303595048444,0.44076303595048444,310.86003377191724,316.5909424510861,315.60189684328185,70.53267061436433,56.829011205566175,59.24898529344498,83.28762877564189,6.739728654501741e-37,0.570981450314615,0.33239507841732696,1.349930156049021
