target_id,prot_ps,prot_acf,prot_cs,e_prot_ps,E_prot_ps,e_prot_acf,E_prot_acf,e_prot_cs,E_prot_cs,sph_ps,sph_acf,sph_cs,e_sph_ps,e_sph_acf,e_sph_cs,h_ps,fa_prob_ps,hacf,gacf,hcs
8395942,4.831563361466422,9.767415971495211,9.861400125531583,0.15776326697743706,0.15776326697743706,-1.0,-1.0,0.22998435445354132,0.22998435445354132,1398.22203880122,1518.4253071696628,1554.8493262026816,1876.7224693755359,1846.9760207660195,1823.3453725926959,112.42785168820824,1.4900622066270352e-49,0.6235698828590039,0.498558217590915,0.3609132969685851
