target_id,prot_ps,prot_acf,prot_cs,e_prot_ps,E_prot_ps,e_prot_acf,E_prot_acf,e_prot_cs,E_prot_cs,sph_ps,sph_acf,sph_cs,e_sph_ps,e_sph_acf,e_sph_cs,h_ps,fa_prob_ps,hacf,gacf,hcs
8331471,12.588965655237544,24.888247950933874,12.636768357629416,0.43430468434519043,0.43430468434519043,-1.0,-1.0,0.09004164029333056,0.09004164029333056,1791.1705636990189,1826.4420044097496,1793.8024613108576,404.5097502772762,286.5438098505415,430.62208586123376,56.418107959935746,3.147219500938507e-25,0.2780133133275582,0.05535039647198341,0.710178635671794
