target_id,prot_ps,prot_acf,prot_cs,e_prot_ps,E_prot_ps,e_prot_acf,E_prot_acf,e_prot_cs,E_prot_cs,sph_ps,sph_acf,sph_cs,e_sph_ps,e_sph_acf,e_sph_cs,h_ps,fa_prob_ps,hacf,gacf,hcs
8380058,5.4517376371460395,10.89116095378995,10.853216567410428,0.195423883283675,0.195423883283675,-1.0,-1.0,0.09746260224759835,0.09746260224759835,3285.5446823700704,3396.546331579481,3411.3200859407407,1090.4645433116875,956.2433373744881,964.988073111178,221.18054524478723,8.760112747942864e-97,0.8657571494481411,0.5775483495167961,0.8096255895277013
