target_id,prot_ps,prot_acf,prot_cs,e_prot_ps,E_prot_ps,e_prot_acf,E_prot_acf,e_prot_cs,E_prot_cs,sph_ps,sph_acf,sph_cs,e_sph_ps,e_sph_acf,e_sph_cs,h_ps,fa_prob_ps,hacf,gacf,hcs
8373723,19.742804538883455,20.249802875332534,19.791635688635104,0.6027302307590502,0.6027302307590502,-1.0,-1.0,0.18289187129891657,0.18289187129891657,5482.539954088815,5653.9345780083695,5500.078203688337,2252.504635459116,2474.844301278323,2286.938078378824,204.4445242609498,1.6250669509543312e-89,1.0473452909340595,0.5092659385195638,1.4163475755036408
