target_id,prot_ps,prot_acf,prot_cs,e_prot_ps,E_prot_ps,e_prot_acf,E_prot_acf,e_prot_cs,E_prot_cs,sph_ps,sph_acf,sph_cs,e_sph_ps,e_sph_acf,e_sph_cs,h_ps,fa_prob_ps,hacf,gacf,hcs
8302085,11.14857302016367,-1.0,2.207089640460188,4.345092074703011,4.345092074703011,-1.0,-1.0,0.007784663023160093,0.007784663023160093,321.1535780990816,-1.0,231.53807615316774,63.34746754298934,-1.0,59.20157713932557,16.664158366217592,5.792259039389089e-08,-1.0,-1.0,0.22372697785768997
