target_id,prot_ps,prot_acf,prot_cs,e_prot_ps,E_prot_ps,e_prot_acf,E_prot_acf,e_prot_cs,E_prot_cs,sph_ps,sph_acf,sph_cs,e_sph_ps,e_sph_acf,e_sph_cs,h_ps,fa_prob_ps,hacf,gacf,hcs
8395033,2.8271809911254526,-1.0,3.1355515066534285,1.2960799486525667,1.2960799486525667,-1.0,-1.0,0.3246157916444669,0.3246157916444669,674.1513771000655,-1.0,689.5363661199405,171.32139124118908,-1.0,166.7797322754934,20.320054787408054,1.4966227198688347e-09,-1.0,-1.0,0.2188579979803963
