target_id,prot_ps,prot_acf,prot_cs,e_prot_ps,E_prot_ps,e_prot_acf,E_prot_acf,e_prot_cs,E_prot_cs,sph_ps,sph_acf,sph_cs,e_sph_ps,e_sph_acf,e_sph_cs,h_ps,fa_prob_ps,hacf,gacf,hcs
8374436,7.182718373109617,58.62442208034918,7.169392342901606,6.485573065282152,6.485573065282152,-1.0,-1.0,0.11038770704468204,0.11038770704468204,260.9749210603616,280.84443113838415,261.16019314371124,79.83708482662318,12.958968403234858,79.40084018754075,26.42622150341059,3.3360905003071203e-12,0.061999249814808095,0.025770590230814648,0.37932279561455146
