target_id,prot_ps,prot_acf,prot_cs,e_prot_ps,E_prot_ps,e_prot_acf,E_prot_acf,e_prot_cs,E_prot_cs,sph_ps,sph_acf,sph_cs,e_sph_ps,e_sph_acf,e_sph_cs,h_ps,fa_prob_ps,hacf,gacf,hcs
8330842,3.0879195281982312,54.170081119053066,2.951257946444675,0.8767332754720609,0.8767332754720609,-1.0,-1.0,0.17611042567457516,0.17611042567457516,752.3595833009948,1298.629433592062,758.4943067894362,534.2212957427927,335.7790678076153,552.057854197054,22.303182118068825,2.0599234293076027e-10,0.0853155972870428,0.04810543883991277,0.08416749097479388
