target_id,prot_ps,prot_acf,prot_cs,e_prot_ps,E_prot_ps,e_prot_acf,E_prot_acf,e_prot_cs,E_prot_cs,sph_ps,sph_acf,sph_cs,e_sph_ps,e_sph_acf,e_sph_cs,h_ps,fa_prob_ps,hacf,gacf,hcs
8321314,26.563041123378902,25.991714604198933,0.28893305385485235,7.389056098930649,7.389056098930649,-1.0,-1.0,0.008714768125868088,0.008714768125868088,1193.3200164506836,1188.7291314253232,429.8027123436783,205.9927861036423,235.68365059987593,87.17323816563665,19.820412608821552,2.4666309411630638e-09,0.31893968062935873,0.10946797543952212,3.0210572258574784
