target_id,prot_ps,prot_acf,prot_cs,e_prot_ps,E_prot_ps,e_prot_acf,E_prot_acf,e_prot_cs,E_prot_cs,sph_ps,sph_acf,sph_cs,e_sph_ps,e_sph_acf,e_sph_cs,h_ps,fa_prob_ps,hacf,gacf,hcs
8364211,0.35489282474563294,58.3977171164006,0.6397594551835208,0.3330171153590747,0.3330171153590747,-1.0,-1.0,0.2972683677799839,0.2972683677799839,605.3895053000992,1698.7757946227828,629.2305739768793,120.29403042586695,0.0,122.52043149445842,8.02857448447616,0.0003260126138756059,0.1428101322425645,0.012455420530366893,0.2519213391081191
