target_id,prot_ps,prot_acf,prot_cs,e_prot_ps,E_prot_ps,e_prot_acf,E_prot_acf,e_prot_cs,E_prot_cs,sph_ps,sph_acf,sph_cs,e_sph_ps,e_sph_acf,e_sph_cs,h_ps,fa_prob_ps,hacf,gacf,hcs
8311255,0.2924584362308168,0.3065055515617132,0.28607184812426567,0.006912702199582836,0.006912702199582836,-1.0,-1.0,0.028607184812426568,0.028607184812426568,137065.2816017629,137041.7940778352,137052.10824272482,16354.794837202626,16021.282531342758,16358.90449818671,6210352.115420999,0.0,1.0712421947634927,0.5930043479442972,2.283183121287103e-05
