target_id,prot_ps,prot_acf,prot_cs,e_prot_ps,E_prot_ps,e_prot_acf,E_prot_acf,e_prot_cs,E_prot_cs,sph_ps,sph_acf,sph_cs,e_sph_ps,e_sph_acf,e_sph_cs,h_ps,fa_prob_ps,hacf,gacf,hcs
8329464,3.752886448912702,3.6986340819858015,3.7532655453438393,0.12635241064428546,0.12635241064428546,-1.0,-1.0,0.07036035610336672,0.07036035610336672,1311.74144037014,1315.9971125688485,1311.74144037014,70.08510738100222,77.48583467339485,70.08510738100222,1031.0760940542934,0.0,1.0995076150281096,0.8502476595677523,0.9526948099427663
