target_id,prot_ps,prot_acf,prot_cs,e_prot_ps,E_prot_ps,e_prot_acf,E_prot_acf,e_prot_cs,E_prot_cs,sph_ps,sph_acf,sph_cs,e_sph_ps,e_sph_acf,e_sph_cs,h_ps,fa_prob_ps,hacf,gacf,hcs
8331322,10.742362454486582,10.686861724127084,10.722555570074384,0.3785789777322799,0.3785789777322799,-1.0,-1.0,0.08578912539524182,0.08578912539524182,1721.9273843420403,1734.2606078366828,1734.6313785443094,587.2130206051274,588.5803386322874,579.7151086630231,109.75508952197687,2.1575966533361587e-48,0.8909196587426573,0.5013334728954743,0.9675127574836921
