target_id,prot_ps,prot_acf,prot_cs,e_prot_ps,E_prot_ps,e_prot_acf,E_prot_acf,e_prot_cs,E_prot_cs,sph_ps,sph_acf,sph_cs,e_sph_ps,e_sph_acf,e_sph_cs,h_ps,fa_prob_ps,hacf,gacf,hcs
8358070,0.31561624553634343,-1.0,3.4710051852282384,0.9172887438641888,0.9172887438641888,-1.0,-1.0,0.05077054397799265,0.05077054397799265,323.0793539696163,-1.0,414.8590766861199,47.25295624471143,-1.0,155.1625485377695,11.26580597577087,1.2803320894948411e-05,-1.0,-1.0,0.4290360888194447
