target_id,prot_ps,prot_acf,prot_cs,e_prot_ps,E_prot_ps,e_prot_acf,E_prot_acf,e_prot_cs,E_prot_cs,sph_ps,sph_acf,sph_cs,e_sph_ps,e_sph_acf,e_sph_cs,h_ps,fa_prob_ps,hacf,gacf,hcs
8398332,9.739925887805477,-1.0,3.358077271766961,5.076285262544316,5.076285262544316,-1.0,-1.0,1.4894227208883726,1.4894227208883726,1085.3599320344663,-1.0,798.1282640309546,575.4640905204096,-1.0,318.3208341203818,12.201146328270372,5.024692357555216e-06,-1.0,-1.0,0.20604647842845536
