target_id,prot_ps,prot_acf,prot_cs,e_prot_ps,E_prot_ps,e_prot_acf,E_prot_acf,e_prot_cs,E_prot_cs,sph_ps,sph_acf,sph_cs,e_sph_ps,e_sph_acf,e_sph_cs,h_ps,fa_prob_ps,hacf,gacf,hcs
8328240,18.26231139591504,-1.0,3.135550935007632,7.389056098930616,7.389056098930616,-1.0,-1.0,0.3224942684560857,0.3224942684560857,760.6128320303553,-1.0,536.920542360846,139.3697134997942,-1.0,103.33577662019279,15.304972307828736,2.2549399505440511e-07,-1.0,-1.0,0.29909853314412405
