target_id,prot_ps,prot_acf,prot_cs,e_prot_ps,E_prot_ps,e_prot_acf,E_prot_acf,e_prot_cs,E_prot_cs,sph_ps,sph_acf,sph_cs,e_sph_ps,e_sph_acf,e_sph_cs,h_ps,fa_prob_ps,hacf,gacf,hcs
8360515,21.48486766489988,21.84369070082903,21.494718212608795,0.9041557480047989,0.9041557480047989,-1.0,-1.0,0.14633750192106076,0.14633750192106076,2505.6164419547636,2476.771158643788,2505.618779223674,348.15932477249856,393.4871883846896,348.0868429545578,52.15699865754111,2.2310191105412682e-23,0.6115388694655193,0.26735187605822325,0.9602925875493185
