target_id,prot_ps,prot_acf,prot_cs,e_prot_ps,E_prot_ps,e_prot_acf,E_prot_acf,e_prot_cs,E_prot_cs,sph_ps,sph_acf,sph_cs,e_sph_ps,e_sph_acf,e_sph_cs,h_ps,fa_prob_ps,hacf,gacf,hcs
8490775,12.487073463783224,12.403256573248655,12.495183473519592,0.3844413855184505,0.3844413855184505,-1.0,-1.0,0.07290041307921424,0.07290041307921424,4080.931568698452,4019.465516735611,4080.1626594614777,1188.93056203226,1200.9961526783777,1185.1708007500974,204.24169444274494,1.9904860073654215e-89,1.0807789846898455,0.640692322053302,0.981914351393743
