target_id,prot_ps,prot_acf,prot_cs,e_prot_ps,E_prot_ps,e_prot_acf,E_prot_acf,e_prot_cs,E_prot_cs,sph_ps,sph_acf,sph_cs,e_sph_ps,e_sph_acf,e_sph_cs,h_ps,fa_prob_ps,hacf,gacf,hcs
8478250,53.44687984951323,52.963251650333405,6.8923906505229695,7.389056098921846,7.389056098921846,-1.0,-1.0,0.27431486125674126,0.27431486125674126,320.18886696019547,319.84660402639787,272.579148937838,58.10061088257035,59.150035035465336,130.52458311065615,33.89200842471808,1.909359738072974e-15,0.14836509173590112,0.08423378159483977,0.15128466318248865
