target_id,prot_ps,prot_acf,prot_cs,e_prot_ps,E_prot_ps,e_prot_acf,E_prot_acf,e_prot_cs,E_prot_cs,sph_ps,sph_acf,sph_cs,e_sph_ps,e_sph_acf,e_sph_cs,h_ps,fa_prob_ps,hacf,gacf,hcs
8440019,7.055320085343934,14.078871719539165,14.07014518148191,0.2215697535833846,0.2215697535833846,-1.0,-1.0,0.472037170357914,0.472037170357914,3650.466953165967,3739.8605992893977,3742.5446552225203,1136.2248727253152,955.7517085597794,961.7812446060476,63.80723429385145,1.9447789300771345e-28,0.6774802312907351,0.3963007516311242,0.7261600368663073
