target_id,prot_ps,prot_acf,prot_cs,e_prot_ps,E_prot_ps,e_prot_acf,E_prot_acf,e_prot_cs,E_prot_cs,sph_ps,sph_acf,sph_cs,e_sph_ps,e_sph_acf,e_sph_cs,h_ps,fa_prob_ps,hacf,gacf,hcs
8458982,13.501101163357054,-1.0,6.55015109707298,0.7214352594724631,0.7214352594724631,-1.0,-1.0,0.08522885876809135,0.08522885876809135,292.27937262381994,-1.0,257.1377677253637,83.15134559393329,-1.0,94.94201746515276,37.63832489127035,4.5069546864888485e-17,-1.0,-1.0,0.22018926920673965
