target_id,prot_ps,prot_acf,prot_cs,e_prot_ps,E_prot_ps,e_prot_acf,E_prot_acf,e_prot_cs,E_prot_cs,sph_ps,sph_acf,sph_cs,e_sph_ps,e_sph_acf,e_sph_cs,h_ps,fa_prob_ps,hacf,gacf,hcs
8435563,14.912249247779208,29.853635959792882,0.9906257846206425,0.893340029201828,0.893340029201828,-1.0,-1.0,0.6455712260286148,0.6455712260286148,1044.120198349534,1053.9727150540045,641.4434133736169,343.38962405120174,324.35180859288846,190.76655667631923,26.96781695123699,1.941001670240311e-12,0.36993068182217137,0.17339327752178169,1.3948668200953689
