target_id,prot_ps,prot_acf,prot_cs,e_prot_ps,E_prot_ps,e_prot_acf,E_prot_acf,e_prot_cs,E_prot_cs,sph_ps,sph_acf,sph_cs,e_sph_ps,e_sph_acf,e_sph_cs,h_ps,fa_prob_ps,hacf,gacf,hcs
8424372,52.69236517893727,56.62170448154211,3.013149239569902,7.389056098930647,7.389056098930647,-1.0,-1.0,0.12605219561920217,0.12605219561920217,1473.3800004930642,1456.243010538521,993.1689499997104,356.45498193894974,322.57402107037535,221.34503750651245,24.71653026826076,1.8439421537778765e-11,0.20566711469893958,0.07789779748591345,0.29713899738613486
