target_id,prot_ps,prot_acf,prot_cs,e_prot_ps,E_prot_ps,e_prot_acf,E_prot_acf,e_prot_cs,E_prot_cs,sph_ps,sph_acf,sph_cs,e_sph_ps,e_sph_acf,e_sph_cs,h_ps,fa_prob_ps,hacf,gacf,hcs
8474978,0.3206891317325849,56.51963401213288,2.909964237045496,0.17867152098775543,0.17867152098775543,-1.0,-1.0,0.20047343338447998,0.20047343338447998,140.13844287604152,288.95434562826614,180.08934561192615,22.415368675770317,36.9435280304004,60.12226542181154,161.0591527388006,1.1295324327667429e-70,0.28272345733327026,0.1314933936675368,0.019966252955014814
