target_id,prot_ps,prot_acf,prot_cs,e_prot_ps,E_prot_ps,e_prot_acf,E_prot_acf,e_prot_cs,E_prot_cs,sph_ps,sph_acf,sph_cs,e_sph_ps,e_sph_acf,e_sph_cs,h_ps,fa_prob_ps,hacf,gacf,hcs
8489820,54.089735427392334,56.39702405780554,28.64325813924828,7.389056098930645,7.389056098930645,-1.0,-1.0,0.25535685940420727,0.25535685940420727,1140.9125142381265,1132.918240935342,1112.417765297278,104.49620369043433,96.81644144115488,172.02755020586832,14.662583347553284,4.286678983407971e-07,0.20086412870060827,0.10198222332787461,0.6952951202862742
