target_id,prot_ps,prot_acf,prot_cs,e_prot_ps,E_prot_ps,e_prot_acf,E_prot_acf,e_prot_cs,E_prot_cs,sph_ps,sph_acf,sph_cs,e_sph_ps,e_sph_acf,e_sph_cs,h_ps,fa_prob_ps,hacf,gacf,hcs
8432782,0.1114127246820443,-1.0,0.9574792320980556,0.11451166558410882,0.11451166558410882,-1.0,-1.0,0.008315501926761072,0.008315501926761072,430.04469640558926,-1.0,463.4452982851743,86.9760915391778,-1.0,73.07458032065202,13.88264728316294,9.350673453278501e-07,-1.0,-1.0,0.33575037499326454
