target_id,prot_ps,prot_acf,prot_cs,e_prot_ps,E_prot_ps,e_prot_acf,E_prot_acf,e_prot_cs,E_prot_cs,sph_ps,sph_acf,sph_cs,e_sph_ps,e_sph_acf,e_sph_cs,h_ps,fa_prob_ps,hacf,gacf,hcs
8409965,14.908010628087798,29.792294123210013,14.926867699120594,0.9387072299210681,0.9387072299210681,-1.0,-1.0,0.6873664012680599,0.6873664012680599,1924.7544971355844,1971.5868821378656,1921.6211155950054,734.6782035084254,647.8485233377539,737.5958946059525,36.75698729055213,1.0880359578178868e-16,0.7062128705909267,0.37089326253232585,0.9548272684394765
