target_id,prot_ps,prot_acf,prot_cs,e_prot_ps,E_prot_ps,e_prot_acf,E_prot_acf,e_prot_cs,E_prot_cs,sph_ps,sph_acf,sph_cs,e_sph_ps,e_sph_acf,e_sph_cs,h_ps,fa_prob_ps,hacf,gacf,hcs
8445389,16.933527764536482,16.95993520319462,16.86041362706541,0.8361279099472795,0.8361279099472795,-1.0,-1.0,0.19052808209900193,0.19052808209900193,3034.5500549441253,3032.961869932482,3036.475717810825,517.554816822039,531.2541930660661,524.5039615505182,47.77563014817066,1.7836410427725127e-21,0.7746297530316737,0.44590644718142586,0.9903947740339192
