target_id,prot_ps,prot_acf,prot_cs,e_prot_ps,E_prot_ps,e_prot_acf,E_prot_acf,e_prot_cs,E_prot_cs,sph_ps,sph_acf,sph_cs,e_sph_ps,e_sph_acf,e_sph_cs,h_ps,fa_prob_ps,hacf,gacf,hcs
8490107,45.93462375129255,54.72159497998655,2.786142447916768,7.389056098925372,7.389056098925372,-1.0,-1.0,0.30237057958349706,0.30237057958349706,820.0994191913311,781.0479105772536,483.3566904290235,93.37163715921619,128.12128404884288,169.13554131572053,31.296312714587913,2.559670623014489e-14,0.4402809546398252,0.17980767071359963,0.3943362778099538
