target_id,prot_ps,prot_acf,prot_cs,e_prot_ps,E_prot_ps,e_prot_acf,E_prot_acf,e_prot_cs,E_prot_cs,sph_ps,sph_acf,sph_cs,e_sph_ps,e_sph_acf,e_sph_cs,h_ps,fa_prob_ps,hacf,gacf,hcs
8544996,2.040404602628841,49.65379411820322,0.8091729411855341,7.389056098829977,7.389056098829977,-1.0,-1.0,1.1226244087269883,1.1226244087269883,645.0314211632071,846.3368220310853,511.1074118663717,213.40973608335102,86.96244083730879,117.35211586777379,68.61088016896068,1.5946792532297333e-30,0.09369964239837032,0.03383813956367248,0.0671652791225206
