target_id,prot_ps,prot_acf,prot_cs,e_prot_ps,E_prot_ps,e_prot_acf,E_prot_acf,e_prot_cs,E_prot_cs,sph_ps,sph_acf,sph_cs,e_sph_ps,e_sph_acf,e_sph_cs,h_ps,fa_prob_ps,hacf,gacf,hcs
8582254,45.65526154440047,55.98841631785035,0.4045878259465099,1.7935895343164163,1.7935895343164163,-1.0,-1.0,0.061929461579188494,0.061929461579188494,440.4713049349927,442.3320774639959,246.70173935995828,76.34868495048462,59.862309098040015,37.66926447755099,24.430361490390965,2.4548717818826293e-11,0.21713681364182813,0.07096321927198693,0.4469451123717749
