target_id,prot_ps,prot_acf,prot_cs,e_prot_ps,E_prot_ps,e_prot_acf,E_prot_acf,e_prot_cs,E_prot_cs,sph_ps,sph_acf,sph_cs,e_sph_ps,e_sph_acf,e_sph_cs,h_ps,fa_prob_ps,hacf,gacf,hcs
8522066,1.6092988528220495,-1.0,1.5911349038068199,0.34724619292420617,0.34724619292420617,-1.0,-1.0,0.008863629916885055,0.008863629916885055,296.69207209091655,-1.0,295.02704021058327,96.7041715068501,-1.0,79.68620320698055,42.005160904027896,5.719925969191831e-19,-1.0,-1.0,0.5284758564300072
