target_id,prot_ps,prot_acf,prot_cs,e_prot_ps,E_prot_ps,e_prot_acf,E_prot_acf,e_prot_cs,E_prot_cs,sph_ps,sph_acf,sph_cs,e_sph_ps,e_sph_acf,e_sph_cs,h_ps,fa_prob_ps,hacf,gacf,hcs
8500560,13.187025604590586,-1.0,6.559378431877449,0.7777401283035342,0.7777401283035342,-1.0,-1.0,0.016437501686296447,0.016437501686296447,879.8730108363303,-1.0,846.23566284578,77.19412070084967,-1.0,94.73024639851947,33.247246078230376,3.638350125541144e-15,-1.0,-1.0,0.09421795711246458
