target_id,prot_ps,prot_acf,prot_cs,e_prot_ps,E_prot_ps,e_prot_acf,E_prot_acf,e_prot_cs,E_prot_cs,sph_ps,sph_acf,sph_cs,e_sph_ps,e_sph_acf,e_sph_cs,h_ps,fa_prob_ps,hacf,gacf,hcs
8515297,0.1135854295298851,-1.0,2.9996733612532194,0.11072488764299818,0.11072488764299818,-1.0,-1.0,0.007845443684576668,0.007845443684576668,518.0271018759252,-1.0,572.0104852953291,95.35058336439047,-1.0,70.09004460210056,12.2966283354437,4.5671173200538645e-06,-1.0,-1.0,0.15076550549620577
