target_id,prot_ps,prot_acf,prot_cs,e_prot_ps,E_prot_ps,e_prot_acf,E_prot_acf,e_prot_cs,E_prot_cs,sph_ps,sph_acf,sph_cs,e_sph_ps,e_sph_acf,e_sph_cs,h_ps,fa_prob_ps,hacf,gacf,hcs
8544803,0.3663459972218871,-1.0,5.365300085814247,0.5465665525183114,0.5465665525183114,-1.0,-1.0,0.07256711352799718,0.07256711352799718,368.3742040172614,-1.0,434.34509909679593,41.766630467116634,-1.0,70.93100276886823,13.319537433282541,1.6420954253884897e-06,-1.0,-1.0,0.08676299684243301
