target_id,prot_ps,prot_acf,prot_cs,e_prot_ps,E_prot_ps,e_prot_acf,E_prot_acf,e_prot_cs,E_prot_cs,sph_ps,sph_acf,sph_cs,e_sph_ps,e_sph_acf,e_sph_cs,h_ps,fa_prob_ps,hacf,gacf,hcs
8552789,4.856311125250054,5.006258140783757,10.095681510756148,0.14548577867568172,0.14548577867568172,-1.0,-1.0,0.1605649691940038,0.1605649691940038,345.1045507605155,351.0469763426181,387.4282854925477,107.18255301192565,109.09369040011008,106.07479528958547,152.96998161097352,3.681129445490026e-67,0.10826131664504116,0.2864078210419494,3.2916240915660038
