target_id,prot_ps,prot_acf,prot_cs,e_prot_ps,E_prot_ps,e_prot_acf,E_prot_acf,e_prot_cs,E_prot_cs,sph_ps,sph_acf,sph_cs,e_sph_ps,e_sph_acf,e_sph_cs,h_ps,fa_prob_ps,hacf,gacf,hcs
8554366,3.7475907685497747,3.759801261126995,3.7575024936726744,0.08626957052406203,0.08626957052406203,-1.0,-1.0,0.01029436041778194,0.01029436041778194,20928.2064286569,20930.384829322516,20910.111665483517,8923.23524664854,8922.456263301132,8907.879224812255,8291.15001519714,0.0,1.5994804283289716,0.9283952339477272,0.5910751995520923
