target_id,prot_ps,prot_acf,prot_cs,e_prot_ps,E_prot_ps,e_prot_acf,E_prot_acf,e_prot_cs,E_prot_cs,sph_ps,sph_acf,sph_cs,e_sph_ps,e_sph_acf,e_sph_cs,h_ps,fa_prob_ps,hacf,gacf,hcs
8509203,10.331758049527176,10.380342163145542,10.344805352086302,0.3457791720991837,0.3457791720991837,-1.0,-1.0,0.06426832111579632,0.06426832111579632,1101.084532238302,1103.4206197693386,1100.9325534758036,567.392006916122,563.332074569379,568.1425093536302,208.2245262480837,3.708832786720109e-91,0.9132959596090026,0.5305108581886444,0.9455053901557025
