target_id,prot_ps,prot_acf,prot_cs,e_prot_ps,E_prot_ps,e_prot_acf,E_prot_acf,e_prot_cs,E_prot_cs,sph_ps,sph_acf,sph_cs,e_sph_ps,e_sph_acf,e_sph_cs,h_ps,fa_prob_ps,hacf,gacf,hcs
8556367,52.178069384424155,55.824871430173516,3.135551435197704,2.135654129839135,2.135654129839135,-1.0,-1.0,0.22940010009938688,0.22940010009938688,729.3441048716754,752.3542048173305,510.5990055179912,110.48268426298205,75.30593708564736,117.79676742925658,22.2664736378106,2.136945113554176e-10,0.30130313379535834,0.20221551924835965,1.4752485472747399
