target_id,prot_ps,prot_acf,prot_cs,e_prot_ps,E_prot_ps,e_prot_acf,E_prot_acf,e_prot_cs,E_prot_cs,sph_ps,sph_acf,sph_cs,e_sph_ps,e_sph_acf,e_sph_cs,h_ps,fa_prob_ps,hacf,gacf,hcs
8539618,53.889759965218644,-1.0,28.846728818155878,7.389056098930642,7.389056098930642,-1.0,-1.0,0.297253958203815,0.297253958203815,1282.5430157208398,-1.0,1279.540259073529,303.57185897227635,-1.0,341.67210117405017,17.06920711291612,3.8631141431074667e-08,-1.0,-1.0,0.26900157319895757
