target_id,prot_ps,prot_acf,prot_cs,e_prot_ps,E_prot_ps,e_prot_acf,E_prot_acf,e_prot_cs,E_prot_cs,sph_ps,sph_acf,sph_cs,e_sph_ps,e_sph_acf,e_sph_cs,h_ps,fa_prob_ps,hacf,gacf,hcs
8519253,0.24991454909543345,-1.0,6.096563979630823,0.15923377252101778,0.15923377252101778,-1.0,-1.0,0.04541965239176893,0.04541965239176893,365.47241605359596,-1.0,599.3046361974775,70.507850232707,-1.0,195.7300588382725,217.34576723327373,4.0544563160716765e-95,-1.0,-1.0,0.07047559303446417
