target_id,prot_ps,prot_acf,prot_cs,e_prot_ps,E_prot_ps,e_prot_acf,E_prot_acf,e_prot_cs,E_prot_cs,sph_ps,sph_acf,sph_cs,e_sph_ps,e_sph_acf,e_sph_cs,h_ps,fa_prob_ps,hacf,gacf,hcs
8543435,0.15542825691988366,53.59610908664763,0.4854912512004376,7.389056098920699,7.389056098920699,-1.0,-1.0,2.823820708277922,2.823820708277922,378.16498252806673,571.2017064754353,385.9238611888316,350.5281232563933,98.82692299240453,351.8273962765636,14.84528809432623,3.570863904712074e-07,0.049541099032573324,0.03637661998175674,0.39753253236011094
