target_id,prot_ps,prot_acf,prot_cs,e_prot_ps,E_prot_ps,e_prot_acf,E_prot_acf,e_prot_cs,E_prot_cs,sph_ps,sph_acf,sph_cs,e_sph_ps,e_sph_acf,e_sph_cs,h_ps,fa_prob_ps,hacf,gacf,hcs
8517693,13.782728193120354,40.15227849595249,0.7484875121153892,1.29589981249348,1.29589981249348,-1.0,-1.0,2.2134542253645546,2.2134542253645546,1604.3264499161985,1627.7334912257818,467.33824603026153,580.3724503441779,516.6737675483522,215.79166604561476,13.377085237386495,1.5502641264538338e-06,0.6490454016388152,0.3514039830126181,2.5909089155165157
