target_id,prot_ps,prot_acf,prot_cs,e_prot_ps,E_prot_ps,e_prot_acf,E_prot_acf,e_prot_cs,E_prot_cs,sph_ps,sph_acf,sph_cs,e_sph_ps,e_sph_acf,e_sph_cs,h_ps,fa_prob_ps,hacf,gacf,hcs
8591173,5.6563427575803855,11.259035508614033,11.315700033267362,0.14020908716478273,0.14020908716478273,-1.0,-1.0,0.051554386105449455,0.051554386105449455,4752.133401884965,4980.647374891917,4977.250683918551,1984.6897935037919,2081.141636351591,2085.483705836167,340.9588565894942,8.383976013745095e-149,0.9482382386995877,0.6306035718035806,0.8226019519096135
