target_id,prot_ps,prot_acf,prot_cs,e_prot_ps,E_prot_ps,e_prot_acf,E_prot_acf,e_prot_cs,E_prot_cs,sph_ps,sph_acf,sph_cs,e_sph_ps,e_sph_acf,e_sph_cs,h_ps,fa_prob_ps,hacf,gacf,hcs
8565924,0.4232987263982658,-1.0,1.6999693498712962,2.8085467061810703,2.8085467061810703,-1.0,-1.0,0.04360284321288126,0.04360284321288126,435.69021838621063,-1.0,704.5810121167581,149.6157054570444,-1.0,379.23288248153847,19.11011675145605,5.018590339928869e-09,-1.0,-1.0,0.48060654347445947
