target_id,prot_ps,prot_acf,prot_cs,e_prot_ps,E_prot_ps,e_prot_acf,E_prot_acf,e_prot_cs,E_prot_cs,sph_ps,sph_acf,sph_cs,e_sph_ps,e_sph_acf,e_sph_cs,h_ps,fa_prob_ps,hacf,gacf,hcs
8558407,0.100768106811898,-1.0,2.8846111479192964,0.11419493480418128,0.11419493480418128,-1.0,-1.0,0.010606615565075837,0.010606615565075837,390.12991677534404,-1.0,447.10071694738497,82.24287309013575,-1.0,74.31236947554589,16.16959421846696,9.498050105486977e-08,-1.0,-1.0,0.3478002830022625
