target_id,prot_ps,prot_acf,prot_cs,e_prot_ps,E_prot_ps,e_prot_acf,E_prot_acf,e_prot_cs,E_prot_cs,sph_ps,sph_acf,sph_cs,e_sph_ps,e_sph_acf,e_sph_cs,h_ps,fa_prob_ps,hacf,gacf,hcs
8542705,45.99907036695035,47.52880610991269,46.3453290626759,1.6478856521437975,1.6478856521437975,-1.0,-1.0,1.2882168888821484,1.2882168888821484,137.89748997819675,137.73015369479208,138.6406773910774,18.140760157380985,19.527322101919854,18.98110368330129,23.10014270653794,9.284007687010082e-11,0.3151974280219306,0.12624247925518328,0.14908164780758745
