target_id,prot_ps,prot_acf,prot_cs,e_prot_ps,E_prot_ps,e_prot_acf,E_prot_acf,e_prot_cs,E_prot_cs,sph_ps,sph_acf,sph_cs,e_sph_ps,e_sph_acf,e_sph_cs,h_ps,fa_prob_ps,hacf,gacf,hcs
8575213,4.904638448524281,-1.0,4.941536912243365,0.6898682446172271,0.6898682446172271,-1.0,-1.0,0.008658562898476581,0.008658562898476581,98.38798218628682,-1.0,101.35409954991378,21.448134951335327,-1.0,26.196166226521616,107.33131706547984,2.43557362865461e-47,-1.0,-1.0,0.31619743699512426
