target_id,prot_ps,prot_acf,prot_cs,e_prot_ps,E_prot_ps,e_prot_acf,E_prot_acf,e_prot_cs,E_prot_cs,sph_ps,sph_acf,sph_cs,e_sph_ps,e_sph_acf,e_sph_cs,h_ps,fa_prob_ps,hacf,gacf,hcs
8545663,0.5668407284575068,41.8073238870129,1.2795574886631218,0.2657887408017351,0.2657887408017351,-1.0,-1.0,0.47879406818980635,0.47879406818980635,159.389754948263,206.81093749926475,164.86706806437064,17.70677806517985,22.283476805708755,17.96154641085681,81.61536859424204,3.5883581338094783e-36,0.09003355484226488,0.009694737609848032,0.05212681422933592
