target_id,prot_ps,prot_acf,prot_cs,e_prot_ps,E_prot_ps,e_prot_acf,E_prot_acf,e_prot_cs,E_prot_cs,sph_ps,sph_acf,sph_cs,e_sph_ps,e_sph_acf,e_sph_cs,h_ps,fa_prob_ps,hacf,gacf,hcs
8686086,3.718757424885142,7.417453617788851,7.440543052809059,0.09503062953758355,0.09503062953758355,-1.0,-1.0,0.15071902701190773,0.15071902701190773,4672.485327559735,4806.862769487283,4815.1154570116105,1363.2589342327667,1302.3647861340858,1270.9356224428332,499.4251463982887,1.2659448766448135e-217,0.9916816674638503,0.7319763177082982,0.9862523635132583
