target_id,prot_ps,prot_acf,prot_cs,e_prot_ps,E_prot_ps,e_prot_acf,E_prot_acf,e_prot_cs,E_prot_cs,sph_ps,sph_acf,sph_cs,e_sph_ps,e_sph_acf,e_sph_cs,h_ps,fa_prob_ps,hacf,gacf,hcs
8631645,15.49876971327705,15.509208123665303,15.5553481496869,0.8846343317863827,0.8846343317863827,-1.0,-1.0,0.1424346370920073,0.1424346370920073,1921.1948295678458,1919.841587479432,1922.22401961078,500.6355197256153,507.0392720088599,504.858815676115,60.56086648728525,4.997466197831725e-27,0.6004974322677695,0.3501453962425768,0.9697244226207086
