target_id,prot_ps,prot_acf,prot_cs,e_prot_ps,E_prot_ps,e_prot_acf,E_prot_acf,e_prot_cs,E_prot_cs,sph_ps,sph_acf,sph_cs,e_sph_ps,e_sph_acf,e_sph_cs,h_ps,fa_prob_ps,hacf,gacf,hcs
8673011,0.14874624861160013,59.82979504019022,0.16183469150216892,7.389056098930534,7.389056098930534,-1.0,-1.0,0.011396728170377471,0.011396728170377471,553.4611699264898,677.5229344619056,554.4413206996594,91.48125612132482,78.62227657645057,90.80794326146386,12.493553859250595,3.7507532958930965e-06,0.07527613721722289,0.004152838445107256,0.10210267417873739
