target_id,prot_ps,prot_acf,prot_cs,e_prot_ps,E_prot_ps,e_prot_acf,E_prot_acf,e_prot_cs,E_prot_cs,sph_ps,sph_acf,sph_cs,e_sph_ps,e_sph_acf,e_sph_cs,h_ps,fa_prob_ps,hacf,gacf,hcs
8629865,5.856130583828021,16.95996960159391,1.5981195452297108,4.188282942986973,4.188282942986973,-1.0,-1.0,0.7811386451762338,0.7811386451762338,672.7732455339735,706.9412467699578,475.800038847929,241.48452150578896,169.58283164904648,207.4809202191967,19.409368602691483,3.7206457214439405e-09,0.22333598026588405,0.04066941183562693,1.7046431271251963
