target_id,prot_ps,prot_acf,prot_cs,e_prot_ps,E_prot_ps,e_prot_acf,E_prot_acf,e_prot_cs,E_prot_cs,sph_ps,sph_acf,sph_cs,e_sph_ps,e_sph_acf,e_sph_cs,h_ps,fa_prob_ps,hacf,gacf,hcs
8637762,0.2802133034231192,57.15332509810105,0.7282604599557818,0.27232058966164685,0.27232058966164685,-1.0,-1.0,0.24972442170604178,0.24972442170604178,74.8869329377626,132.73260442206086,78.05645811429059,13.197532708945037,33.81207858982792,16.33962031172145,12.375253083885125,4.221782676678495e-06,0.15956628876399656,0.052946060480646776,0.392642512064066
