target_id,prot_ps,prot_acf,prot_cs,e_prot_ps,E_prot_ps,e_prot_acf,E_prot_acf,e_prot_cs,E_prot_cs,sph_ps,sph_acf,sph_cs,e_sph_ps,e_sph_acf,e_sph_cs,h_ps,fa_prob_ps,hacf,gacf,hcs
8655337,3.680259766792337,-1.0,5.593238237682602,1.7850796578809593,1.7850796578809593,-1.0,-1.0,0.26462379460117574,0.26462379460117574,426.4834429993831,-1.0,460.4878601561998,143.70680677826346,-1.0,140.32938406825025,23.30524765997806,7.562398206406172e-11,-1.0,-1.0,0.21247573329766287
