target_id,prot_ps,prot_acf,prot_cs,e_prot_ps,E_prot_ps,e_prot_acf,E_prot_acf,e_prot_cs,E_prot_cs,sph_ps,sph_acf,sph_cs,e_sph_ps,e_sph_acf,e_sph_cs,h_ps,fa_prob_ps,hacf,gacf,hcs
8630445,54.10996287680703,56.683155339211226,2.9099668896384534,7.389056098930649,7.389056098930649,-1.0,-1.0,0.24358242548405104,0.24358242548405104,468.11281188608274,466.0326732576342,390.6102762960901,14.352273182338823,48.36130880300003,53.14005521315406,10.798812937314251,2.0423733278819803e-05,0.10511811605679455,0.030812629740338396,0.7548156687638178
