target_id,prot_ps,prot_acf,prot_cs,e_prot_ps,E_prot_ps,e_prot_acf,E_prot_acf,e_prot_cs,E_prot_cs,sph_ps,sph_acf,sph_cs,e_sph_ps,e_sph_acf,e_sph_cs,h_ps,fa_prob_ps,hacf,gacf,hcs
8621836,17.392688747406652,35.105056105181575,17.41130044439985,0.4683193162579416,0.4683193162579416,-1.0,-1.0,0.11103344801104516,0.11103344801104516,3047.216775806376,3060.5116826714293,3044.7308801938952,704.6818995012759,418.3937546934012,696.1198114458394,97.12030309499606,6.625036648777337e-43,0.7460224372626483,0.45035700032782233,0.9882032833405401
