target_id,prot_ps,prot_acf,prot_cs,e_prot_ps,E_prot_ps,e_prot_acf,E_prot_acf,e_prot_cs,E_prot_cs,sph_ps,sph_acf,sph_cs,e_sph_ps,e_sph_acf,e_sph_cs,h_ps,fa_prob_ps,hacf,gacf,hcs
8683693,0.10966725108514146,-1.0,2.9718764734268186,0.08982830564909346,0.08982830564909346,-1.0,-1.0,0.28591596534262176,0.28591596534262176,431.59454704629525,-1.0,570.7433440870288,90.19313037653806,-1.0,202.1054177645507,12.699753918320363,3.051876476528377e-06,-1.0,-1.0,0.30138711914517813
