target_id,prot_ps,prot_acf,prot_cs,e_prot_ps,E_prot_ps,e_prot_acf,E_prot_acf,e_prot_cs,E_prot_cs,sph_ps,sph_acf,sph_cs,e_sph_ps,e_sph_acf,e_sph_cs,h_ps,fa_prob_ps,hacf,gacf,hcs
8638473,14.246674902721473,-1.0,3.5765910963306546,5.714284808671703,5.714284808671703,-1.0,-1.0,0.009749210782620686,0.009749210782620686,733.7976287522015,-1.0,686.9755628613823,63.01165854889951,-1.0,67.32168288452038,17.135215043983866,3.6163517000003104e-08,-1.0,-1.0,0.08685933466121301
