target_id,prot_ps,prot_acf,prot_cs,e_prot_ps,E_prot_ps,e_prot_acf,E_prot_acf,e_prot_cs,E_prot_cs,sph_ps,sph_acf,sph_cs,e_sph_ps,e_sph_acf,e_sph_cs,h_ps,fa_prob_ps,hacf,gacf,hcs
8684104,2.9337056964522072,-1.0,1.6992639897018673,7.389056098930635,7.389056098930635,-1.0,-1.0,0.07677055550831134,0.07677055550831134,1086.3707839206238,-1.0,954.9576069040222,359.28947102623704,-1.0,298.24340310227507,12.96591035455255,2.3387116560533365e-06,-1.0,-1.0,0.3704732969342269
