target_id,prot_ps,prot_acf,prot_cs,e_prot_ps,E_prot_ps,e_prot_acf,E_prot_acf,e_prot_cs,E_prot_cs,sph_ps,sph_acf,sph_cs,e_sph_ps,e_sph_acf,e_sph_cs,h_ps,fa_prob_ps,hacf,gacf,hcs
8686690,0.3595835349862011,-1.0,2.439251463254434,0.415269709805923,0.415269709805923,-1.0,-1.0,0.018960184530656406,0.018960184530656406,431.9570960627168,-1.0,541.3353585352181,137.99382582692402,-1.0,269.95518450314063,12.216125989760714,4.949985108556057e-06,-1.0,-1.0,0.24869848469556158
