target_id,prot_ps,prot_acf,prot_cs,e_prot_ps,E_prot_ps,e_prot_acf,E_prot_acf,e_prot_cs,E_prot_cs,sph_ps,sph_acf,sph_cs,e_sph_ps,e_sph_acf,e_sph_cs,h_ps,fa_prob_ps,hacf,gacf,hcs
8686941,0.590297425905908,53.27060416247696,4.540363730303942,0.4472571610351937,0.4472571610351937,-1.0,-1.0,0.9047379091585475,0.9047379091585475,459.2432753222701,854.5105561904297,673.5718950622233,173.6052523574433,154.21713978889653,278.64764433153755,13.505636629180168,1.3632532363049093e-06,0.14771608524072893,0.047912630405945615,0.25272936074489094
