target_id,prot_ps,prot_acf,prot_cs,e_prot_ps,E_prot_ps,e_prot_acf,E_prot_acf,e_prot_cs,E_prot_cs,sph_ps,sph_acf,sph_cs,e_sph_ps,e_sph_acf,e_sph_cs,h_ps,fa_prob_ps,hacf,gacf,hcs
8625369,0.31659511908220134,-1.0,3.2366998046636586,0.4318461835770029,0.4318461835770029,-1.0,-1.0,0.22523687386723343,0.22523687386723343,484.836531337604,-1.0,587.3860215504214,82.35515749890637,-1.0,122.16790637988034,14.509493825245748,4.995821313507924e-07,-1.0,-1.0,0.3356689525798036
