target_id,prot_ps,prot_acf,prot_cs,e_prot_ps,E_prot_ps,e_prot_acf,E_prot_acf,e_prot_cs,E_prot_cs,sph_ps,sph_acf,sph_cs,e_sph_ps,e_sph_acf,e_sph_cs,h_ps,fa_prob_ps,hacf,gacf,hcs
8767249,37.57264867153798,-1.0,3.163396347685103,7.389056098867847,7.389056098867847,-1.0,-1.0,0.011499464849649643,0.011499464849649643,541.6916519157636,-1.0,341.320556397396,60.87390830545457,-1.0,99.79527307733916,16.232825924075712,8.916066017456033e-08,-1.0,-1.0,0.4548142879207345
