target_id,prot_ps,prot_acf,prot_cs,e_prot_ps,E_prot_ps,e_prot_acf,E_prot_acf,e_prot_cs,E_prot_cs,sph_ps,sph_acf,sph_cs,e_sph_ps,e_sph_acf,e_sph_cs,h_ps,fa_prob_ps,hacf,gacf,hcs
8758300,0.8440529612719042,59.93200711114332,2.922223929845481,0.5862623071359785,0.5862623071359785,-1.0,-1.0,0.00946106415267227,0.00946106415267227,225.2577934955784,431.6883000027809,304.96009647784615,51.782920146042265,63.63198798142626,120.30623371920099,18.44628369456069,9.747220255746273e-09,0.39566778059134766,0.1836004653082848,0.29781236550114054
