target_id,prot_ps,prot_acf,prot_cs,e_prot_ps,E_prot_ps,e_prot_acf,E_prot_acf,e_prot_cs,E_prot_cs,sph_ps,sph_acf,sph_cs,e_sph_ps,e_sph_acf,e_sph_cs,h_ps,fa_prob_ps,hacf,gacf,hcs
8701922,1.9010290253032909,3.8211028040386736,3.7520288015539984,0.05636686288053152,0.05636686288053152,-1.0,-1.0,0.027226232565287212,0.027226232565287212,2189.0931726659173,2282.342125430289,2279.6507323971823,725.8920963152553,626.5900560572345,624.5120875706914,621.3663449834468,1.3932374294280169e-270,1.0687106777883972,0.7602237474535791,0.26164925507993403
