target_id,prot_ps,prot_acf,prot_cs,e_prot_ps,E_prot_ps,e_prot_acf,E_prot_acf,e_prot_cs,E_prot_cs,sph_ps,sph_acf,sph_cs,e_sph_ps,e_sph_acf,e_sph_cs,h_ps,fa_prob_ps,hacf,gacf,hcs
8773994,11.87059777999495,11.402028864249587,11.870873990764753,0.874978456262169,0.874978456262169,-1.0,-1.0,0.27871751739712913,0.27871751739712913,2430.2070916060507,2443.1977766005175,2430.2070916060507,697.7376087708667,677.6688543943274,697.7376087708667,50.6576140418528,9.992582792271497e-23,0.7391157252814059,0.39909545296679116,0.9367531936723444
