target_id,prot_ps,prot_acf,prot_cs,e_prot_ps,E_prot_ps,e_prot_acf,E_prot_acf,e_prot_cs,E_prot_cs,sph_ps,sph_acf,sph_cs,e_sph_ps,e_sph_acf,e_sph_cs,h_ps,fa_prob_ps,hacf,gacf,hcs
8782887,45.65579352349755,57.62301743030548,3.135550363361836,7.389056098930649,7.389056098930649,-1.0,-1.0,0.15813486890874445,0.15813486890874445,1421.874428944634,1413.844965315154,1027.8802665251371,232.13183329042116,212.21699496293147,267.3286812131563,25.076700361481453,1.2862559853042352e-11,0.22873760958156725,0.11590244041822088,0.5502397504678482
