target_id,prot_ps,prot_acf,prot_cs,e_prot_ps,E_prot_ps,e_prot_acf,E_prot_acf,e_prot_cs,E_prot_cs,sph_ps,sph_acf,sph_cs,e_sph_ps,e_sph_acf,e_sph_cs,h_ps,fa_prob_ps,hacf,gacf,hcs
8740088,0.14272065150723987,56.49922991869971,1.6588092169258746,7.389056098906404,7.389056098906404,-1.0,-1.0,0.04398659015898512,0.04398659015898512,161.12945597508693,218.17404146950759,179.1756655766258,25.870871345856997,18.250563438050257,28.61237345674273,16.363898773795558,7.820761827095095e-08,0.11152894003736259,0.07461110595946163,0.22636803318308657
