target_id,prot_ps,prot_acf,prot_cs,e_prot_ps,E_prot_ps,e_prot_acf,E_prot_acf,e_prot_cs,E_prot_cs,sph_ps,sph_acf,sph_cs,e_sph_ps,e_sph_acf,e_sph_cs,h_ps,fa_prob_ps,hacf,gacf,hcs
8760132,0.7586583680442959,3.9437120431102812,1.816150913946322,0.1702424845675326,0.1702424845675326,-1.0,-1.0,0.24450563995871538,0.24450563995871538,280.4120757399345,317.0862956876583,297.2628590942963,67.31387766559,49.55281559910791,53.238272708315776,51.244302016111206,5.557537546016793e-23,0.13245007279776005,0.18465556874205818,0.42788554032112114
