target_id,prot_ps,prot_acf,prot_cs,e_prot_ps,E_prot_ps,e_prot_acf,E_prot_acf,e_prot_cs,E_prot_cs,sph_ps,sph_acf,sph_cs,e_sph_ps,e_sph_acf,e_sph_cs,h_ps,fa_prob_ps,hacf,gacf,hcs
8718946,2.0241493825463728,5.803211582824588,2.043935633520278,0.4337816568790784,0.4337816568790784,-1.0,-1.0,0.013765799967006852,0.013765799967006852,208.8517566702852,231.858052042009,210.5373052294451,50.751897601321964,43.617016704700035,54.19094180112659,55.170451160824534,1.0959165784023472e-24,0.10186014887759295,0.23481693029755926,0.6860335609646993
