target_id,prot_ps,prot_acf,prot_cs,e_prot_ps,E_prot_ps,e_prot_acf,E_prot_acf,e_prot_cs,E_prot_cs,sph_ps,sph_acf,sph_cs,e_sph_ps,e_sph_acf,e_sph_cs,h_ps,fa_prob_ps,hacf,gacf,hcs
8748615,11.413966021831447,22.84489814378321,11.268378828596322,0.6684669308943562,0.6684669308943562,-1.0,-1.0,0.28274527236175306,0.28274527236175306,2256.071788953571,2331.0925079049757,2261.3853743615505,848.2658851518358,801.6137200783851,858.4356019523366,26.874173022808492,2.131547183186522e-12,0.5043370219820299,0.21164529809114282,0.5497097044834943
