target_id,prot_ps,prot_acf,prot_cs,e_prot_ps,E_prot_ps,e_prot_acf,E_prot_acf,e_prot_cs,E_prot_cs,sph_ps,sph_acf,sph_cs,e_sph_ps,e_sph_acf,e_sph_cs,h_ps,fa_prob_ps,hacf,gacf,hcs
8707472,47.128008741938025,54.78283132519573,26.57139216031239,1.7545804404305014,1.7545804404305014,-1.0,-1.0,0.2339067637615344,0.2339067637615344,350.97348467267193,351.0440397603583,345.7954056895206,36.049687475707906,48.41188627820088,54.22512103785794,34.02876285077424,1.6653137500297917e-15,0.21180471691307906,0.12476311913525433,0.37266280678648284
