target_id,prot_ps,prot_acf,prot_cs,e_prot_ps,E_prot_ps,e_prot_acf,E_prot_acf,e_prot_cs,E_prot_cs,sph_ps,sph_acf,sph_cs,e_sph_ps,e_sph_acf,e_sph_cs,h_ps,fa_prob_ps,hacf,gacf,hcs
8740969,0.1792021094759638,-1.0,0.9822280402871421,0.3914674105260891,0.3914674105260891,-1.0,-1.0,0.011477864695021595,0.011477864695021595,527.9662425481984,-1.0,751.7035361495407,147.8450329102051,-1.0,292.1567864153566,12.83366414783582,2.669380465590574e-06,-1.0,-1.0,0.3188333388518171
