target_id,prot_ps,prot_acf,prot_cs,e_prot_ps,E_prot_ps,e_prot_acf,E_prot_acf,e_prot_cs,E_prot_cs,sph_ps,sph_acf,sph_cs,e_sph_ps,e_sph_acf,e_sph_cs,h_ps,fa_prob_ps,hacf,gacf,hcs
8758345,0.2184205171781648,-1.0,0.445046598399058,7.389056098930649,7.389056098930649,-1.0,-1.0,0.08593615369769113,0.08593615369769113,620.3394693678822,-1.0,630.3322781725594,91.01040460713563,-1.0,82.43851795353405,16.215606389337587,9.070926007991238e-08,-1.0,-1.0,0.1510468394848197
