target_id,prot_ps,prot_acf,prot_cs,e_prot_ps,E_prot_ps,e_prot_acf,E_prot_acf,e_prot_cs,E_prot_cs,sph_ps,sph_acf,sph_cs,e_sph_ps,e_sph_acf,e_sph_cs,h_ps,fa_prob_ps,hacf,gacf,hcs
8760921,0.10239616507635482,-1.0,2.476565985381603,0.12192605061573553,0.12192605061573553,-1.0,-1.0,0.4299695364488407,0.4299695364488407,157.23045218805782,-1.0,187.5018732255004,26.702150881919316,-1.0,29.377940818465984,11.504247964384216,1.0087152592320902e-05,-1.0,-1.0,0.22109497109587894
