target_id,prot_ps,prot_acf,prot_cs,e_prot_ps,E_prot_ps,e_prot_acf,E_prot_acf,e_prot_cs,E_prot_cs,sph_ps,sph_acf,sph_cs,e_sph_ps,e_sph_acf,e_sph_cs,h_ps,fa_prob_ps,hacf,gacf,hcs
8760104,10.876334492775333,10.748149562627077,10.9057193339117,0.4458056014757846,0.4458056014757846,-1.0,-1.0,0.1246019588190443,0.1246019588190443,3224.445507908538,3225.84961296671,3231.6345473744154,1233.9621519278828,1225.765492489012,1221.6450818124215,115.43289420333828,7.3812687365483e-51,0.7498085148902631,0.4689495360551068,0.9463833923228955
