target_id,prot_ps,prot_acf,prot_cs,e_prot_ps,E_prot_ps,e_prot_acf,E_prot_acf,e_prot_cs,E_prot_cs,sph_ps,sph_acf,sph_cs,e_sph_ps,e_sph_acf,e_sph_cs,h_ps,fa_prob_ps,hacf,gacf,hcs
8781470,14.021384347716719,56.13170697307214,6.86117400069923,0.5918573261145933,0.5918573261145933,-1.0,-1.0,0.12398393110156064,0.12398393110156064,213.90529112042208,228.1867977447342,188.5095048243306,64.85095044646464,27.713432857476008,55.09308282592538,40.408467771635266,2.8237446728805854e-18,0.24899991905741214,0.13545842280100096,0.13615453607988298
