target_id,prot_ps,prot_acf,prot_cs,e_prot_ps,E_prot_ps,e_prot_acf,E_prot_acf,e_prot_cs,E_prot_cs,sph_ps,sph_acf,sph_cs,e_sph_ps,e_sph_acf,e_sph_cs,h_ps,fa_prob_ps,hacf,gacf,hcs
8814123,5.270513820196046,10.462046146392822,10.174544214205815,0.261928333105626,0.261928333105626,-1.0,-1.0,0.3005538480193323,0.3005538480193323,1408.7330200401734,1500.724311373903,1481.997142623954,433.77151285331536,374.24698876496075,401.3600455367745,59.75431343251036,1.1195188394159142e-26,0.4756571610253022,0.3406741461167126,0.8237395275303829
