target_id,prot_ps,prot_acf,prot_cs,e_prot_ps,E_prot_ps,e_prot_acf,E_prot_acf,e_prot_cs,E_prot_cs,sph_ps,sph_acf,sph_cs,e_sph_ps,e_sph_acf,e_sph_cs,h_ps,fa_prob_ps,hacf,gacf,hcs
8890316,28.646805571049512,-1.0,1.7357755973411626,7.389056098930635,7.389056098930635,-1.0,-1.0,0.007824746355217136,0.007824746355217136,909.8332883057532,-1.0,658.501921418726,107.08491192877662,-1.0,90.54675392992972,13.497520493095571,1.3743626066867843e-06,-1.0,-1.0,0.22376364235667753
