target_id,prot_ps,prot_acf,prot_cs,e_prot_ps,E_prot_ps,e_prot_acf,E_prot_acf,e_prot_cs,E_prot_cs,sph_ps,sph_acf,sph_cs,e_sph_ps,e_sph_acf,e_sph_cs,h_ps,fa_prob_ps,hacf,gacf,hcs
8816888,5.2235104494668265,2.0025090519338846,5.178733613491059,1.9000957681145754,1.9000957681145754,-1.0,-1.0,0.16882086544397598,0.16882086544397598,402.4696168250445,353.3148674423116,397.7465224542116,112.82369260012803,101.47462375450374,117.396444915185,41.500721952053524,9.472518480133536e-19,0.07481171276374189,0.31721949315370124,1.63299283285168
