target_id,prot_ps,prot_acf,prot_cs,e_prot_ps,E_prot_ps,e_prot_acf,E_prot_acf,e_prot_cs,E_prot_cs,sph_ps,sph_acf,sph_cs,e_sph_ps,e_sph_acf,e_sph_cs,h_ps,fa_prob_ps,hacf,gacf,hcs
8867609,7.0273455549699,6.9474465027451515,7.12072399199009,0.22431877131046676,0.22431877131046676,-1.0,-1.0,0.17183712476554905,0.17183712476554905,9732.622780558582,9715.51964411055,9704.34833188152,4238.612932553798,4227.909869311282,4199.879380020797,385.90663475071057,2.5285875653706483e-168,1.2604343507707616,0.7081796136920749,0.8904371567472751
