target_id,prot_ps,prot_acf,prot_cs,e_prot_ps,E_prot_ps,e_prot_acf,E_prot_acf,e_prot_cs,E_prot_cs,sph_ps,sph_acf,sph_cs,e_sph_ps,e_sph_acf,e_sph_cs,h_ps,fa_prob_ps,hacf,gacf,hcs
8846848,0.5955401242532549,0.5517110237851739,0.5905531260887479,0.013099161401813114,0.013099161401813114,-1.0,-1.0,0.007681082512231903,0.007681082512231903,402.12992634764555,399.7019436930288,401.81723932786923,73.83110676886314,80.34077009502705,77.930868529572,28030.37630805737,0.0,0.007754177335893453,0.6547186127252873,0.0009107650786178437
