target_id,prot_ps,prot_acf,prot_cs,e_prot_ps,E_prot_ps,e_prot_acf,E_prot_acf,e_prot_cs,E_prot_cs,sph_ps,sph_acf,sph_cs,e_sph_ps,e_sph_acf,e_sph_cs,h_ps,fa_prob_ps,hacf,gacf,hcs
8819602,52.178210225837404,-1.0,2.2062709660276627,7.389056098930546,7.389056098930546,-1.0,-1.0,0.6345856470051231,0.6345856470051231,628.5872338057653,-1.0,468.01143101548075,62.48153548063323,-1.0,72.61721529201824,12.745232029324566,2.916191629758811e-06,-1.0,-1.0,0.21993859030815438
