target_id,prot_ps,prot_acf,prot_cs,e_prot_ps,E_prot_ps,e_prot_acf,E_prot_acf,e_prot_cs,E_prot_cs,sph_ps,sph_acf,sph_cs,e_sph_ps,e_sph_acf,e_sph_cs,h_ps,fa_prob_ps,hacf,gacf,hcs
8803050,0.27602027075982755,53.965348057914525,0.7016925605107098,0.319785275009628,0.319785275009628,-1.0,-1.0,0.3800236914356193,0.3800236914356193,192.1187803945673,270.6667525507998,198.4037917566646,21.04578093357292,27.276358712554106,20.216386453178036,14.169865311806445,7.016260186743623e-07,0.013640030817902455,0.010607334719430548,0.19523295729242768
