target_id,prot_ps,prot_acf,prot_cs,e_prot_ps,E_prot_ps,e_prot_acf,E_prot_acf,e_prot_cs,E_prot_cs,sph_ps,sph_acf,sph_cs,e_sph_ps,e_sph_acf,e_sph_cs,h_ps,fa_prob_ps,hacf,gacf,hcs
8831687,1.1925306570267888,2.390743302181363,2.3733746542595324,0.029311139118613883,0.029311139118613883,-1.0,-1.0,0.0612667766005898,0.0612667766005898,1458.2300262393508,1484.5092187237312,1485.9243739245492,561.861684446311,550.5592163653984,548.790500453335,6625.618788312551,0.0,1.488238747748945,0.9138553045364355,0.2992019438778009
