target_id,prot_ps,prot_acf,prot_cs,e_prot_ps,E_prot_ps,e_prot_acf,E_prot_acf,e_prot_cs,E_prot_cs,sph_ps,sph_acf,sph_cs,e_sph_ps,e_sph_acf,e_sph_cs,h_ps,fa_prob_ps,hacf,gacf,hcs
8803045,12.70421669349997,52.596249567344785,3.1355456472840166,0.5791487182418463,0.5791487182418463,-1.0,-1.0,0.12715508417335922,0.12715508417335922,1063.5602283214962,1097.8757201514968,701.4618139111055,333.8189735405492,220.81527435089887,316.3579606984834,60.03578766023503,8.448676911631183e-27,0.20295573958644064,0.06150977000691574,0.09461561939139111
