target_id,prot_ps,prot_acf,prot_cs,e_prot_ps,E_prot_ps,e_prot_acf,E_prot_acf,e_prot_cs,E_prot_cs,sph_ps,sph_acf,sph_cs,e_sph_ps,e_sph_acf,e_sph_cs,h_ps,fa_prob_ps,hacf,gacf,hcs
8894479,2.449492568510205,2.819849724881351,4.849937189859337,0.10540858036606336,0.10540858036606336,-1.0,-1.0,0.23907364125267838,0.23907364125267838,1099.3323476584212,1104.93157093528,1167.5596771173482,337.07208482632143,330.8038950166877,305.08166151281307,111.16453661848846,5.2705406014883255e-49,0.10790324182982984,0.20430505330111343,0.5100631299784656
