target_id,prot_ps,prot_acf,prot_cs,e_prot_ps,E_prot_ps,e_prot_acf,E_prot_acf,e_prot_cs,E_prot_cs,sph_ps,sph_acf,sph_cs,e_sph_ps,e_sph_acf,e_sph_cs,h_ps,fa_prob_ps,hacf,gacf,hcs
8890417,12.7042489631464,57.418738063424826,1.1970070020481942,3.8385291985071146,3.8385291985071146,-1.0,-1.0,0.8178683136766167,0.8178683136766167,484.7022491789805,507.6263722981151,278.4638246801311,126.43094731352522,50.081615929654774,106.95348830755702,12.149730028214648,5.289800485484601e-06,0.11231599868923937,0.0773842733220735,0.9489071652783216
