target_id,prot_ps,prot_acf,prot_cs,e_prot_ps,E_prot_ps,e_prot_acf,E_prot_acf,e_prot_cs,E_prot_cs,sph_ps,sph_acf,sph_cs,e_sph_ps,e_sph_acf,e_sph_cs,h_ps,fa_prob_ps,hacf,gacf,hcs
8914009,2.113978558403563,-1.0,1.1935353377088906,1.4618782613710155,1.4618782613710155,-1.0,-1.0,0.09757813912704758,0.09757813912704758,228.49741106350947,-1.0,208.75489085844927,61.007667028517524,-1.0,49.441232991499504,33.96820433548212,1.769278894662364e-15,-1.0,-1.0,0.15563440868746634
