target_id,prot_ps,prot_acf,prot_cs,e_prot_ps,E_prot_ps,e_prot_acf,E_prot_acf,e_prot_cs,E_prot_cs,sph_ps,sph_acf,sph_cs,e_sph_ps,e_sph_acf,e_sph_cs,h_ps,fa_prob_ps,hacf,gacf,hcs
8905077,2.4953752991962026,49.83784243511036,1.9399773516971617,1.1384757685853586,1.1384757685853586,-1.0,-1.0,0.7528817279897524,0.7528817279897524,275.37595394408584,395.1036695270343,260.82354874806225,62.343245758815314,40.480698748376184,56.6400227216369,19.88399913295268,2.3146690167577006e-09,0.21715484215248626,0.048682998268715964,0.1477785041216708
