target_id,prot_ps,prot_acf,prot_cs,e_prot_ps,E_prot_ps,e_prot_acf,E_prot_acf,e_prot_cs,E_prot_cs,sph_ps,sph_acf,sph_cs,e_sph_ps,e_sph_acf,e_sph_cs,h_ps,fa_prob_ps,hacf,gacf,hcs
8938937,19.216828700730645,11.585914601571858,0.5461931169321553,1.3952216637772197,1.3952216637772197,-1.0,-1.0,1.7157763473121381,1.7157763473121381,1035.6076460199447,1018.9776057750598,833.365802601916,228.33083507336,212.87013584798422,176.3301749647167,18.004979134660974,1.5154336100902508e-08,1.612720319312845e-05,0.011240269684695135,5.855394148341921
