target_id,prot_ps,prot_acf,prot_cs,e_prot_ps,E_prot_ps,e_prot_acf,E_prot_acf,e_prot_cs,E_prot_cs,sph_ps,sph_acf,sph_cs,e_sph_ps,e_sph_acf,e_sph_cs,h_ps,fa_prob_ps,hacf,gacf,hcs
8938922,6.623975733158381,13.384093136992306,13.383003436016418,0.1840736909524961,0.1840736909524961,-1.0,-1.0,0.0820817077258164,0.0820817077258164,1328.694567424722,1400.8069793398342,1400.6494064545295,480.3833819016993,435.35736876323983,435.77126011739057,111.05338847646348,5.890147738256449e-49,0.7465271402637776,0.4087066161138156,0.9713096337759505
