target_id,prot_ps,prot_acf,prot_cs,e_prot_ps,E_prot_ps,e_prot_acf,E_prot_acf,e_prot_cs,E_prot_cs,sph_ps,sph_acf,sph_cs,e_sph_ps,e_sph_acf,e_sph_cs,h_ps,fa_prob_ps,hacf,gacf,hcs
8936511,22.63698795279262,47.814937960356474,0.38435853976729745,7.389056098930601,7.389056098930601,-1.0,-1.0,0.044868753686573455,0.044868753686573455,487.89475134775876,503.45056268480397,171.28673379633588,122.26906999311775,82.35498483302317,41.86356179263261,15.653721427796281,1.5910182549306912e-07,0.15992572093228824,0.13242766627859934,1.1524676935553855
