target_id,prot_ps,prot_acf,prot_cs,e_prot_ps,E_prot_ps,e_prot_acf,E_prot_acf,e_prot_cs,E_prot_cs,sph_ps,sph_acf,sph_cs,e_sph_ps,e_sph_acf,e_sph_cs,h_ps,fa_prob_ps,hacf,gacf,hcs
9028438,52.17753440979049,56.56056974083185,3.0141797841293743,1.6518298028175342,1.6518298028175342,-1.0,-1.0,1.2406792133495161,1.2406792133495161,314.979115015554,315.95649875086735,188.15754854856274,42.86608240288715,50.187928270244264,84.37572261473808,19.744095268131126,2.6622471750931595e-09,0.31918153699997814,0.12814616576642637,1.6161804494345258
