target_id,prot_ps,prot_acf,prot_cs,e_prot_ps,E_prot_ps,e_prot_acf,E_prot_acf,e_prot_cs,E_prot_cs,sph_ps,sph_acf,sph_cs,e_sph_ps,e_sph_acf,e_sph_cs,h_ps,fa_prob_ps,hacf,gacf,hcs
9009486,16.054630078396706,16.101802341639996,16.131058539677817,0.4900009196397939,0.4900009196397939,-1.0,-1.0,0.16530154867006136,0.16530154867006136,7635.424369925261,7628.878639813683,7631.749886687687,2634.819280081128,2621.8806013648236,2610.857565587012,225.0933707809065,1.750617061769974e-98,1.204129100865674,0.6791142608348933,0.9867889447572208
