target_id,prot_ps,prot_acf,prot_cs,e_prot_ps,E_prot_ps,e_prot_acf,E_prot_acf,e_prot_cs,E_prot_cs,sph_ps,sph_acf,sph_cs,e_sph_ps,e_sph_acf,e_sph_cs,h_ps,fa_prob_ps,hacf,gacf,hcs
9021394,0.1153669003678763,20.045501444488764,0.1820646461474789,0.08821516387434564,0.08821516387434564,-1.0,-1.0,0.010454417450205724,0.010454417450205724,200.34744357299093,345.9227511656871,206.8002929232639,33.496913307156746,0.0,41.13259723623786,9.258423406299505,9.530546475441537e-05,0.07267106602901528,0.17762389577285245,1.9458562302362727
