target_id,prot_ps,prot_acf,prot_cs,e_prot_ps,E_prot_ps,e_prot_acf,E_prot_acf,e_prot_cs,E_prot_cs,sph_ps,sph_acf,sph_cs,e_sph_ps,e_sph_acf,e_sph_cs,h_ps,fa_prob_ps,hacf,gacf,hcs
9017696,54.516831477380286,57.48019901569933,5.489737030770629,2.492961920794219,2.492961920794219,-1.0,-1.0,0.19215250468400807,0.19215250468400807,214.10480119288573,212.11912181721658,182.85836509041292,31.529986116692275,31.14712765087268,47.48784555924551,19.575431578505963,3.1513604813597524e-09,0.17690896133361414,0.11474207328554388,0.25884439311508095
