target_id,prot_ps,prot_acf,prot_cs,e_prot_ps,E_prot_ps,e_prot_acf,E_prot_acf,e_prot_cs,E_prot_cs,sph_ps,sph_acf,sph_cs,e_sph_ps,e_sph_acf,e_sph_cs,h_ps,fa_prob_ps,hacf,gacf,hcs
9087548,28.646513142637524,59.13533719629049,28.671176951369876,7.389056098927829,7.389056098927829,-1.0,-1.0,0.26571635178116854,0.26571635178116854,294.92961544622057,297.26250350609155,294.9013040158353,48.20269140156892,44.6657267963368,48.13983753644941,22.999096417137928,1.0271156280749126e-10,0.24097988998730158,0.16067154217051272,0.9464305856685025
