target_id,prot_ps,prot_acf,prot_cs,e_prot_ps,E_prot_ps,e_prot_acf,E_prot_acf,e_prot_cs,E_prot_cs,sph_ps,sph_acf,sph_cs,e_sph_ps,e_sph_acf,e_sph_cs,h_ps,fa_prob_ps,hacf,gacf,hcs
9092504,0.23925805470663683,-1.0,2.0018855917872855,0.2915545708457109,0.2915545708457109,-1.0,-1.0,0.8987691397212024,0.8987691397212024,646.5889528450451,-1.0,799.2929443592269,102.3418729737248,-1.0,168.97345708420346,38.268920935840455,2.3989368140527567e-17,-1.0,-1.0,0.10155985315182207
