target_id,prot_ps,prot_acf,prot_cs,e_prot_ps,E_prot_ps,e_prot_acf,E_prot_acf,e_prot_cs,E_prot_cs,sph_ps,sph_acf,sph_cs,e_sph_ps,e_sph_acf,e_sph_cs,h_ps,fa_prob_ps,hacf,gacf,hcs
9092247,2.825782871274127,4.944960852153599,2.8335549453317355,7.389056098906448,7.389056098906448,-1.0,-1.0,0.013785686812861847,0.013785686812861847,367.2772189072435,384.9210630632155,366.7577766964609,58.19923917938806,49.44453916760469,58.44076439253155,45.54047989050484,1.667327373608969e-20,0.12590963050220255,0.1790072447459983,2.031344401381027
