target_id,prot_ps,prot_acf,prot_cs,e_prot_ps,E_prot_ps,e_prot_acf,E_prot_acf,e_prot_cs,E_prot_cs,sph_ps,sph_acf,sph_cs,e_sph_ps,e_sph_acf,e_sph_cs,h_ps,fa_prob_ps,hacf,gacf,hcs
9026586,1.4217189007073685,0.510842225048691,2.8617794695274408,0.10100731774881529,0.10100731774881529,-1.0,-1.0,0.07884483611000802,0.07884483611000802,398.0816379021198,374.130198815999,425.6250364411423,58.48048860410371,70.07047320102804,63.81010949753698,54.59804782644068,1.9425361350255882e-24,0.5006462767488445,0.37198285715627716,0.6666243765420593
