target_id,prot_ps,prot_acf,prot_cs,e_prot_ps,E_prot_ps,e_prot_acf,E_prot_acf,e_prot_cs,E_prot_cs,sph_ps,sph_acf,sph_cs,e_sph_ps,e_sph_acf,e_sph_cs,h_ps,fa_prob_ps,hacf,gacf,hcs
9094316,31.780147540447437,32.34659234713763,0.7976539251691062,1.0241763296936237,1.0241763296936237,-1.0,-1.0,0.010349148733271932,0.010349148733271932,1074.5385803723566,1083.5981096807932,613.2951338399614,220.47740709770218,226.19411021019806,125.2964609498773,14.651283902499054,4.3353907668242553e-07,0.19849240624703507,0.05505200249426943,0.8426421900790564
