target_id,prot_ps,prot_acf,prot_cs,e_prot_ps,E_prot_ps,e_prot_acf,E_prot_acf,e_prot_cs,E_prot_cs,sph_ps,sph_acf,sph_cs,e_sph_ps,e_sph_acf,e_sph_cs,h_ps,fa_prob_ps,hacf,gacf,hcs
9022284,1.891856463612978,0.44955048058182,1.901598532861099,0.04843435111664309,0.04843435111664309,-1.0,-1.0,0.0342615416003003,0.0342615416003003,278.1401244711037,243.86337368353745,281.69748699255445,288.615616860911,264.75135774730296,288.04462350263844,1609.4431944091475,0.0,0.28195390409503684,0.5572728310481103,0.10687786747991807
