target_id,prot_ps,prot_acf,prot_cs,e_prot_ps,E_prot_ps,e_prot_acf,E_prot_acf,e_prot_cs,E_prot_cs,sph_ps,sph_acf,sph_cs,e_sph_ps,e_sph_acf,e_sph_cs,h_ps,fa_prob_ps,hacf,gacf,hcs
9016493,0.3520365292045595,51.228482943959534,1.5481770249614153,3.157540697190853,3.157540697190853,-1.0,-1.0,0.008883125820145393,0.008883125820145393,68.93765907890194,249.55374789963602,120.70602140744157,76.16657095338353,118.57184669426475,149.49551352949143,20.37497675112907,1.4166417215808859e-09,0.14064964389403622,0.06522307506369483,0.26994289123460796
