target_id,prot_ps,prot_acf,prot_cs,e_prot_ps,E_prot_ps,e_prot_acf,E_prot_acf,e_prot_cs,E_prot_cs,sph_ps,sph_acf,sph_cs,e_sph_ps,e_sph_acf,e_sph_cs,h_ps,fa_prob_ps,hacf,gacf,hcs
9075103,37.7287052661584,41.25565664190799,1.135092484625056,7.389056098930649,7.389056098930649,-1.0,-1.0,0.08947308544738201,0.08947308544738201,188.47517856471882,191.75839196371564,124.5021649701122,40.421709034205215,33.89385914640165,17.441762098639487,15.714544855638445,1.497131277509698e-07,0.25130717324055835,0.16253364018105992,1.277921135777394
