target_id,prot_ps,prot_acf,prot_cs,e_prot_ps,E_prot_ps,e_prot_acf,E_prot_acf,e_prot_cs,E_prot_cs,sph_ps,sph_acf,sph_cs,e_sph_ps,e_sph_acf,e_sph_cs,h_ps,fa_prob_ps,hacf,gacf,hcs
9019145,28.64637943783341,-1.0,28.588025888874792,7.389056098930649,7.389056098930649,-1.0,-1.0,0.3437543774464388,0.3437543774464388,359.4107890810505,-1.0,359.25126884557534,75.946306328179,-1.0,76.49782453335172,15.389993205522645,2.0711467625189905e-07,-1.0,-1.0,0.16013633797876675
