target_id,prot_ps,prot_acf,prot_cs,e_prot_ps,E_prot_ps,e_prot_acf,E_prot_acf,e_prot_cs,E_prot_cs,sph_ps,sph_acf,sph_cs,e_sph_ps,e_sph_acf,e_sph_cs,h_ps,fa_prob_ps,hacf,gacf,hcs
9093015,13.65214120405339,13.48623689264059,13.737283456050353,0.6142088545699129,0.6142088545699129,-1.0,-1.0,0.47236013569642177,0.47236013569642177,841.2831049148706,844.7052675967228,839.4194140742077,452.5864007016216,438.8287613341091,446.4344567425993,45.98926185033,1.0644306013326579e-20,0.622763949110704,0.38035357724806274,0.9876153743486075
