target_id,prot_ps,prot_acf,prot_cs,e_prot_ps,E_prot_ps,e_prot_acf,E_prot_acf,e_prot_cs,E_prot_cs,sph_ps,sph_acf,sph_cs,e_sph_ps,e_sph_acf,e_sph_cs,h_ps,fa_prob_ps,hacf,gacf,hcs
9076373,0.1793483424706667,-1.0,1.7397306250501425,0.2585478976335611,0.2585478976335611,-1.0,-1.0,0.6266157224031378,0.6266157224031378,270.9524845920533,-1.0,301.75484177664094,40.217206644902625,-1.0,58.21559155396888,11.59874632225982,9.177586262624332e-06,-1.0,-1.0,0.4800200381955038
