target_id,prot_ps,prot_acf,prot_cs,e_prot_ps,E_prot_ps,e_prot_acf,E_prot_acf,e_prot_cs,E_prot_cs,sph_ps,sph_acf,sph_cs,e_sph_ps,e_sph_acf,e_sph_cs,h_ps,fa_prob_ps,hacf,gacf,hcs
9099455,1.516966889853008,58.215674160048366,1.5064754843191392,0.7617323775819296,0.7617323775819296,-1.0,-1.0,0.043846858527351075,0.043846858527351075,467.26101674833535,1165.275069423123,459.0566874893391,182.84971634183634,230.71717405766987,178.8889970724915,17.65189771978896,2.1571394691322892e-08,0.5961292632140707,0.23811781241147734,1.7473261203709396
