target_id,prot_ps,prot_acf,prot_cs,e_prot_ps,E_prot_ps,e_prot_acf,E_prot_acf,e_prot_cs,E_prot_cs,sph_ps,sph_acf,sph_cs,e_sph_ps,e_sph_acf,e_sph_cs,h_ps,fa_prob_ps,hacf,gacf,hcs
9042916,47.13960520947682,51.79952792823315,0.7376400795883917,1.7770174726219714,1.7770174726219714,-1.0,-1.0,0.06230633496905773,0.06230633496905773,388.7424097392639,385.3509725800489,234.31084228542167,45.64858927293456,44.62862714058016,37.104640808496214,35.45982711908682,3.9810052740312315e-16,0.1990400466140675,0.04939795309773882,0.12185535652368318
