target_id,prot_ps,prot_acf,prot_cs,e_prot_ps,E_prot_ps,e_prot_acf,E_prot_acf,e_prot_cs,E_prot_cs,sph_ps,sph_acf,sph_cs,e_sph_ps,e_sph_acf,e_sph_cs,h_ps,fa_prob_ps,hacf,gacf,hcs
9092559,19.832463203275335,20.12740291422233,20.039741433509622,1.0790551471667573,1.0790551471667573,-1.0,-1.0,1.4205118596677953,1.4205118596677953,602.0960108990055,601.2985876052345,601.3921700871475,0.0,0.0,0.0,38.49307413227112,1.917212769216308e-17,0.33130725816233764,0.4286718174835927,1.0038272483403892
