target_id,prot_ps,prot_acf,prot_cs,e_prot_ps,E_prot_ps,e_prot_acf,E_prot_acf,e_prot_cs,E_prot_cs,sph_ps,sph_acf,sph_cs,e_sph_ps,e_sph_acf,e_sph_cs,h_ps,fa_prob_ps,hacf,gacf,hcs
9085290,54.11051865029692,58.29736786382273,4.329085298152924,7.389056098930621,7.389056098930621,-1.0,-1.0,0.47369626726774566,0.47369626726774566,772.2911924744359,764.4344073969354,629.2903102931367,80.0600409889089,73.71926011003698,168.32300097994604,16.24092256845003,8.84416726379478e-08,0.1943483808818544,0.100052905283485,0.4135634729775779
