target_id,prot_ps,prot_acf,prot_cs,e_prot_ps,E_prot_ps,e_prot_acf,E_prot_acf,e_prot_cs,E_prot_cs,sph_ps,sph_acf,sph_cs,e_sph_ps,e_sph_acf,e_sph_cs,h_ps,fa_prob_ps,hacf,gacf,hcs
9087958,1.2776016087507205,2.5337757039815187,2.493928327537112,0.03448534407146288,0.03448534407146288,-1.0,-1.0,0.007667934671204454,0.007667934671204454,3032.9012606251613,3103.2527748467014,3106.3125878242536,1061.6748505145545,988.5207800794562,1007.8010990815824,5820.633784070808,0.0,1.1521186720090042,0.8830595040995017,0.12060942052214964
