target_id,prot_ps,prot_acf,prot_cs,e_prot_ps,E_prot_ps,e_prot_acf,E_prot_acf,e_prot_cs,E_prot_cs,sph_ps,sph_acf,sph_cs,e_sph_ps,e_sph_acf,e_sph_cs,h_ps,fa_prob_ps,hacf,gacf,hcs
9088259,0.28738494690774374,-1.0,6.085406475736524,0.29831704933292574,0.29831704933292574,-1.0,-1.0,0.5709673879056432,0.5709673879056432,548.2194561965887,-1.0,778.7667231316742,96.51532886298281,-1.0,212.75737415944582,33.017756671779416,4.5768899769237416e-15,-1.0,-1.0,0.11976756886679026
