target_id,prot_ps,prot_acf,prot_cs,e_prot_ps,E_prot_ps,e_prot_acf,E_prot_acf,e_prot_cs,E_prot_cs,sph_ps,sph_acf,sph_cs,e_sph_ps,e_sph_acf,e_sph_cs,h_ps,fa_prob_ps,hacf,gacf,hcs
9151070,11.18864557651751,22.271823626942933,0.3641136670019478,0.3397567054404732,0.3397567054404732,-1.0,-1.0,3.6779158282945565,3.6779158282945565,3650.6365065556784,4144.434168366278,1546.4790261990945,334.16952707751693,0.0,153.27223994837573,15.329862692422681,2.199506371364666e-07,0.37855360648321723,0.23090810542872933,0.7048086671733437
