target_id,prot_ps,prot_acf,prot_cs,e_prot_ps,E_prot_ps,e_prot_acf,E_prot_acf,e_prot_cs,E_prot_cs,sph_ps,sph_acf,sph_cs,e_sph_ps,e_sph_acf,e_sph_cs,h_ps,fa_prob_ps,hacf,gacf,hcs
9107329,1.1418650662480974,58.33829377545044,1.1448457020879494,0.37866321317789586,0.37866321317789586,-1.0,-1.0,0.007035357818256517,0.007035357818256517,886.387881121924,1204.7619447692414,885.2184681911081,194.25456452593178,113.09125170434817,187.81101842705812,56.71668111241862,2.3348466452988535e-25,0.15224722019211734,0.062175267220087,0.07274568314509149
