target_id,prot_ps,prot_acf,prot_cs,e_prot_ps,E_prot_ps,e_prot_acf,E_prot_acf,e_prot_cs,E_prot_cs,sph_ps,sph_acf,sph_cs,e_sph_ps,e_sph_acf,e_sph_cs,h_ps,fa_prob_ps,hacf,gacf,hcs
9152963,28.646788099117032,58.767277516424656,28.653960701390286,0.9810469907377655,0.9810469907377655,-1.0,-1.0,0.2513613595615252,0.2513613595615252,1450.904311107792,1472.599563043398,1450.7217875874162,221.61866464071016,103.99917037295937,222.19859639209056,29.526000251307682,1.5032147141418974e-13,0.24125426158158095,0.18385877358481598,0.9792903884983213
