target_id,prot_ps,prot_acf,prot_cs,e_prot_ps,E_prot_ps,e_prot_acf,E_prot_acf,e_prot_cs,E_prot_cs,sph_ps,sph_acf,sph_cs,e_sph_ps,e_sph_acf,e_sph_cs,h_ps,fa_prob_ps,hacf,gacf,hcs
9140125,0.10215540222909437,29.26172748208046,0.10114912781865938,0.12656208756888798,0.12656208756888798,-1.0,-1.0,0.010952867147371363,0.010952867147371363,320.2075618546922,969.412995857909,320.2075618546922,315.0407527336517,513.4954917661926,315.0407527336517,18.025794551426767,1.4842152665177163e-08,0.44984835068407286,0.22489964330798926,0.7433743304986038
