target_id,prot_ps,prot_acf,prot_cs,e_prot_ps,E_prot_ps,e_prot_acf,E_prot_acf,e_prot_cs,E_prot_cs,sph_ps,sph_acf,sph_cs,e_sph_ps,e_sph_acf,e_sph_cs,h_ps,fa_prob_ps,hacf,gacf,hcs
9156522,14.184296555253956,59.318723402451724,1.1445084924087292,3.515039285178917,3.515039285178917,-1.0,-1.0,0.03922353504341473,0.03922353504341473,924.7311597139695,961.3432692043749,601.0888606485439,230.57322185157537,86.03552472430462,118.82769446543887,13.062820778167442,2.1227019455160893e-06,0.13603251885799292,0.04925474052986439,0.3770199776138333
