target_id,prot_ps,prot_acf,prot_cs,e_prot_ps,E_prot_ps,e_prot_acf,E_prot_acf,e_prot_cs,E_prot_cs,sph_ps,sph_acf,sph_cs,e_sph_ps,e_sph_acf,e_sph_cs,h_ps,fa_prob_ps,hacf,gacf,hcs
9163303,0.7950610096829914,-1.0,1.898697127252817,1.309993769453477,1.309993769453477,-1.0,-1.0,0.9776952431212129,0.9776952431212129,768.4671712104226,-1.0,802.7126282074357,107.53218687909941,-1.0,126.78598475524196,15.781090313326551,1.4007465403878151e-07,-1.0,-1.0,0.13707305675649167
