target_id,prot_ps,prot_acf,prot_cs,e_prot_ps,E_prot_ps,e_prot_acf,E_prot_acf,e_prot_cs,E_prot_cs,sph_ps,sph_acf,sph_cs,e_sph_ps,e_sph_acf,e_sph_cs,h_ps,fa_prob_ps,hacf,gacf,hcs
9151799,11.782154332635717,24.030011147260666,1.6385770356282594,0.5487088992353653,0.5487088992353653,-1.0,-1.0,0.05703989520874783,0.05703989520874783,2554.77725190723,2647.0618327812867,1548.409695482926,657.4801222114016,476.4516392844976,698.0428586285148,24.434563013091786,2.4445792197212635e-11,0.575754801647919,0.28347397362485344,1.105977187644399
