target_id,prot_ps,prot_acf,prot_cs,e_prot_ps,E_prot_ps,e_prot_acf,E_prot_acf,e_prot_cs,E_prot_cs,sph_ps,sph_acf,sph_cs,e_sph_ps,e_sph_acf,e_sph_cs,h_ps,fa_prob_ps,hacf,gacf,hcs
9173741,20.573945115321123,19.922864937689155,20.59492305885983,0.6075808010142696,0.6075808010142696,-1.0,-1.0,0.15656013105844385,0.15656013105844385,1418.7292691053149,1407.5275257838102,1418.4582130865185,331.02461060579117,348.36435239523064,328.8797177912502,84.55158891851414,1.904195333565761e-37,0.5601092031689809,0.2048873964368039,0.9587060029955402
