target_id,prot_ps,prot_acf,prot_cs,e_prot_ps,E_prot_ps,e_prot_acf,E_prot_acf,e_prot_cs,E_prot_cs,sph_ps,sph_acf,sph_cs,e_sph_ps,e_sph_acf,e_sph_cs,h_ps,fa_prob_ps,hacf,gacf,hcs
9158504,0.5797571267514401,57.255243555642664,0.4465481013819386,0.7767355235306588,0.7767355235306588,-1.0,-1.0,0.08397949694300323,0.08397949694300323,394.1437400571123,834.324024107121,383.7958892710087,79.89547061714347,99.05766066531703,70.66813900019352,13.321829789368717,1.6383354691717915e-06,0.17188846941820984,0.060466332007777464,0.2817259384887684
