target_id,prot_ps,prot_acf,prot_cs,e_prot_ps,E_prot_ps,e_prot_acf,E_prot_acf,e_prot_cs,E_prot_cs,sph_ps,sph_acf,sph_cs,e_sph_ps,e_sph_acf,e_sph_cs,h_ps,fa_prob_ps,hacf,gacf,hcs
9165425,22.141017627396533,20.597190901637077,19.874450185177846,2.6821078164751397,2.6821078164751397,-1.0,-1.0,1.5181467597777762,1.5181467597777762,3327.703880978584,3451.8195095157885,3508.1378351457834,997.9206186442655,949.8494346135049,1187.2903359150846,28.705517554880636,3.4146966283563966e-13,1.023572851067326,0.545020553245466,0.9386337212703183
