target_id,prot_ps,prot_acf,prot_cs,e_prot_ps,E_prot_ps,e_prot_acf,E_prot_acf,e_prot_cs,E_prot_cs,sph_ps,sph_acf,sph_cs,e_sph_ps,e_sph_acf,e_sph_cs,h_ps,fa_prob_ps,hacf,gacf,hcs
9182213,0.13961325799538646,-1.0,6.271035987837241,7.389056098930649,7.389056098930649,-1.0,-1.0,2.9181169901980457,2.9181169901980457,2297.80384063003,-1.0,3171.238521338024,455.01075465227416,-1.0,814.937447104584,11.055117993888212,1.5806046616598305e-05,-1.0,-1.0,0.11948755830236765
