target_id,prot_ps,prot_acf,prot_cs,e_prot_ps,E_prot_ps,e_prot_acf,E_prot_acf,e_prot_cs,E_prot_cs,sph_ps,sph_acf,sph_cs,e_sph_ps,e_sph_acf,e_sph_cs,h_ps,fa_prob_ps,hacf,gacf,hcs
9164664,0.3893747204897484,-1.0,2.936626663272478,0.1470421532474253,0.1470421532474253,-1.0,-1.0,0.056780965508569356,0.056780965508569356,714.5390495668063,-1.0,1226.260890581508,247.35449096404628,-1.0,715.5966602798318,31.15571189175709,2.946091598806895e-14,-1.0,-1.0,0.21325978037467447
