target_id,prot_ps,prot_acf,prot_cs,e_prot_ps,E_prot_ps,e_prot_acf,E_prot_acf,e_prot_cs,E_prot_cs,sph_ps,sph_acf,sph_cs,e_sph_ps,e_sph_acf,e_sph_cs,h_ps,fa_prob_ps,hacf,gacf,hcs
9112027,0.1290506214928776,11.647129207849503,1.1047349887378206,7.389056098930424,7.389056098930424,-1.0,-1.0,0.011967604754372549,0.011967604754372549,379.1455139368065,431.4418960605806,417.06361126696993,52.14972239350709,52.90456717776701,71.55004928810534,10.662006124950743,2.3417987719299545e-05,5.3292300750004684e-05,0.15585612921094502,1.1772388219027194
