target_id,prot_ps,prot_acf,prot_cs,e_prot_ps,E_prot_ps,e_prot_acf,E_prot_acf,e_prot_cs,E_prot_cs,sph_ps,sph_acf,sph_cs,e_sph_ps,e_sph_acf,e_sph_cs,h_ps,fa_prob_ps,hacf,gacf,hcs
9160324,5.492368669661384,-1.0,1.0257763686922907,2.164286960830916,2.164286960830916,-1.0,-1.0,0.00934012472397688,0.00934012472397688,399.74110280158226,-1.0,305.139379497182,105.65271644162482,-1.0,68.66598332816217,12.017819555838152,6.035694955635408e-06,-1.0,-1.0,0.24518126230339185
