target_id,prot_ps,prot_acf,prot_cs,e_prot_ps,E_prot_ps,e_prot_acf,E_prot_acf,e_prot_cs,E_prot_cs,sph_ps,sph_acf,sph_cs,e_sph_ps,e_sph_acf,e_sph_cs,h_ps,fa_prob_ps,hacf,gacf,hcs
9172970,2.2034940158907057,14.364969464018941,2.2148631650638078,0.2571220021789646,0.2571220021789646,-1.0,-1.0,0.03465561046755508,0.03465561046755508,538.5384558965368,633.1378582418082,541.3131937100293,71.29488893085714,11.954672579120029,72.62155253389307,30.20616477528083,7.61428833755474e-14,0.004694800711509255,0.036155752760331304,0.07829637006629409
