target_id,prot_ps,prot_acf,prot_cs,e_prot_ps,E_prot_ps,e_prot_acf,E_prot_acf,e_prot_cs,E_prot_cs,sph_ps,sph_acf,sph_cs,e_sph_ps,e_sph_acf,e_sph_cs,h_ps,fa_prob_ps,hacf,gacf,hcs
9118981,1.5104863966074433,1.512093985453248,1.506576885776594,0.04065372204735925,0.04065372204735925,-1.0,-1.0,0.03721918534621775,0.03721918534621775,8488.43714522358,8473.712737007969,8472.056509951753,4921.746119576767,4930.819513540683,4936.17800145506,16334.743890472735,0.0,1.6223300746479048,0.9468606765901983,0.07600050451455022
