target_id,prot_ps,prot_acf,prot_cs,e_prot_ps,E_prot_ps,e_prot_acf,E_prot_acf,e_prot_cs,E_prot_cs,sph_ps,sph_acf,sph_cs,e_sph_ps,e_sph_acf,e_sph_cs,h_ps,fa_prob_ps,hacf,gacf,hcs
9145742,0.6510632152311122,57.23472767788917,0.5328481755577423,7.389056098930649,7.389056098930649,-1.0,-1.0,0.008184106607575136,0.008184106607575136,187.310862908671,299.0217794386582,184.8624365267457,28.267410997257247,21.907458798934353,28.738301124458054,13.198200679804051,1.853934019198803e-06,0.11545572651740643,0.028555440364165026,0.35821980671030546
