target_id,prot_ps,prot_acf,prot_cs,e_prot_ps,E_prot_ps,e_prot_acf,E_prot_acf,e_prot_cs,E_prot_cs,sph_ps,sph_acf,sph_cs,e_sph_ps,e_sph_acf,e_sph_cs,h_ps,fa_prob_ps,hacf,gacf,hcs
9209156,7.23685748851512,7.172214542515576,7.225246247607744,0.21043866166461866,0.21043866166461866,-1.0,-1.0,0.025719416137892546,0.025719416137892546,6086.416799734778,6023.713003556088,6011.511826523278,1548.540122711307,1627.534854760336,1611.241404039579,674.5842919517868,1.0758814676216713e-293,1.1812278169724038,0.7403577862282018,0.9728636939127674
