target_id,prot_ps,prot_acf,prot_cs,e_prot_ps,E_prot_ps,e_prot_acf,E_prot_acf,e_prot_cs,E_prot_cs,sph_ps,sph_acf,sph_cs,e_sph_ps,e_sph_acf,e_sph_cs,h_ps,fa_prob_ps,hacf,gacf,hcs
9230093,7.526579100087568,52.02420420944691,3.3531247368123918,3.356066060838734,3.356066060838734,-1.0,-1.0,0.00757654613068309,0.00757654613068309,298.1447861279424,319.0709027023135,279.0979876092668,70.20141664726285,41.85837999925168,83.06970711947329,21.801930775944548,3.400492091678375e-10,0.10098515672383931,0.02689521070035682,0.20474286445844075
