target_id,prot_ps,prot_acf,prot_cs,e_prot_ps,E_prot_ps,e_prot_acf,E_prot_acf,e_prot_cs,E_prot_cs,sph_ps,sph_acf,sph_cs,e_sph_ps,e_sph_acf,e_sph_cs,h_ps,fa_prob_ps,hacf,gacf,hcs
9228855,41.34248145439412,-1.0,3.115324910888449,7.389056098930649,7.389056098930649,-1.0,-1.0,0.2293625194347751,0.2293625194347751,831.6176394475593,-1.0,597.2674836657377,113.11562082976943,-1.0,130.8539975631647,22.90132100096788,1.1326159179837339e-10,-1.0,-1.0,0.23573850171010283
