target_id,prot_ps,prot_acf,prot_cs,e_prot_ps,E_prot_ps,e_prot_acf,E_prot_acf,e_prot_cs,E_prot_cs,sph_ps,sph_acf,sph_cs,e_sph_ps,e_sph_acf,e_sph_cs,h_ps,fa_prob_ps,hacf,gacf,hcs
9271752,0.6633753359245075,59.155444731004536,4.920716684715495,0.8723946995318592,0.8723946995318592,-1.0,-1.0,0.058457613909375664,0.058457613909375664,340.7303606998621,454.9318002312513,389.25468067653617,61.30395106296802,64.31392518008053,74.31159967515717,33.29735041351692,3.460544620299913e-15,0.12935590708805583,0.04918513506773083,0.3041029699422915
