target_id,prot_ps,prot_acf,prot_cs,e_prot_ps,E_prot_ps,e_prot_acf,E_prot_acf,e_prot_cs,E_prot_cs,sph_ps,sph_acf,sph_cs,e_sph_ps,e_sph_acf,e_sph_cs,h_ps,fa_prob_ps,hacf,gacf,hcs
9223806,0.4922468664935969,-1.0,3.013155694212764,7.389056098896118,7.389056098896118,-1.0,-1.0,0.23466609029241856,0.23466609029241856,360.5079036159806,-1.0,394.60359400692704,50.72135712707992,-1.0,64.52856769758348,13.065061248092887,2.1179514193391786e-06,-1.0,-1.0,0.12602735566485815
