target_id,prot_ps,prot_acf,prot_cs,e_prot_ps,E_prot_ps,e_prot_acf,E_prot_acf,e_prot_cs,E_prot_cs,sph_ps,sph_acf,sph_cs,e_sph_ps,e_sph_acf,e_sph_cs,h_ps,fa_prob_ps,hacf,gacf,hcs
9287446,14.908015327762493,14.855278701521456,14.905249795173047,0.4038911723790773,0.4038911723790773,-1.0,-1.0,0.07629272463962974,0.07629272463962974,3333.824788637813,3335.906287473093,3333.824788637813,1245.847374529083,1263.74787192279,1245.847374529083,328.9881146931141,1.3251870311140465e-143,1.1200881289249331,0.5455193208519585,0.9478470508202489
