target_id,prot_ps,prot_acf,prot_cs,e_prot_ps,E_prot_ps,e_prot_acf,E_prot_acf,e_prot_cs,E_prot_cs,sph_ps,sph_acf,sph_cs,e_sph_ps,e_sph_acf,e_sph_cs,h_ps,fa_prob_ps,hacf,gacf,hcs
9269843,0.10203509055709352,38.61981390975416,1.3553715643566104,0.11465597529826273,0.11465597529826273,-1.0,-1.0,0.5620153217073521,0.5620153217073521,128.0628013775934,368.7067275863597,201.24342798684026,25.6397275705422,81.49344344595788,83.44803185690897,13.318130457901528,1.6444074393172226e-06,0.30088922954812236,0.15933982464612859,0.6092725997124245
