target_id,prot_ps,prot_acf,prot_cs,e_prot_ps,E_prot_ps,e_prot_acf,E_prot_acf,e_prot_cs,E_prot_cs,sph_ps,sph_acf,sph_cs,e_sph_ps,e_sph_acf,e_sph_cs,h_ps,fa_prob_ps,hacf,gacf,hcs
9221528,21.37744537603772,21.271481400355697,1.1733030374720694,2.026244197670516,2.026244197670516,-1.0,-1.0,0.5719341430912491,0.5719341430912491,960.138529300017,960.4470056550978,530.6685408551252,163.84330012627183,157.56551882439538,260.01066640373693,16.990060872021456,4.18129025324016e-08,0.4327463550996786,0.193424555507997,1.3653980223452142
