target_id,prot_ps,prot_acf,prot_cs,e_prot_ps,E_prot_ps,e_prot_acf,E_prot_acf,e_prot_cs,E_prot_cs,sph_ps,sph_acf,sph_cs,e_sph_ps,e_sph_acf,e_sph_cs,h_ps,fa_prob_ps,hacf,gacf,hcs
9271621,0.1149368889470694,-1.0,1.8303208345482256,7.389056097134601,7.389056097134601,-1.0,-1.0,0.0648302403622427,0.0648302403622427,313.1345207322593,-1.0,367.9262426631973,282.29891116481645,-1.0,318.07196078474806,11.945029770163277,6.49141664307221e-06,-1.0,-1.0,0.2252704508703559
