target_id,prot_ps,prot_acf,prot_cs,e_prot_ps,E_prot_ps,e_prot_acf,E_prot_acf,e_prot_cs,E_prot_cs,sph_ps,sph_acf,sph_cs,e_sph_ps,e_sph_acf,e_sph_cs,h_ps,fa_prob_ps,hacf,gacf,hcs
9238346,5.299631819524149,16.20393716543913,16.345338483452792,1.877429406538383,1.877429406538383,-1.0,-1.0,0.5809980539346811,0.5809980539346811,783.7256894290934,861.9418404541804,861.7876011612434,248.67816563384096,181.62436977574228,175.74267207456813,23.128421613895465,9.025143542142837e-11,0.38272713757821764,0.22325471680939157,0.6193742895698108
