target_id,prot_ps,prot_acf,prot_cs,e_prot_ps,E_prot_ps,e_prot_acf,E_prot_acf,e_prot_cs,E_prot_cs,sph_ps,sph_acf,sph_cs,e_sph_ps,e_sph_acf,e_sph_cs,h_ps,fa_prob_ps,hacf,gacf,hcs
9241844,45.92222529219939,56.867101637180895,1.6791175588356209,7.389056098930649,7.389056098930649,-1.0,-1.0,0.008229580366419135,0.008229580366419135,1444.1756588659082,1449.8256759046758,1015.8711998271236,226.96414851452707,196.72861196191315,152.6949615357984,23.047447698021035,9.786347722785015e-11,0.17899099083896466,0.08397459650434354,0.3712585960259118
