target_id,prot_ps,prot_acf,prot_cs,e_prot_ps,E_prot_ps,e_prot_acf,E_prot_acf,e_prot_cs,E_prot_cs,sph_ps,sph_acf,sph_cs,e_sph_ps,e_sph_acf,e_sph_cs,h_ps,fa_prob_ps,hacf,gacf,hcs
9215841,7.808182046448588,7.805680761113763,7.718913261056744,0.2414830673408393,0.2414830673408393,-1.0,-1.0,0.03008591466544854,0.03008591466544854,19132.327452731734,19132.327452731734,19399.775752514353,8500.989970224071,8500.989970224071,8574.26713447022,989.1950209367905,0.0,1.460452236595044,0.8197969111062445,0.9260890238024883
