target_id,prot_ps,prot_acf,prot_cs,e_prot_ps,E_prot_ps,e_prot_acf,E_prot_acf,e_prot_cs,E_prot_cs,sph_ps,sph_acf,sph_cs,e_sph_ps,e_sph_acf,e_sph_cs,h_ps,fa_prob_ps,hacf,gacf,hcs
9340674,0.4572728205861716,-1.0,1.1970053926203397,0.42980902261501197,0.42980902261501197,-1.0,-1.0,0.6571880091490244,0.6571880091490244,545.0479359368243,-1.0,572.237875873384,87.62554436203493,-1.0,98.11759079621241,13.229532715073578,1.7967470632581522e-06,-1.0,-1.0,0.16783361634064364
