target_id,prot_ps,prot_acf,prot_cs,e_prot_ps,E_prot_ps,e_prot_acf,E_prot_acf,e_prot_cs,E_prot_cs,sph_ps,sph_acf,sph_cs,e_sph_ps,e_sph_acf,e_sph_cs,h_ps,fa_prob_ps,hacf,gacf,hcs
9328940,12.933573418502142,38.45611243508756,13.06383972535841,0.5613707465592298,0.5613707465592298,-1.0,-1.0,0.3257927291419108,0.3257927291419108,1452.2703033901328,1524.7829886800375,1456.0463149285779,656.8892738487359,629.5485554641175,642.4611080526325,29.44649653943125,1.627605098214244e-13,0.28041795752128174,0.09369254904476411,0.7522364952378484
