target_id,prot_ps,prot_acf,prot_cs,e_prot_ps,E_prot_ps,e_prot_acf,E_prot_acf,e_prot_cs,E_prot_cs,sph_ps,sph_acf,sph_cs,e_sph_ps,e_sph_acf,e_sph_cs,h_ps,fa_prob_ps,hacf,gacf,hcs
9344432,0.3565122390310477,-1.0,1.2977994440091019,7.389056098918527,7.389056098918527,-1.0,-1.0,0.0453892530616438,0.0453892530616438,492.192299535066,-1.0,521.7973621306903,76.50947651607034,-1.0,83.25176832667736,12.253283262783047,4.769432357418426e-06,-1.0,-1.0,0.2991104162080922
