target_id,prot_ps,prot_acf,prot_cs,e_prot_ps,E_prot_ps,e_prot_acf,E_prot_acf,e_prot_cs,E_prot_cs,sph_ps,sph_acf,sph_cs,e_sph_ps,e_sph_acf,e_sph_cs,h_ps,fa_prob_ps,hacf,gacf,hcs
9398569,5.0401427930231835,2.6155174374580383,4.963748329913,0.3625134589297237,0.3625134589297237,-1.0,-1.0,0.13138441224370553,0.13138441224370553,143.19384021668955,129.66069768488325,144.0577977793394,37.234608005076936,28.080600324386534,29.112428253586664,115.89681450387721,4.6414426730077613e-51,0.29066689089027453,0.4001042007940527,1.9004117381713874
