target_id,prot_ps,prot_acf,prot_cs,e_prot_ps,E_prot_ps,e_prot_acf,E_prot_acf,e_prot_cs,E_prot_cs,sph_ps,sph_acf,sph_cs,e_sph_ps,e_sph_acf,e_sph_cs,h_ps,fa_prob_ps,hacf,gacf,hcs
9395164,11.50384095780014,11.688058122992516,11.559941009190265,0.38901975633276653,0.38901975633276653,-1.0,-1.0,0.09136977823580289,0.09136977823580289,1987.382548285305,1984.83018495405,1991.7997120027085,695.4956795204263,679.5719719378712,691.1758944423142,94.30632463927427,1.1047998346873103e-41,0.936204672127028,0.5317231350127402,0.9925744376306714
