target_id,prot_ps,prot_acf,prot_cs,e_prot_ps,E_prot_ps,e_prot_acf,E_prot_acf,e_prot_cs,E_prot_cs,sph_ps,sph_acf,sph_cs,e_sph_ps,e_sph_acf,e_sph_cs,h_ps,fa_prob_ps,hacf,gacf,hcs
9354106,0.7205393181264202,-1.0,0.6068804112263025,1.3316848767536942,1.3316848767536942,-1.0,-1.0,3.0605637944307365,3.0605637944307365,202.05925309258927,-1.0,201.46301083464212,18.73772018153089,-1.0,20.34525213195524,18.555256425128853,8.740867244616224e-09,-1.0,-1.0,0.10137733212535438
