target_id,prot_ps,prot_acf,prot_cs,e_prot_ps,E_prot_ps,e_prot_acf,E_prot_acf,e_prot_cs,E_prot_cs,sph_ps,sph_acf,sph_cs,e_sph_ps,e_sph_acf,e_sph_cs,h_ps,fa_prob_ps,hacf,gacf,hcs
9395821,5.397319756104578,10.952479768544436,11.585229031646216,0.37320875919392377,0.37320875919392377,-1.0,-1.0,0.35913800280527297,0.35913800280527297,704.2673767214606,733.9986421538138,738.6342168221312,253.94158036490427,218.82495286890065,223.08716007725334,34.12097637619382,1.5186169490674912e-15,0.5393906543813843,0.34250904392288223,0.6807602878827783
