target_id,prot_ps,prot_acf,prot_cs,e_prot_ps,E_prot_ps,e_prot_acf,E_prot_acf,e_prot_cs,E_prot_cs,sph_ps,sph_acf,sph_cs,e_sph_ps,e_sph_acf,e_sph_cs,h_ps,fa_prob_ps,hacf,gacf,hcs
9397805,0.27745787676053796,55.43679660651833,1.1935360448900612,0.4274243380070839,0.4274243380070839,-1.0,-1.0,0.3959089313222397,0.3959089313222397,542.7781369060777,890.7031341687504,576.246530599535,90.23575923874986,89.70189409734856,88.91683055420519,16.95644200073814,4.3242501222566267e-08,0.15421907292600773,0.041149769614008735,0.7026615832132063
