target_id,prot_ps,prot_acf,prot_cs,e_prot_ps,E_prot_ps,e_prot_acf,E_prot_acf,e_prot_cs,E_prot_cs,sph_ps,sph_acf,sph_cs,e_sph_ps,e_sph_acf,e_sph_cs,h_ps,fa_prob_ps,hacf,gacf,hcs
9338939,0.18412731816731917,50.573329569306225,0.18206398644958463,0.5484229223813654,0.5484229223813654,-1.0,-1.0,0.010255602009472993,0.010255602009472993,222.61939600795296,430.21967858391633,221.73475347788528,28.36621206219585,0.0,27.20839968381777,10.667219004361103,2.3296230202632298e-05,0.1794678967749052,0.18347435617464639,0.10002180923533344
