target_id,prot_ps,prot_acf,prot_cs,e_prot_ps,E_prot_ps,e_prot_acf,E_prot_acf,e_prot_cs,E_prot_cs,sph_ps,sph_acf,sph_cs,e_sph_ps,e_sph_acf,e_sph_cs,h_ps,fa_prob_ps,hacf,gacf,hcs
9335389,28.646663722312926,-1.0,28.651155903194585,7.389056098930645,7.389056098930645,-1.0,-1.0,0.2589028087955067,0.2589028087955067,397.25369360400674,-1.0,397.2405084666475,77.77795283014606,-1.0,77.7754658715692,13.951660345834489,8.727119010410035e-07,-1.0,-1.0,0.20574262030342866
