target_id,prot_ps,prot_acf,prot_cs,e_prot_ps,E_prot_ps,e_prot_acf,E_prot_acf,e_prot_cs,E_prot_cs,sph_ps,sph_acf,sph_cs,e_sph_ps,e_sph_acf,e_sph_cs,h_ps,fa_prob_ps,hacf,gacf,hcs
9308147,2.8822773409990474,57.19388899952173,1.0813848894212554,3.3450907709314848,3.3450907709314848,-1.0,-1.0,0.007971110764615498,0.007971110764615498,762.3218574930992,1021.9732859809868,691.5118430665102,183.97182352816117,127.962916605463,129.91576212091243,14.21407677491315,6.71281828885685e-07,0.18186052451093493,0.09857978780409025,0.5870149709340385
