target_id,prot_ps,prot_acf,prot_cs,e_prot_ps,E_prot_ps,e_prot_acf,E_prot_acf,e_prot_cs,E_prot_cs,sph_ps,sph_acf,sph_cs,e_sph_ps,e_sph_acf,e_sph_cs,h_ps,fa_prob_ps,hacf,gacf,hcs
9306231,16.602131828957763,16.367393842432648,16.557684372373718,0.800062338175662,0.800062338175662,-1.0,-1.0,0.5317210375514099,0.5317210375514099,2497.6360112334887,2515.9124049898146,2502.49784636513,622.5359482349854,582.0074138885975,609.1864708849561,98.72914758898469,1.325793846889138e-43,0.5458401894408544,0.24981325475248098,0.9460854702717636
