target_id,prot_ps,prot_acf,prot_cs,e_prot_ps,E_prot_ps,e_prot_acf,E_prot_acf,e_prot_cs,E_prot_cs,sph_ps,sph_acf,sph_cs,e_sph_ps,e_sph_acf,e_sph_cs,h_ps,fa_prob_ps,hacf,gacf,hcs
9489268,26.563401052703426,-1.0,26.54721589738705,7.389056098930649,7.389056098930649,-1.0,-1.0,0.23732991871791337,0.23732991871791337,1280.1471616485842,-1.0,1280.7038032784992,404.40538575657877,-1.0,402.36481720249543,15.88649363073567,1.2606179285392456e-07,-1.0,-1.0,0.21552357607273956
