target_id,prot_ps,prot_acf,prot_cs,e_prot_ps,E_prot_ps,e_prot_acf,E_prot_acf,e_prot_cs,E_prot_cs,sph_ps,sph_acf,sph_cs,e_sph_ps,e_sph_acf,e_sph_cs,h_ps,fa_prob_ps,hacf,gacf,hcs
9455797,3.1643712047015637,52.780142915435135,3.165369782305959,2.3461498887630468,2.3461498887630468,-1.0,-1.0,0.008807188972449944,0.008807188972449944,858.6336351959272,1156.1027850873222,858.6336351959272,371.1856810135169,332.4086532411744,371.1856810135169,15.732459234589488,1.4705499057301793e-07,0.1443670098855832,0.042025227981237576,0.36468545344669
