target_id,prot_ps,prot_acf,prot_cs,e_prot_ps,E_prot_ps,e_prot_acf,E_prot_acf,e_prot_cs,E_prot_cs,sph_ps,sph_acf,sph_cs,e_sph_ps,e_sph_acf,e_sph_cs,h_ps,fa_prob_ps,hacf,gacf,hcs
9449234,0.9696019623115101,1.94118722807616,1.9581383892283146,0.026807613624424204,0.026807613624424204,-1.0,-1.0,0.04971477192158488,0.04971477192158488,1567.5228382608516,1616.3206213757462,1616.0307529492397,1121.7483638362596,1107.277907053066,1104.525720835419,1510.4562496338451,0.0,1.2555075132869908,0.8857130268880515,0.18937450276979398
