target_id,prot_ps,prot_acf,prot_cs,e_prot_ps,E_prot_ps,e_prot_acf,E_prot_acf,e_prot_cs,E_prot_cs,sph_ps,sph_acf,sph_cs,e_sph_ps,e_sph_acf,e_sph_cs,h_ps,fa_prob_ps,hacf,gacf,hcs
9473189,0.30562703163220145,-1.0,3.9830821696719956,0.24748747251237127,0.24748747251237127,-1.0,-1.0,0.007547267161191311,0.007547267161191311,595.3342272157009,-1.0,654.8625672151902,95.25998115684408,-1.0,123.05807058148969,12.252836536471087,4.77156346432092e-06,-1.0,-1.0,0.20534106065555116
