target_id,prot_ps,prot_acf,prot_cs,e_prot_ps,E_prot_ps,e_prot_acf,E_prot_acf,e_prot_cs,E_prot_cs,sph_ps,sph_acf,sph_cs,e_sph_ps,e_sph_acf,e_sph_cs,h_ps,fa_prob_ps,hacf,gacf,hcs
9472604,0.11313193386247938,-1.0,1.4562253999420058,0.12574196209921829,0.12574196209921829,-1.0,-1.0,0.08245138818357303,0.08245138818357303,386.0958128922661,-1.0,425.1461992953987,79.3039473047253,-1.0,75.37802510816417,11.8267455979194,7.306504362802352e-06,-1.0,-1.0,0.17772459786475647
