target_id,prot_ps,prot_acf,prot_cs,e_prot_ps,E_prot_ps,e_prot_acf,E_prot_acf,e_prot_cs,E_prot_cs,sph_ps,sph_acf,sph_cs,e_sph_ps,e_sph_acf,e_sph_cs,h_ps,fa_prob_ps,hacf,gacf,hcs
9418153,19.475038173138376,12.260349467396736,0.18574429443106052,0.9729796011716755,0.9729796011716755,-1.0,-1.0,0.012702490085132743,0.012702490085132743,597.4882686758706,591.8283688116859,410.87514049241616,206.67321791554707,221.37343416961696,223.9440425235128,36.31235072750991,1.6972524885016324e-16,1.1786979042817045e-05,0.010376478917216552,4.6797881632135905
