target_id,prot_ps,prot_acf,prot_cs,e_prot_ps,E_prot_ps,e_prot_acf,E_prot_acf,e_prot_cs,E_prot_cs,sph_ps,sph_acf,sph_cs,e_sph_ps,e_sph_acf,e_sph_cs,h_ps,fa_prob_ps,hacf,gacf,hcs
9471061,0.16779586812498015,-1.0,1.5890869264630598,7.389056098930596,7.389056098930596,-1.0,-1.0,1.2031540686800835,1.2031540686800835,209.7979178458663,-1.0,253.1639190456081,162.2878305966534,-1.0,194.1551121129921,14.697445443152787,4.1398113029692415e-07,-1.0,-1.0,0.1756903779063496
