target_id,prot_ps,prot_acf,prot_cs,e_prot_ps,E_prot_ps,e_prot_acf,E_prot_acf,e_prot_cs,E_prot_cs,sph_ps,sph_acf,sph_cs,e_sph_ps,e_sph_acf,e_sph_cs,h_ps,fa_prob_ps,hacf,gacf,hcs
9412514,3.6962774106176903,3.6780710611492395,3.6947303628083352,0.08461583176911955,0.08461583176911955,-1.0,-1.0,0.021470569459202317,0.021470569459202317,156.3044684090133,151.66402832125613,156.3044684090133,55.39509982506168,47.54223996969452,55.39509982506168,911.1291301802858,0.0,0.5667106308332637,0.6903558816167782,0.3852652866232713
