target_id,prot_ps,prot_acf,prot_cs,e_prot_ps,E_prot_ps,e_prot_acf,E_prot_acf,e_prot_cs,E_prot_cs,sph_ps,sph_acf,sph_cs,e_sph_ps,e_sph_acf,e_sph_cs,h_ps,fa_prob_ps,hacf,gacf,hcs
9540132,0.6897946889668989,-1.0,1.485953847505152,7.389056098930393,7.389056098930393,-1.0,-1.0,0.688458360283741,0.688458360283741,619.6597121743247,-1.0,634.5169784916823,326.8024845247102,-1.0,324.9249594498985,14.378189717557163,5.696807518159532e-07,-1.0,-1.0,0.05506323901288238
