target_id,prot_ps,prot_acf,prot_cs,e_prot_ps,E_prot_ps,e_prot_acf,E_prot_acf,e_prot_cs,E_prot_cs,sph_ps,sph_acf,sph_cs,e_sph_ps,e_sph_acf,e_sph_cs,h_ps,fa_prob_ps,hacf,gacf,hcs
9593432,1.2094823075063414,1.2055906732566655,1.2071506966460441,0.026992182987493844,0.026992182987493844,-1.0,-1.0,0.006751247470144683,0.006751247470144683,1320.3664041839104,1320.3664041839104,1320.3664041839104,2464.893918024418,2464.893918024418,2464.893918024418,1689.8531210346455,0.0,0.895493356891568,0.7141850076780015,0.5718685024473446
