target_id,prot_ps,prot_acf,prot_cs,e_prot_ps,E_prot_ps,e_prot_acf,E_prot_acf,e_prot_cs,E_prot_cs,sph_ps,sph_acf,sph_cs,e_sph_ps,e_sph_acf,e_sph_cs,h_ps,fa_prob_ps,hacf,gacf,hcs
9521119,54.09386471049976,59.543711403384805,28.635150100204925,7.389056098930649,7.389056098930649,-1.0,-1.0,0.2631630600577608,0.2631630600577608,979.5660180192095,966.1636738831496,952.226806022239,96.56563943883586,85.37640881930258,158.41007562080506,22.979260870837777,1.0476924290599779e-10,0.23712238415971293,0.13683812116266603,0.5213856078499199
