target_id,prot_ps,prot_acf,prot_cs,e_prot_ps,E_prot_ps,e_prot_acf,E_prot_acf,e_prot_cs,E_prot_cs,sph_ps,sph_acf,sph_cs,e_sph_ps,e_sph_acf,e_sph_cs,h_ps,fa_prob_ps,hacf,gacf,hcs
9595770,4.52596813979074,9.133904360700399,9.16912926359327,0.13608530417408543,0.13608530417408543,-1.0,-1.0,0.08523092344437742,0.08523092344437742,2367.817104625505,2458.1025051182046,2448.348767573073,2768.005026211974,2905.06535143135,2910.7801572511403,176.57369702390852,2.065464491836821e-77,0.891110734858948,0.57982034894542,0.9645489537053075
