target_id,prot_ps,prot_acf,prot_cs,e_prot_ps,E_prot_ps,e_prot_acf,E_prot_acf,e_prot_cs,E_prot_cs,sph_ps,sph_acf,sph_cs,e_sph_ps,e_sph_acf,e_sph_cs,h_ps,fa_prob_ps,hacf,gacf,hcs
9596890,28.6468419741357,28.035026421770453,28.621945187646098,1.1455484364647956,1.1455484364647956,-1.0,-1.0,0.27747254994987286,0.27747254994987286,282.75979245634727,285.4132521040977,282.5280282850736,39.04091219282809,41.667008028220124,38.90643215907724,33.24882850702214,3.6325972485075694e-15,0.13052702838549352,0.09047112977220151,0.19642982587708388
