target_id,prot_ps,prot_acf,prot_cs,e_prot_ps,E_prot_ps,e_prot_acf,E_prot_acf,e_prot_cs,E_prot_cs,sph_ps,sph_acf,sph_cs,e_sph_ps,e_sph_acf,e_sph_cs,h_ps,fa_prob_ps,hacf,gacf,hcs
9597468,5.27079683276605,59.850269631017,5.257362535542877,1.6265134897068372,1.6265134897068372,-1.0,-1.0,0.16285814758850187,0.16285814758850187,346.16219760767933,547.3114751315259,345.85535239189824,197.15050308613348,272.6241507077222,199.41889273656216,20.884942247027542,8.507164432704506e-10,0.017228792978961578,0.017888039465016572,0.15472023279370584
