target_id,prot_ps,prot_acf,prot_cs,e_prot_ps,E_prot_ps,e_prot_acf,E_prot_acf,e_prot_cs,E_prot_cs,sph_ps,sph_acf,sph_cs,e_sph_ps,e_sph_acf,e_sph_cs,h_ps,fa_prob_ps,hacf,gacf,hcs
9521588,0.5669492459824561,-1.0,28.641797575239924,0.014858191427432797,0.014858191427432797,-1.0,-1.0,0.2529750507432097,0.2529750507432097,480.86089077249477,-1.0,704.6653472315975,61.34878641024868,-1.0,73.21121728039294,214.6252919471518,6.15772132469917e-94,-1.0,-1.0,0.022800521441319097
