target_id,prot_ps,prot_acf,prot_cs,e_prot_ps,E_prot_ps,e_prot_acf,E_prot_acf,e_prot_cs,E_prot_cs,sph_ps,sph_acf,sph_cs,e_sph_ps,e_sph_acf,e_sph_cs,h_ps,fa_prob_ps,hacf,gacf,hcs
9590105,15.54241831858041,13.506652424577624,15.541479847383817,0.4246009963421438,0.4246009963421438,-1.0,-1.0,0.08670918994421799,0.08670918994421799,9289.911135149874,9325.953431041793,9288.379373482276,6478.029026857109,6314.896973520187,6472.574027285854,95.35410746090575,3.874693042559002e-42,0.27936489455546787,0.09763089349759964,0.6522761295640424
