target_id,prot_ps,prot_acf,prot_cs,e_prot_ps,E_prot_ps,e_prot_acf,E_prot_acf,e_prot_cs,E_prot_cs,sph_ps,sph_acf,sph_cs,e_sph_ps,e_sph_acf,e_sph_cs,h_ps,fa_prob_ps,hacf,gacf,hcs
9540247,0.5094943184962297,45.58803078066558,2.029942101962535,0.5616207647761294,0.5616207647761294,-1.0,-1.0,0.023675686693113932,0.023675686693113932,308.944735757331,426.18272436930863,334.440906177012,164.6764016458813,67.26297249586054,171.53590867463893,40.34664835524195,3.0038155142511154e-18,0.046185113667246425,0.0010182969004677504,0.28078692370485964
