target_id,prot_ps,prot_acf,prot_cs,e_prot_ps,E_prot_ps,e_prot_acf,E_prot_acf,e_prot_cs,E_prot_cs,sph_ps,sph_acf,sph_cs,e_sph_ps,e_sph_acf,e_sph_cs,h_ps,fa_prob_ps,hacf,gacf,hcs
9574280,27.055281104933968,54.680491955950856,0.487816999862471,7.389056098930608,7.389056098930608,-1.0,-1.0,0.01006065021950081,0.01006065021950081,519.5591677338554,519.1756067324853,394.77727844337295,85.78324895061232,53.15478346357012,50.075371862034935,12.034021493475578,5.938692934645491e-06,0.030590840676265104,0.036717292601771256,0.627222330959478
