target_id,prot_ps,prot_acf,prot_cs,e_prot_ps,E_prot_ps,e_prot_acf,E_prot_acf,e_prot_cs,E_prot_cs,sph_ps,sph_acf,sph_cs,e_sph_ps,e_sph_acf,e_sph_cs,h_ps,fa_prob_ps,hacf,gacf,hcs
9595956,10.376880413412705,10.400793210137635,10.382809873457488,0.2647910757426168,0.2647910757426168,-1.0,-1.0,0.0810637752184596,0.0810637752184596,5537.540007322846,5544.937454380964,5537.4177888450695,3499.2940126987246,3506.721421372712,3499.209338724292,170.8318128730509,6.437041894913469e-75,0.9049456407608685,0.5502701142693969,0.9800495930284125
