target_id,prot_ps,prot_acf,prot_cs,e_prot_ps,E_prot_ps,e_prot_acf,E_prot_acf,e_prot_cs,E_prot_cs,sph_ps,sph_acf,sph_cs,e_sph_ps,e_sph_acf,e_sph_cs,h_ps,fa_prob_ps,hacf,gacf,hcs
9574825,12.446430479031525,24.274969719350338,2.9718447777628896,0.6413600837518972,0.6413600837518972,-1.0,-1.0,0.25586516121942354,0.25586516121942354,230.75011133107031,248.12150882163806,194.49672062283065,108.51982778226109,79.24749288205362,112.23611452646229,24.955857821479256,1.4514719819262902e-11,0.06600252897809884,0.055529328642169674,0.29479302261227547
