target_id,prot_ps,prot_acf,prot_cs,e_prot_ps,E_prot_ps,e_prot_acf,E_prot_acf,e_prot_cs,E_prot_cs,sph_ps,sph_acf,sph_cs,e_sph_ps,e_sph_acf,e_sph_cs,h_ps,fa_prob_ps,hacf,gacf,hcs
9531242,9.896735204813634,19.28944769501686,0.5057349898852409,0.6716115147949699,0.6716115147949699,-1.0,-1.0,0.15335620488514012,0.15335620488514012,790.9013269315836,934.1438146709797,608.3659318668155,893.6918514323245,867.6605251508909,728.6109872014423,14.718518064357967,4.053487357780403e-07,0.020115513120872036,0.020634809556128984,0.5267563779422678
