target_id,prot_ps,prot_acf,prot_cs,e_prot_ps,E_prot_ps,e_prot_acf,E_prot_acf,e_prot_cs,E_prot_cs,sph_ps,sph_acf,sph_cs,e_sph_ps,e_sph_acf,e_sph_cs,h_ps,fa_prob_ps,hacf,gacf,hcs
9597853,12.64771558004424,24.92914091795683,0.9906268456578253,0.6240953568192258,0.6240953568192258,-1.0,-1.0,0.09705846489311833,0.09705846489311833,1102.990129990656,1130.5326970160236,731.2602324475546,246.16800581123852,179.17556376602397,177.88601063759143,18.988930402447913,5.665161681512149e-09,0.23717111370038785,0.050921791125965066,0.7278634713578412
