target_id,prot_ps,prot_acf,prot_cs,e_prot_ps,E_prot_ps,e_prot_acf,E_prot_acf,e_prot_cs,E_prot_cs,sph_ps,sph_acf,sph_cs,e_sph_ps,e_sph_acf,e_sph_cs,h_ps,fa_prob_ps,hacf,gacf,hcs
9597244,13.281695777994335,13.261461744550616,13.322792887569534,0.459892137409556,0.459892137409556,-1.0,-1.0,0.08890000447680307,0.08890000447680307,2437.5093401422196,2436.5574430376746,2441.4856036496026,658.4777787450336,659.8759597320397,663.1179450551389,197.69893184560522,1.3817988321171661e-86,0.9558003659795793,0.5271849862349266,0.998981657949674
