target_id,prot_ps,prot_acf,prot_cs,e_prot_ps,E_prot_ps,e_prot_acf,E_prot_acf,e_prot_cs,E_prot_cs,sph_ps,sph_acf,sph_cs,e_sph_ps,e_sph_acf,e_sph_cs,h_ps,fa_prob_ps,hacf,gacf,hcs
9511303,0.12637198934477265,-1.0,0.3455247084283404,0.22197191151708484,0.22197191151708484,-1.0,-1.0,0.020805079952227083,0.020805079952227083,369.6896374347156,-1.0,383.0610308249078,64.16065277862737,-1.0,51.49757704196875,12.828055957811944,2.6843929154761154e-06,-1.0,-1.0,0.21058110338236827
