target_id,prot_ps,prot_acf,prot_cs,e_prot_ps,E_prot_ps,e_prot_acf,E_prot_acf,e_prot_cs,E_prot_cs,sph_ps,sph_acf,sph_cs,e_sph_ps,e_sph_acf,e_sph_cs,h_ps,fa_prob_ps,hacf,gacf,hcs
9519469,0.10461923812900421,-1.0,1.0112647666689005,0.10485329891231364,0.10485329891231364,-1.0,-1.0,0.291012930983636,0.291012930983636,501.18544293238136,-1.0,653.4783580865204,128.04365272638643,-1.0,199.6863643080735,16.498047924370525,6.838940483628137e-08,-1.0,-1.0,0.2743578140119759
