target_id,prot_ps,prot_acf,prot_cs,e_prot_ps,E_prot_ps,e_prot_acf,E_prot_acf,e_prot_cs,E_prot_cs,sph_ps,sph_acf,sph_cs,e_sph_ps,e_sph_acf,e_sph_cs,h_ps,fa_prob_ps,hacf,gacf,hcs
9533088,4.198395841961052,43.35953806899488,4.218287778656412,7.389056098930649,7.389056098930649,-1.0,-1.0,0.06862793789955299,0.06862793789955299,1089.0507332367747,1306.4403109765071,1094.4968565448723,619.2937125063693,200.96753137277972,623.8850495705493,10.049482061280136,4.320812242544187e-05,0.08278787416666394,0.01957021538168834,0.12411634247239928
