target_id,prot_ps,prot_acf,prot_cs,e_prot_ps,E_prot_ps,e_prot_acf,E_prot_acf,e_prot_cs,E_prot_cs,sph_ps,sph_acf,sph_cs,e_sph_ps,e_sph_acf,e_sph_cs,h_ps,fa_prob_ps,hacf,gacf,hcs
9527952,58.45616257467674,-1.0,59.999999999952664,2.2479667945615533,2.2479667945615533,-1.0,-1.0,1.646387886985758,1.646387886985758,2135.669704860303,-1.0,2132.809485697894,649.4863689798325,-1.0,599.060699970838,25.8255588736584,6.082782517972639e-12,-1.0,-1.0,0.3938955874038594
