target_id,prot_ps,prot_acf,prot_cs,e_prot_ps,E_prot_ps,e_prot_acf,E_prot_acf,e_prot_cs,E_prot_cs,sph_ps,sph_acf,sph_cs,e_sph_ps,e_sph_acf,e_sph_cs,h_ps,fa_prob_ps,hacf,gacf,hcs
9518295,17.95085975437871,17.634272804949433,17.944002346181858,0.7474425534713071,0.7474425534713071,-1.0,-1.0,0.23331705004320458,0.23331705004320458,757.9757742495475,766.0725738192051,758.1011331514713,228.12301596420338,220.9589036144871,229.05271816694267,81.19716159344954,5.451559716994692e-36,0.5850740902031831,0.21480017388019945,0.9619068130252154
