target_id,prot_ps,prot_acf,prot_cs,e_prot_ps,E_prot_ps,e_prot_acf,E_prot_acf,e_prot_cs,E_prot_cs,sph_ps,sph_acf,sph_cs,e_sph_ps,e_sph_acf,e_sph_cs,h_ps,fa_prob_ps,hacf,gacf,hcs
9532280,1.4335098107787279,-1.0,0.24765547541901392,0.9455231316053313,0.9455231316053313,-1.0,-1.0,0.008676903908263494,0.008676903908263494,605.3404960614085,-1.0,572.3891564373641,98.93573345940143,-1.0,100.7023002831711,14.381695859053256,5.676868679545304e-07,-1.0,-1.0,0.42133738839495255
