target_id,prot_ps,prot_acf,prot_cs,e_prot_ps,E_prot_ps,e_prot_acf,E_prot_acf,e_prot_cs,E_prot_cs,sph_ps,sph_acf,sph_cs,e_sph_ps,e_sph_acf,e_sph_cs,h_ps,fa_prob_ps,hacf,gacf,hcs
9527121,3.4420979796448092,-1.0,3.4499547208864776,1.0710664724216155,1.0710664724216155,-1.0,-1.0,0.06715395960183174,0.06715395960183174,438.2997492237193,-1.0,444.65645409254915,71.82240621893918,-1.0,87.81971882038778,35.46278515203523,3.969246728918672e-16,-1.0,-1.0,0.2229895873087617
