target_id,prot_ps,prot_acf,prot_cs,e_prot_ps,E_prot_ps,e_prot_acf,E_prot_acf,e_prot_cs,E_prot_cs,sph_ps,sph_acf,sph_cs,e_sph_ps,e_sph_acf,e_sph_cs,h_ps,fa_prob_ps,hacf,gacf,hcs
9593696,0.11875752229612255,48.46822541579604,1.217631345922127,0.2597568657815539,0.2597568657815539,-1.0,-1.0,0.057317756707981324,0.057317756707981324,1137.0518160935478,1748.6264560455445,1236.9882118389357,174.0316427794395,0.0,192.2095153023993,9.950075806513706,4.772401600839877e-05,0.12693800996052212,0.07822374904704912,0.1152792765956076
