target_id,prot_ps,prot_acf,prot_cs,e_prot_ps,E_prot_ps,e_prot_acf,E_prot_acf,e_prot_cs,E_prot_cs,sph_ps,sph_acf,sph_cs,e_sph_ps,e_sph_acf,e_sph_cs,h_ps,fa_prob_ps,hacf,gacf,hcs
9532354,0.2936990267251612,55.006471648812294,0.3445629630683088,0.4483788105308478,0.4483788105308478,-1.0,-1.0,0.008095338137828114,0.008095338137828114,413.9431388945802,814.9838677350351,416.7881878282948,543.0597232736906,752.1593690137532,547.6475248752366,15.344921436930676,2.1666327061535042e-07,0.1501826142050033,0.08469064763011978,0.14895296323293522
