target_id,prot_ps,prot_acf,prot_cs,e_prot_ps,E_prot_ps,e_prot_acf,E_prot_acf,e_prot_cs,E_prot_cs,sph_ps,sph_acf,sph_cs,e_sph_ps,e_sph_acf,e_sph_cs,h_ps,fa_prob_ps,hacf,gacf,hcs
9603144,4.681284387868345,59.76918186061084,4.712636472674485,0.28009471754839954,0.28009471754839954,-1.0,-1.0,0.17316151119280962,0.17316151119280962,214.86008778881472,272.18006239137685,220.73411983266809,106.99780153937635,44.16726247872089,115.381145641516,30.10564306406066,8.419481424816464e-14,0.10445653450398894,0.03269952065139706,0.12430351014122286
