target_id,prot_ps,prot_acf,prot_cs,e_prot_ps,E_prot_ps,e_prot_acf,E_prot_acf,e_prot_cs,E_prot_cs,sph_ps,sph_acf,sph_cs,e_sph_ps,e_sph_acf,e_sph_cs,h_ps,fa_prob_ps,hacf,gacf,hcs
9642474,0.38670167017782636,56.88742518424988,1.243775927887383,1.4715719189771062,1.4715719189771062,-1.0,-1.0,0.3219105990057849,0.3219105990057849,151.03933029530796,272.4326125303169,167.40388296036176,20.535988574774773,44.36267790611633,27.942831397325016,15.163348330843013,2.5980140340881097e-07,0.18570397950259848,0.14957751862951046,0.35030965287254
