target_id,prot_ps,prot_acf,prot_cs,e_prot_ps,E_prot_ps,e_prot_acf,E_prot_acf,e_prot_cs,E_prot_cs,sph_ps,sph_acf,sph_cs,e_sph_ps,e_sph_acf,e_sph_cs,h_ps,fa_prob_ps,hacf,gacf,hcs
9652354,13.674868506954871,26.56374485231936,13.533410656261259,1.906559835018596,1.906559835018596,-1.0,-1.0,0.9820344743851229,0.9820344743851229,1456.4237375207128,1475.3020477430355,1439.1342070484418,418.23390000497545,353.0530626596806,452.2943499838276,16.716343746221614,5.4977394448905224e-08,0.37726671314634663,0.12405796768959335,1.6143905512190437
