target_id,prot_ps,prot_acf,prot_cs,e_prot_ps,E_prot_ps,e_prot_acf,E_prot_acf,e_prot_cs,E_prot_cs,sph_ps,sph_acf,sph_cs,e_sph_ps,e_sph_acf,e_sph_cs,h_ps,fa_prob_ps,hacf,gacf,hcs
9636465,3.8668407356868815,3.8823802955448627,3.8873381360772292,0.10614497411832172,0.10614497411832172,-1.0,-1.0,0.05474824899580856,0.05474824899580856,3635.8435053732305,3645.788738884873,3643.636347447401,4380.653834894332,4349.338262348256,4343.285293541889,877.6966966684022,0.0,1.4043411385164124,0.864574422444516,0.8833530353158539
