target_id,prot_ps,prot_acf,prot_cs,e_prot_ps,E_prot_ps,e_prot_acf,E_prot_acf,e_prot_cs,E_prot_cs,sph_ps,sph_acf,sph_cs,e_sph_ps,e_sph_acf,e_sph_cs,h_ps,fa_prob_ps,hacf,gacf,hcs
9636421,45.89330126016285,48.03947694506496,2.3065320764295936,1.5478440573223113,1.5478440573223113,-1.0,-1.0,0.008565644149452557,0.008565644149452557,246.99641637455315,246.27191309788236,204.6683328496209,36.9060158363641,33.92742268114701,32.2410078772291,29.62440963997798,1.362330135982417e-13,0.12975025564524448,0.06060757115130749,0.08607106307572404
