target_id,prot_ps,prot_acf,prot_cs,e_prot_ps,E_prot_ps,e_prot_acf,E_prot_acf,e_prot_cs,E_prot_cs,sph_ps,sph_acf,sph_cs,e_sph_ps,e_sph_acf,e_sph_cs,h_ps,fa_prob_ps,hacf,gacf,hcs
9664247,1.6498395250637965,57.62366350740194,1.6588258877769115,1.4033300671204632,1.4033300671204632,-1.0,-1.0,0.3218081942076047,0.3218081942076047,246.50290473893884,432.49300489803426,243.25504460696584,160.40522420480335,104.79079383898082,152.824881783963,14.288511949975826,6.231292037740044e-07,0.15406160779344089,0.0801751713348118,0.4981417962096998
