target_id,prot_ps,prot_acf,prot_cs,e_prot_ps,E_prot_ps,e_prot_acf,E_prot_acf,e_prot_cs,E_prot_cs,sph_ps,sph_acf,sph_cs,e_sph_ps,e_sph_acf,e_sph_cs,h_ps,fa_prob_ps,hacf,gacf,hcs
9603111,31.999329533850716,34.39034216897562,32.16688926376304,0.9208472675812882,0.9208472675812882,-1.0,-1.0,0.5044106815669454,0.5044106815669454,173.77722918203426,173.430882450007,173.489158615577,32.32488698926604,41.49520910875944,32.59539029999173,37.10379809905685,7.691751199479443e-17,0.2896790918546228,0.1122974784455195,0.20799830079515075
