target_id,prot_ps,prot_acf,prot_cs,e_prot_ps,E_prot_ps,e_prot_acf,E_prot_acf,e_prot_cs,E_prot_cs,sph_ps,sph_acf,sph_cs,e_sph_ps,e_sph_acf,e_sph_cs,h_ps,fa_prob_ps,hacf,gacf,hcs
9668569,7.323586005972682,7.049705602694303,7.148263081085555,0.35122716955908845,0.35122716955908845,-1.0,-1.0,0.2008198833186634,0.2008198833186634,2080.946457946243,2065.908569853032,2031.58764853433,1176.1873106505952,1170.8263667970768,1168.2376496991953,374.8095519934644,1.6683217225510926e-163,1.122256401914566,0.7245404511722637,0.36759459481226986
