target_id,prot_ps,prot_acf,prot_cs,e_prot_ps,E_prot_ps,e_prot_acf,E_prot_acf,e_prot_cs,E_prot_cs,sph_ps,sph_acf,sph_cs,e_sph_ps,e_sph_acf,e_sph_cs,h_ps,fa_prob_ps,hacf,gacf,hcs
9697140,0.4065093095500683,-1.0,3.3580713026784363,0.4659454024071436,0.4659454024071436,-1.0,-1.0,1.7885683478049057,1.7885683478049057,163.4834297821307,-1.0,175.23153924585074,15.876743792135816,-1.0,24.14593540391632,12.077440430682225,5.6863588778317255e-06,-1.0,-1.0,0.07570172498748311
