target_id,prot_ps,prot_acf,prot_cs,e_prot_ps,E_prot_ps,e_prot_acf,E_prot_acf,e_prot_cs,E_prot_cs,sph_ps,sph_acf,sph_cs,e_sph_ps,e_sph_acf,e_sph_cs,h_ps,fa_prob_ps,hacf,gacf,hcs
9653422,24.762469381137127,24.745182155631483,24.98950404675114,0.7160924812168417,0.7160924812168417,-1.0,-1.0,0.393633695367856,0.393633695367856,2020.9197495492883,2020.6273270552354,2019.7535502232038,576.6883864673915,578.3796442265815,567.7531756915898,83.8776128401958,3.736075020445041e-37,0.872309609530121,0.4568671801545698,0.996637291035586
