target_id,prot_ps,prot_acf,prot_cs,e_prot_ps,E_prot_ps,e_prot_acf,E_prot_acf,e_prot_cs,E_prot_cs,sph_ps,sph_acf,sph_cs,e_sph_ps,e_sph_acf,e_sph_cs,h_ps,fa_prob_ps,hacf,gacf,hcs
9674763,7.726418952142178,3.6372010353952646,7.646790925422489,0.24295129040372548,0.24295129040372548,-1.0,-1.0,0.04790644764228297,0.04790644764228297,1686.4082760739593,1550.9971785703315,1701.6153848236524,569.0973564526598,539.965928399932,580.6666869629468,121.72019808692215,1.3727442544841637e-53,0.23634173486868407,0.32037876867704396,4.565548939488026
