target_id,prot_ps,prot_acf,prot_cs,e_prot_ps,E_prot_ps,e_prot_acf,E_prot_acf,e_prot_cs,E_prot_cs,sph_ps,sph_acf,sph_cs,e_sph_ps,e_sph_acf,e_sph_cs,h_ps,fa_prob_ps,hacf,gacf,hcs
9658433,11.503829010133714,11.524596920236945,11.619204870131796,0.41886632549461905,0.41886632549461905,-1.0,-1.0,0.2850031196978491,0.2850031196978491,2155.061428923536,2154.561827674953,2169.1873624917316,1570.1164005897474,1567.525938106592,1553.0269442484089,79.0055010118944,4.879180341240705e-35,0.8366295579914491,0.5027051900694742,0.9991960122287711
