target_id,prot_ps,prot_acf,prot_cs,e_prot_ps,E_prot_ps,e_prot_acf,E_prot_acf,e_prot_cs,E_prot_cs,sph_ps,sph_acf,sph_cs,e_sph_ps,e_sph_acf,e_sph_cs,h_ps,fa_prob_ps,hacf,gacf,hcs
9655067,12.810904681060764,12.648382007610053,12.809775292711077,0.3118916334273244,0.3118916334273244,-1.0,-1.0,0.09374794638302465,0.09374794638302465,2663.697924414081,2689.458810689526,2663.697924414081,829.8762371207747,705.3063076176131,829.8762371207747,209.4459905070936,1.0933571919163504e-91,0.1786653258465557,0.27372389122889723,0.06136690825889179
