target_id,prot_ps,prot_acf,prot_cs,e_prot_ps,E_prot_ps,e_prot_acf,E_prot_acf,e_prot_cs,E_prot_cs,sph_ps,sph_acf,sph_cs,e_sph_ps,e_sph_acf,e_sph_cs,h_ps,fa_prob_ps,hacf,gacf,hcs
9662554,0.12902702819850703,48.95981729216874,1.7542572264326735,0.17074912752822297,0.17074912752822297,-1.0,-1.0,1.972683399663497,1.972683399663497,301.9686488703565,419.14687025103586,326.910685627926,181.5117877790814,88.04077669158556,190.42747438703788,102.34533397643835,3.5643981163479564e-45,0.06608611789404513,0.026198973998138374,0.03593553007397902
