target_id,prot_ps,prot_acf,prot_cs,e_prot_ps,E_prot_ps,e_prot_acf,E_prot_acf,e_prot_cs,E_prot_cs,sph_ps,sph_acf,sph_cs,e_sph_ps,e_sph_acf,e_sph_cs,h_ps,fa_prob_ps,hacf,gacf,hcs
9637002,39.99676891716824,40.13186945952475,0.4104836519231893,7.389056098930649,7.389056098930649,-1.0,-1.0,0.011003322071030741,0.011003322071030741,1477.115654918989,1475.9340847832275,422.42035387899585,333.0310332258498,332.1690157804507,95.19292807815081,12.85788893399318,2.605492258039123e-06,0.4210854331638873,0.20004310307358597,0.6373267563755545
