target_id,prot_ps,prot_acf,prot_cs,e_prot_ps,E_prot_ps,e_prot_acf,E_prot_acf,e_prot_cs,E_prot_cs,sph_ps,sph_acf,sph_cs,e_sph_ps,e_sph_acf,e_sph_cs,h_ps,fa_prob_ps,hacf,gacf,hcs
9642710,54.0905151505635,56.683013247326016,28.619897646578533,7.389056098929564,7.389056098929564,-1.0,-1.0,0.284125678015634,0.284125678015634,1076.6291645858796,1063.8269302428516,1052.6792066940602,98.8903759866487,103.76329935343172,137.58271019261235,15.588767470621525,1.6977913158007868e-07,0.17822802894782575,0.10497295839648442,0.5958524646227148
