target_id,prot_ps,prot_acf,prot_cs,e_prot_ps,E_prot_ps,e_prot_acf,E_prot_acf,e_prot_cs,E_prot_cs,sph_ps,sph_acf,sph_cs,e_sph_ps,e_sph_acf,e_sph_cs,h_ps,fa_prob_ps,hacf,gacf,hcs
9640570,0.2887786336524787,29.077103004790843,14.295694228865049,0.006358750913810979,0.006358750913810979,-1.0,-1.0,0.42996848311986535,0.42996848311986535,279.5467054270515,592.857540869186,584.0937090986423,68.79519695812938,92.10871236054156,129.21383223313276,8854.938619011087,0.0,0.1918861578908283,0.06313525722662434,0.0013493084152949775
