target_id,prot_ps,prot_acf,prot_cs,e_prot_ps,E_prot_ps,e_prot_acf,E_prot_acf,e_prot_cs,E_prot_cs,sph_ps,sph_acf,sph_cs,e_sph_ps,e_sph_acf,e_sph_cs,h_ps,fa_prob_ps,hacf,gacf,hcs
9712531,45.65580794738659,-1.0,28.6521817574115,7.389056098930116,7.389056098930116,-1.0,-1.0,0.25373208117031043,0.25373208117031043,672.7810203330786,-1.0,671.4813797539168,82.36685449819672,-1.0,100.20462282240051,12.994265544246689,2.273328401410953e-06,-1.0,-1.0,0.10502606058751907
