target_id,prot_ps,prot_acf,prot_cs,e_prot_ps,E_prot_ps,e_prot_acf,E_prot_acf,e_prot_cs,E_prot_cs,sph_ps,sph_acf,sph_cs,e_sph_ps,e_sph_acf,e_sph_cs,h_ps,fa_prob_ps,hacf,gacf,hcs
9715672,0.1565239287101245,-1.0,3.3580478089582178,0.17377154677048012,0.17377154677048012,-1.0,-1.0,0.27027285700631687,0.27027285700631687,703.6276726590543,-1.0,863.5487988142177,265.5708867741004,-1.0,311.16847841486305,20.6296133178506,1.0981780836973658e-09,-1.0,-1.0,0.19312032102008658
