target_id,prot_ps,prot_acf,prot_cs,e_prot_ps,E_prot_ps,e_prot_acf,E_prot_acf,e_prot_cs,E_prot_cs,sph_ps,sph_acf,sph_cs,e_sph_ps,e_sph_acf,e_sph_cs,h_ps,fa_prob_ps,hacf,gacf,hcs
9775956,0.5292589653463111,54.90542870294303,0.5264580460811863,0.01778290242789145,0.01778290242789145,-1.0,-1.0,0.007678552977158017,0.007678552977158017,156.14440843065503,200.68861023948693,156.23126456956732,32.42833812377825,33.18543434233141,29.747479530344755,120.93781424934112,3.0017506826418977e-53,0.12373506205964072,0.07377640867926581,0.05139607766801806
