target_id,prot_ps,prot_acf,prot_cs,e_prot_ps,E_prot_ps,e_prot_acf,E_prot_acf,e_prot_cs,E_prot_cs,sph_ps,sph_acf,sph_cs,e_sph_ps,e_sph_acf,e_sph_cs,h_ps,fa_prob_ps,hacf,gacf,hcs
9762947,0.3795750988539326,52.02409276552498,1.5576577342982532,0.6220933534318737,0.6220933534318737,-1.0,-1.0,2.454655313447742,2.454655313447742,204.06523123954497,307.42133424201194,222.19417589327978,30.086893611576134,28.05694599684102,43.16823801208998,12.643956666376363,3.227003157679409e-06,0.10162988282299835,0.02019727841951784,0.2356195936953304
