target_id,prot_ps,prot_acf,prot_cs,e_prot_ps,E_prot_ps,e_prot_acf,E_prot_acf,e_prot_cs,E_prot_cs,sph_ps,sph_acf,sph_cs,e_sph_ps,e_sph_acf,e_sph_cs,h_ps,fa_prob_ps,hacf,gacf,hcs
9764901,28.646765121315795,57.45951906964183,28.647021709954203,0.8985437078577486,0.8985437078577486,-1.0,-1.0,0.26652201631614636,0.26652201631614636,632.186844259459,638.4515727951026,632.186844259459,88.3578523602594,65.27226282296107,88.3578523602594,22.54839046119412,1.6119755375405958e-10,0.1950601773640558,0.07132370628113743,0.9567124915938325
