target_id,prot_ps,prot_acf,prot_cs,e_prot_ps,E_prot_ps,e_prot_acf,E_prot_acf,e_prot_cs,E_prot_cs,sph_ps,sph_acf,sph_cs,e_sph_ps,e_sph_acf,e_sph_cs,h_ps,fa_prob_ps,hacf,gacf,hcs
9723890,6.800646241825923,51.57521282881498,1.629097794109725,7.389056098930614,7.389056098930614,-1.0,-1.0,0.18325601960422983,0.18325601960422983,348.1901768665373,392.36766685141487,298.8138920778714,162.01218117882703,42.795387428614355,159.05437492381344,18.143530504572883,1.3193645766607493e-08,0.04321990132030107,0.03760725359660983,0.3621239661680054
