target_id,prot_ps,prot_acf,prot_cs,e_prot_ps,E_prot_ps,e_prot_acf,E_prot_acf,e_prot_cs,E_prot_cs,sph_ps,sph_acf,sph_cs,e_sph_ps,e_sph_acf,e_sph_cs,h_ps,fa_prob_ps,hacf,gacf,hcs
9714312,2.205896778107124,-1.0,2.18763179147616,0.8468343902703062,0.8468343902703062,-1.0,-1.0,0.129963663657893,0.129963663657893,249.17374517037075,-1.0,249.6114256545577,38.0586305812881,-1.0,35.539181054620315,21.80308375653444,3.3965736496784557e-10,-1.0,-1.0,0.36007663512617233
