target_id,prot_ps,prot_acf,prot_cs,e_prot_ps,E_prot_ps,e_prot_acf,E_prot_acf,e_prot_cs,E_prot_cs,sph_ps,sph_acf,sph_cs,e_sph_ps,e_sph_acf,e_sph_cs,h_ps,fa_prob_ps,hacf,gacf,hcs
9704715,54.11060720415812,-1.0,1.1872353894035268,3.5530581414332523,3.5530581414332523,-1.0,-1.0,0.012910440362002295,0.012910440362002295,847.8142537590426,-1.0,526.8983627857941,57.701192315272664,-1.0,71.57696852319651,13.615429188147537,1.2215021475223554e-06,-1.0,-1.0,0.2936389714378158
