target_id,prot_ps,prot_acf,prot_cs,e_prot_ps,E_prot_ps,e_prot_acf,E_prot_acf,e_prot_cs,E_prot_cs,sph_ps,sph_acf,sph_cs,e_sph_ps,e_sph_acf,e_sph_cs,h_ps,fa_prob_ps,hacf,gacf,hcs
9712943,5.5353353851390485,16.898677749093622,1.3149092057486997,1.8041164556718103,1.8041164556718103,-1.0,-1.0,0.08420664937806303,0.08420664937806303,959.4064059500553,1028.0593245185573,670.4269797606809,303.70000214036867,219.77794651927206,336.9277232129408,23.996020605956584,3.790187222602943e-11,0.40629184609856195,0.25044231936200473,0.6808854574588298
