target_id,prot_ps,prot_acf,prot_cs,e_prot_ps,E_prot_ps,e_prot_acf,E_prot_acf,e_prot_cs,E_prot_cs,sph_ps,sph_acf,sph_cs,e_sph_ps,e_sph_acf,e_sph_cs,h_ps,fa_prob_ps,hacf,gacf,hcs
9704713,5.806367988365413,5.476234767585993,5.874673321334416,0.5501680606322491,0.5501680606322491,-1.0,-1.0,0.04468143790083092,0.04468143790083092,1660.262756897047,1654.5053615546692,1645.739769727086,425.8222834986052,426.61385461775905,453.74735460570685,143.11226501946823,7.032876795794977e-63,0.9874411367827078,0.6198902419471145,0.8702964443245936
