target_id,prot_ps,prot_acf,prot_cs,e_prot_ps,E_prot_ps,e_prot_acf,E_prot_acf,e_prot_cs,E_prot_cs,sph_ps,sph_acf,sph_cs,e_sph_ps,e_sph_acf,e_sph_cs,h_ps,fa_prob_ps,hacf,gacf,hcs
9722938,14.60713208837948,29.28183601051569,14.64894918195153,0.5406649414301308,0.5406649414301308,-1.0,-1.0,0.3536970928927995,0.3536970928927995,1354.0107753819868,1491.3872745426704,1356.2035800735546,694.4017613542956,322.0592799851601,691.2887956789415,52.00308423190989,2.6022407660356246e-23,0.5265873838210251,0.28240795589781437,0.9003328563790457
