target_id,prot_ps,prot_acf,prot_cs,e_prot_ps,E_prot_ps,e_prot_acf,E_prot_acf,e_prot_cs,E_prot_cs,sph_ps,sph_acf,sph_cs,e_sph_ps,e_sph_acf,e_sph_cs,h_ps,fa_prob_ps,hacf,gacf,hcs
9766728,0.1151929010073703,-1.0,4.066092917514035,0.25173788498109695,0.25173788498109695,-1.0,-1.0,0.7366985325289985,0.7366985325289985,217.77494793317595,-1.0,276.62423463885824,31.71693819446116,-1.0,17.450621170817495,11.75477107277892,7.85177393452535e-06,-1.0,-1.0,0.15617182738099863
