target_id,prot_ps,prot_acf,prot_cs,e_prot_ps,E_prot_ps,e_prot_acf,E_prot_acf,e_prot_cs,E_prot_cs,sph_ps,sph_acf,sph_cs,e_sph_ps,e_sph_acf,e_sph_cs,h_ps,fa_prob_ps,hacf,gacf,hcs
9785537,0.12655794044032784,-1.0,0.5523039546252955,7.38905609880258,7.38905609880258,-1.0,-1.0,0.007775802667028624,0.007775802667028624,291.34941000936084,-1.0,303.5941829421709,158.3502025779056,-1.0,158.61360209080848,12.0749474449322,5.700552574474303e-06,-1.0,-1.0,0.2933213125698294
