target_id,prot_ps,prot_acf,prot_cs,e_prot_ps,E_prot_ps,e_prot_acf,E_prot_acf,e_prot_cs,E_prot_cs,sph_ps,sph_acf,sph_cs,e_sph_ps,e_sph_acf,e_sph_cs,h_ps,fa_prob_ps,hacf,gacf,hcs
9724861,0.1794468009230655,22.51821726746857,0.262984987506659,7.389056098930649,7.389056098930649,-1.0,-1.0,0.012196808572720857,0.012196808572720857,207.46299476960758,769.8914523080329,222.98430772957886,117.30910112907772,326.9330383820983,129.49437923594118,14.605820021239486,4.537043687151232e-07,0.21550300260337413,0.02018048232791878,7.157442929788783
