target_id,prot_ps,prot_acf,prot_cs,e_prot_ps,E_prot_ps,e_prot_acf,E_prot_acf,e_prot_cs,E_prot_cs,sph_ps,sph_acf,sph_cs,e_sph_ps,e_sph_acf,e_sph_cs,h_ps,fa_prob_ps,hacf,gacf,hcs
9726104,45.655667276436134,-1.0,1.8987179830297827,7.389056098930649,7.389056098930649,-1.0,-1.0,1.0014174634758064,1.0014174634758064,536.2225571457407,-1.0,430.3718134879041,77.6054098839344,-1.0,221.11410648675354,12.503585493902166,3.713315205742322e-06,-1.0,-1.0,0.29853931042205517
