target_id,prot_ps,prot_acf,prot_cs,e_prot_ps,E_prot_ps,e_prot_acf,E_prot_acf,e_prot_cs,E_prot_cs,sph_ps,sph_acf,sph_cs,e_sph_ps,e_sph_acf,e_sph_cs,h_ps,fa_prob_ps,hacf,gacf,hcs
9715549,5.851427081102493,11.688022963702679,11.557247881591318,0.17854846781974543,0.17854846781974543,-1.0,-1.0,0.3787702358651539,0.3787702358651539,1516.4237459601977,1652.7527581712638,1642.9299457084935,1541.7704960255332,1523.1239728026535,1532.0677942170328,53.98532779212852,3.584842140427655e-24,0.5405136565114738,0.4010373792156208,0.742897414674654
