target_id,prot_ps,prot_acf,prot_cs,e_prot_ps,E_prot_ps,e_prot_acf,E_prot_acf,e_prot_cs,E_prot_cs,sph_ps,sph_acf,sph_cs,e_sph_ps,e_sph_acf,e_sph_cs,h_ps,fa_prob_ps,hacf,gacf,hcs
9752723,29.815980131466112,56.19262170512229,1.5981181612936781,1.529136413794848,1.529136413794848,-1.0,-1.0,0.5351433485500132,0.5351433485500132,1041.5914077914997,1060.0389615545541,771.0712543146861,162.50851153782503,135.89704788586815,155.26676757816074,17.338781722202565,2.9502768746166433e-08,0.11501077539977103,0.11200177176859344,0.7965474558633082
