target_id,prot_ps,prot_acf,prot_cs,e_prot_ps,E_prot_ps,e_prot_acf,E_prot_acf,e_prot_cs,E_prot_cs,sph_ps,sph_acf,sph_cs,e_sph_ps,e_sph_acf,e_sph_cs,h_ps,fa_prob_ps,hacf,gacf,hcs
9766616,20.287562810419566,20.270254135131836,20.422787616770947,0.7933246236826348,0.7933246236826348,-1.0,-1.0,0.39122679742240374,0.39122679742240374,2588.0016069650896,2556.6604103599975,2593.9759204020193,725.0272996821635,709.7739718981462,716.0279393761206,63.60251527850415,2.3865941919193394e-28,0.7364813480599288,0.4619098271184766,0.9972087512681606
