target_id,prot_ps,prot_acf,prot_cs,e_prot_ps,E_prot_ps,e_prot_acf,E_prot_acf,e_prot_cs,E_prot_cs,sph_ps,sph_acf,sph_cs,e_sph_ps,e_sph_acf,e_sph_cs,h_ps,fa_prob_ps,hacf,gacf,hcs
9787228,7.964691358249411,6.804506514687091,7.945742817525751,1.50012529284752,1.50012529284752,-1.0,-1.0,0.42933631607076217,0.42933631607076217,148.2437549758107,145.5908699785739,148.67455271206774,74.40644293357838,79.4391118444893,76.49592127527679,18.918654595667928,6.077608265976831e-09,0.13905291574521736,0.2178895854540645,1.066111279725906
