target_id,prot_ps,prot_acf,prot_cs,e_prot_ps,E_prot_ps,e_prot_acf,E_prot_acf,e_prot_cs,E_prot_cs,sph_ps,sph_acf,sph_cs,e_sph_ps,e_sph_acf,e_sph_cs,h_ps,fa_prob_ps,hacf,gacf,hcs
9823609,0.32819532659911327,30.22149215033278,0.1214747988460639,0.3548045211035343,0.3548045211035343,-1.0,-1.0,0.009731151667896959,0.009731151667896959,68.50208566321824,209.12500274708614,58.950902596732526,23.013860648778405,87.70219614936879,13.80572115311387,13.581073322902242,1.264197122691623e-06,0.3073416006758455,0.1265630671144576,2.7888767315187453
