target_id,prot_ps,prot_acf,prot_cs,e_prot_ps,E_prot_ps,e_prot_acf,E_prot_acf,e_prot_cs,E_prot_cs,sph_ps,sph_acf,sph_cs,e_sph_ps,e_sph_acf,e_sph_cs,h_ps,fa_prob_ps,hacf,gacf,hcs
9875737,3.719199816102767,3.7394279767759144,3.7236761870029347,0.11080315656531253,0.11080315656531253,-1.0,-1.0,0.07396480241992726,0.07396480241992726,2464.397811763975,2466.4045742286175,2464.5537566208613,300.61042228309066,296.8350088520179,301.8057374825775,260.03800521559646,1.166619549338828e-113,1.0248014984327338,0.5968704388297855,0.9970910796743209
