target_id,prot_ps,prot_acf,prot_cs,e_prot_ps,E_prot_ps,e_prot_acf,E_prot_acf,e_prot_cs,E_prot_cs,sph_ps,sph_acf,sph_cs,e_sph_ps,e_sph_acf,e_sph_cs,h_ps,fa_prob_ps,hacf,gacf,hcs
9883500,4.495708854825727,9.052140112034976,9.060109264729542,0.15255326802223795,0.15255326802223795,-1.0,-1.0,0.32019279363571146,0.32019279363571146,2236.237830982587,2350.149829189629,2351.5910343702385,693.1817581309768,736.3976896959142,741.2704262058752,84.88042395029743,1.3705669556609012e-37,0.7345605255000085,0.4891727651366248,0.38874413134909336
