target_id,prot_ps,prot_acf,prot_cs,e_prot_ps,E_prot_ps,e_prot_acf,E_prot_acf,e_prot_cs,E_prot_cs,sph_ps,sph_acf,sph_cs,e_sph_ps,e_sph_acf,e_sph_cs,h_ps,fa_prob_ps,hacf,gacf,hcs
9838219,10.670755276847212,21.517111903522164,10.65874194275302,0.3572647759576134,0.3572647759576134,-1.0,-1.0,0.09058592124914,0.09058592124914,3088.7851116186994,3404.1136466323537,2998.6352883138306,2578.7108872722715,2226.343314378562,2528.992777663532,62.59729836091777,6.521368476283673e-28,0.7483374121563275,0.42363661121695456,0.49799015306432926
