target_id,prot_ps,prot_acf,prot_cs,e_prot_ps,E_prot_ps,e_prot_acf,E_prot_acf,e_prot_cs,E_prot_cs,sph_ps,sph_acf,sph_cs,e_sph_ps,e_sph_acf,e_sph_cs,h_ps,fa_prob_ps,hacf,gacf,hcs
9872638,9.235042187269928,9.542550161015242,9.349042773381806,0.5553782101465601,0.5553782101465601,-1.0,-1.0,0.3322309576254057,0.3322309576254057,3126.890997388611,3126.313837371161,3066.39893084116,1109.489838520652,1134.7055027096899,1209.2992963975962,100.59620412374858,2.0493854505534838e-44,1.0472995205296538,0.5535719585253726,0.8419297140228662
