target_id,prot_ps,prot_acf,prot_cs,e_prot_ps,E_prot_ps,e_prot_acf,E_prot_acf,e_prot_cs,E_prot_cs,sph_ps,sph_acf,sph_cs,e_sph_ps,e_sph_acf,e_sph_cs,h_ps,fa_prob_ps,hacf,gacf,hcs
9838078,0.6120183932751038,0.6130105443298817,0.613371717460749,0.013225003920549393,0.013225003920549393,-1.0,-1.0,0.005414954991031213,0.005414954991031213,4665.124163845867,4665.959701317784,4665.959701317784,1974.4255837283922,1975.651702191591,1975.651702191591,292748.5061191807,0.0,1.6423104538055329,0.9487115708994821,0.024144470862668084
