target_id,prot_ps,prot_acf,prot_cs,e_prot_ps,E_prot_ps,e_prot_acf,E_prot_acf,e_prot_cs,E_prot_cs,sph_ps,sph_acf,sph_cs,e_sph_ps,e_sph_acf,e_sph_cs,h_ps,fa_prob_ps,hacf,gacf,hcs
9834249,0.12799272483403457,18.655866651795805,0.8293993728328497,0.075625703758073,0.075625703758073,-1.0,-1.0,0.11092057452134996,0.11092057452134996,1396.0097959528005,3242.5413696838414,1645.0662562675266,212.52764074755927,0.0,343.70759642718974,7.628178171017593,0.0004865464558263717,7.273345123558553e-05,0.0622905106098523,13.921719550576473
