target_id,prot_ps,prot_acf,prot_cs,e_prot_ps,E_prot_ps,e_prot_acf,E_prot_acf,e_prot_cs,E_prot_cs,sph_ps,sph_acf,sph_cs,e_sph_ps,e_sph_acf,e_sph_cs,h_ps,fa_prob_ps,hacf,gacf,hcs
9898009,0.8678922521975064,-1.0,0.8658858401676156,0.038592088605245,0.038592088605245,-1.0,-1.0,0.02496047969635984,0.02496047969635984,275.85898988076997,-1.0,275.6337179969382,41.46913863046044,-1.0,42.927942268215055,88.31786754297869,4.405928779387422e-39,-1.0,-1.0,0.08182305863477966
