target_id,prot_ps,prot_acf,prot_cs,e_prot_ps,E_prot_ps,e_prot_acf,E_prot_acf,e_prot_cs,E_prot_cs,sph_ps,sph_acf,sph_cs,e_sph_ps,e_sph_acf,e_sph_cs,h_ps,fa_prob_ps,hacf,gacf,hcs
9892749,0.8130342026777037,2.4316178574226797,2.438063232930617,0.017965988926387885,0.017965988926387885,-1.0,-1.0,0.008269364244443956,0.008269364244443956,218.94161554692414,224.74856799760664,224.5923443566763,41.598437505269715,37.71040347743242,37.31267861695427,6721.730318750218,0.0,0.8184127589017429,0.7578102356839593,12.808745859237373
