target_id,prot_ps,prot_acf,prot_cs,e_prot_ps,E_prot_ps,e_prot_acf,E_prot_acf,e_prot_cs,E_prot_cs,sph_ps,sph_acf,sph_cs,e_sph_ps,e_sph_acf,e_sph_cs,h_ps,fa_prob_ps,hacf,gacf,hcs
9821382,3.785446269655962,3.80066632758826,3.8187400737483688,0.10584948022338479,0.10584948022338479,-1.0,-1.0,0.04005056805452004,0.04005056805452004,1249.906636400345,1255.0504072020317,1249.9210192786215,453.1243964494774,447.1069861143534,432.01818434373337,563.4186569876799,2.043554708985474e-245,1.2483027981757366,0.8117984833400302,0.8434563745950352
