target_id,prot_ps,prot_acf,prot_cs,e_prot_ps,E_prot_ps,e_prot_acf,E_prot_acf,e_prot_cs,E_prot_cs,sph_ps,sph_acf,sph_cs,e_sph_ps,e_sph_acf,e_sph_cs,h_ps,fa_prob_ps,hacf,gacf,hcs
9824105,5.776009246492811,11.136373195331544,11.564652788274055,1.387517137685516,1.387517137685516,-1.0,-1.0,0.11334626833951321,0.11334626833951321,1263.809196678424,1298.9012365000783,1311.797972359904,419.70559744580856,378.224424136772,362.99590510503555,54.058068047698285,3.333337932779425e-24,0.7259887053666378,0.3984370590535961,0.7859383713919316
