target_id,prot_ps,prot_acf,prot_cs,e_prot_ps,E_prot_ps,e_prot_acf,E_prot_acf,e_prot_cs,E_prot_cs,sph_ps,sph_acf,sph_cs,e_sph_ps,e_sph_acf,e_sph_cs,h_ps,fa_prob_ps,hacf,gacf,hcs
9833842,0.3367103318261527,-1.0,0.7429686104133724,7.389056098644328,7.389056098644328,-1.0,-1.0,0.3016816921642132,0.3016816921642132,318.2672415713311,-1.0,326.2457579990878,40.91869799934765,-1.0,41.26955294469454,13.17989841495016,1.888177622503855e-06,-1.0,-1.0,0.13670040951332088
