target_id,prot_ps,prot_acf,prot_cs,e_prot_ps,E_prot_ps,e_prot_acf,E_prot_acf,e_prot_cs,E_prot_cs,sph_ps,sph_acf,sph_cs,e_sph_ps,e_sph_acf,e_sph_cs,h_ps,fa_prob_ps,hacf,gacf,hcs
9815249,9.405410226655292,18.778557625133544,18.659458176095356,0.3764680196832179,0.3764680196832179,-1.0,-1.0,0.4685877336527373,0.4685877336527373,4147.445051783528,4367.996525582683,4344.297449042333,1657.1747861194697,1530.5459197240373,1476.7849708477108,47.59019126833991,2.147051884252567e-21,0.6797625347031907,0.37801197632975897,0.9228168714600475
