target_id,prot_ps,prot_acf,prot_cs,e_prot_ps,E_prot_ps,e_prot_acf,E_prot_acf,e_prot_cs,E_prot_cs,sph_ps,sph_acf,sph_cs,e_sph_ps,e_sph_acf,e_sph_cs,h_ps,fa_prob_ps,hacf,gacf,hcs
9839079,11.32104812241792,58.29731605108827,1.465299871722236,3.4105563707023365,3.4105563707023365,-1.0,-1.0,0.7861233884626943,0.7861233884626943,1390.5984186128153,1475.9890874351415,697.8959757273717,375.6830999157888,75.46876515416142,255.72826493871875,14.175498106184092,6.976850134373681e-07,0.22665860808140553,0.12637626309549235,0.47575559774299403
