target_id,prot_ps,prot_acf,prot_cs,e_prot_ps,E_prot_ps,e_prot_acf,E_prot_acf,e_prot_cs,E_prot_cs,sph_ps,sph_acf,sph_cs,e_sph_ps,e_sph_acf,e_sph_cs,h_ps,fa_prob_ps,hacf,gacf,hcs
9851638,1.4902757066115975,54.37486425647512,3.135596738127061,0.5055163853484799,0.5055163853484799,-1.0,-1.0,0.3290916104782743,0.3290916104782743,917.1217913108422,2375.980197680733,1247.9462215490973,740.4210808857098,822.9104079517805,967.4129716090142,19.487939164100393,3.439501929085688e-09,0.22110691678320551,0.020489694570154857,13.24367578046213
