target_id,prot_ps,prot_acf,prot_cs,e_prot_ps,E_prot_ps,e_prot_acf,E_prot_acf,e_prot_cs,E_prot_cs,sph_ps,sph_acf,sph_cs,e_sph_ps,e_sph_acf,e_sph_cs,h_ps,fa_prob_ps,hacf,gacf,hcs
9844393,2.9920409041923124,-1.0,3.0142236768454316,0.1221745806264225,0.1221745806264225,-1.0,-1.0,0.09573330647069965,0.09573330647069965,561.6701487337932,-1.0,561.9103313722825,305.676670260979,-1.0,312.1729451710985,66.37269648799648,1.4952167936897325e-29,-1.0,-1.0,0.15106639269645236
