target_id,prot_ps,prot_acf,prot_cs,e_prot_ps,E_prot_ps,e_prot_acf,E_prot_acf,e_prot_cs,E_prot_cs,sph_ps,sph_acf,sph_cs,e_sph_ps,e_sph_acf,e_sph_cs,h_ps,fa_prob_ps,hacf,gacf,hcs
9827596,5.786079622297999,11.524587465450168,11.51526996948089,0.34221472792096724,0.34221472792096724,-1.0,-1.0,0.19089496658955551,0.19089496658955551,1181.508485783939,1238.2575358202912,1239.5300567292443,328.5401516563093,268.18889430191246,266.8515180130324,67.04084646025127,7.665320535894956e-30,0.5316332603566001,0.38357308919936983,0.9699967811274026
