target_id,prot_ps,prot_acf,prot_cs,e_prot_ps,E_prot_ps,e_prot_acf,E_prot_acf,e_prot_cs,E_prot_cs,sph_ps,sph_acf,sph_cs,e_sph_ps,e_sph_acf,e_sph_cs,h_ps,fa_prob_ps,hacf,gacf,hcs
9839980,2.6176478582948954,2.635955672711134,2.613165592268074,0.0643877830206874,0.0643877830206874,-1.0,-1.0,0.03127638317600094,0.03127638317600094,3096.3173569443547,3098.1225458841623,3100.1383552915527,1200.1747149460314,1200.8330128126504,1207.9377297726662,3970.5061912175065,0.0,1.4328208343633078,0.9019702024202184,0.4317683577881683
