target_id,prot_ps,prot_acf,prot_cs,e_prot_ps,E_prot_ps,e_prot_acf,E_prot_acf,e_prot_cs,E_prot_cs,sph_ps,sph_acf,sph_cs,e_sph_ps,e_sph_acf,e_sph_cs,h_ps,fa_prob_ps,hacf,gacf,hcs
9873068,54.09265979561121,57.84771292330697,0.40458661811426294,7.389056098930649,7.389056098930649,-1.0,-1.0,0.011049298626568399,0.011049298626568399,886.106197465393,884.9110507160898,705.188429115181,39.73964684518377,44.11463412066424,99.37250156630641,19.769857955494025,2.594536483147053e-09,0.09759264506696286,0.044475563402443574,0.14855166423023788
