target_id,prot_ps,prot_acf,prot_cs,e_prot_ps,E_prot_ps,e_prot_acf,E_prot_acf,e_prot_cs,E_prot_cs,sph_ps,sph_acf,sph_cs,e_sph_ps,e_sph_acf,e_sph_cs,h_ps,fa_prob_ps,hacf,gacf,hcs
9833033,0.14052016769390857,-1.0,0.33020873785018917,7.389056098930486,7.389056098930486,-1.0,-1.0,0.3592471181547762,0.3592471181547762,555.9015354130431,-1.0,572.113302256672,95.86861623250057,-1.0,82.40196894738128,11.992336205521056,6.1914812321691495e-06,-1.0,-1.0,0.1765931875282918
