target_id,prot_ps,prot_acf,prot_cs,e_prot_ps,E_prot_ps,e_prot_acf,E_prot_acf,e_prot_cs,E_prot_cs,sph_ps,sph_acf,sph_cs,e_sph_ps,e_sph_acf,e_sph_cs,h_ps,fa_prob_ps,hacf,gacf,hcs
9895802,23.190308926911975,49.2043298445642,1.4362841963348911,1.7370517425401302,1.7370517425401302,-1.0,-1.0,0.8051549704917349,0.8051549704917349,465.03193430914746,470.10696536708906,366.43295837140755,53.305429118431555,36.68278455420914,57.95613802004997,11.399601895496575,1.1199942702813043e-05,0.09370793789742302,0.0014492170541129808,0.604802331342398
