target_id,prot_ps,prot_acf,prot_cs,e_prot_ps,E_prot_ps,e_prot_acf,E_prot_acf,e_prot_cs,E_prot_cs,sph_ps,sph_acf,sph_cs,e_sph_ps,e_sph_acf,e_sph_cs,h_ps,fa_prob_ps,hacf,gacf,hcs
9848077,12.9249151409235,28.19879349321127,15.066078947693995,2.070178095622908,2.070178095622908,-1.0,-1.0,0.10604503476316912,0.10604503476316912,1460.4382713411042,1583.1276657267908,1493.5105015486452,704.7263934973452,507.6942267925108,692.5290758437396,25.130191403251924,1.219260612489085e-11,0.7329075416677993,0.37244277960214456,0.5955815908774861
