target_id,prot_ps,prot_acf,prot_cs,e_prot_ps,E_prot_ps,e_prot_acf,E_prot_acf,e_prot_cs,E_prot_cs,sph_ps,sph_acf,sph_cs,e_sph_ps,e_sph_acf,e_sph_cs,h_ps,fa_prob_ps,hacf,gacf,hcs
9994925,20.291466601361062,-1.0,3.1355470049427825,7.38905609893048,7.38905609893048,-1.0,-1.0,0.13371207283220735,0.13371207283220735,935.4548383027185,-1.0,739.2435043804544,134.17246583474974,-1.0,193.95937383164693,11.504292532005561,1.0086703041941493e-05,-1.0,-1.0,0.36386199982663175
