target_id,prot_ps,prot_acf,prot_cs,e_prot_ps,E_prot_ps,e_prot_acf,E_prot_acf,e_prot_cs,E_prot_cs,sph_ps,sph_acf,sph_cs,e_sph_ps,e_sph_acf,e_sph_cs,h_ps,fa_prob_ps,hacf,gacf,hcs
9945811,0.11301890034596465,-1.0,0.5912314439242875,7.389056098930068,7.389056098930068,-1.0,-1.0,0.01193511427986415,0.01193511427986415,210.75811167986234,-1.0,222.0368076419802,146.463634821177,-1.0,148.49523293754376,9.62413116614418,6.611392509859266e-05,-1.0,-1.0,0.43318021906437465
