target_id,prot_ps,prot_acf,prot_cs,e_prot_ps,E_prot_ps,e_prot_acf,E_prot_acf,e_prot_cs,E_prot_cs,sph_ps,sph_acf,sph_cs,e_sph_ps,e_sph_acf,e_sph_cs,h_ps,fa_prob_ps,hacf,gacf,hcs
9907661,0.21256844926273963,-1.0,0.22383918910451878,0.20782189509885818,0.20782189509885818,-1.0,-1.0,0.008777513739098925,0.008777513739098925,365.8361018777713,-1.0,366.4072039998193,195.57273405258638,-1.0,195.5199073373275,13.69947307753047,1.1230379632944948e-06,-1.0,-1.0,0.19174976719585637
