target_id,prot_ps,prot_acf,prot_cs,e_prot_ps,E_prot_ps,e_prot_acf,E_prot_acf,e_prot_cs,E_prot_cs,sph_ps,sph_acf,sph_cs,e_sph_ps,e_sph_acf,e_sph_cs,h_ps,fa_prob_ps,hacf,gacf,hcs
9900140,6.4892651901058755,13.077830970287323,13.109653790729213,0.23766981403038576,0.23766981403038576,-1.0,-1.0,0.4413428638277277,0.4413428638277277,2698.385342056571,2982.035777821931,2987.7768881897177,2629.397556919046,2550.380205608644,2553.8935859043254,52.76184268453238,1.2184925187345994e-23,0.8538964139838101,0.5516854625657508,0.8953979792456187
