target_id,prot_ps,prot_acf,prot_cs,e_prot_ps,E_prot_ps,e_prot_acf,E_prot_acf,e_prot_cs,E_prot_cs,sph_ps,sph_acf,sph_cs,e_sph_ps,e_sph_acf,e_sph_cs,h_ps,fa_prob_ps,hacf,gacf,hcs
9935172,17.61795241315515,16.980260123033077,1.7540441406662584,0.45882240321817097,0.45882240321817097,-1.0,-1.0,0.00942737543717289,0.00942737543717289,1420.0392407392874,1412.8449430896471,1229.4340340064773,61.51429343583937,74.06936660128726,242.4880263061661,36.56795180309532,1.3144386400747739e-16,0.09034183114837882,0.07637743213280125,0.20773832313766
