target_id,prot_ps,prot_acf,prot_cs,e_prot_ps,E_prot_ps,e_prot_acf,E_prot_acf,e_prot_cs,E_prot_cs,sph_ps,sph_acf,sph_cs,e_sph_ps,e_sph_acf,e_sph_cs,h_ps,fa_prob_ps,hacf,gacf,hcs
9965345,9.938630090162599,19.432649477384984,1.0317081725690516,3.9146662618556918,3.9146662618556918,-1.0,-1.0,0.6216222832754695,0.6216222832754695,539.913516341473,573.3778165854613,337.1163829145777,304.48418213079026,246.87261207336417,223.9498109702268,17.489317684495244,2.537966219863385e-08,0.20953550252119177,0.10879506029951087,0.8515483348872471
