target_id,prot_ps,prot_acf,prot_cs,e_prot_ps,E_prot_ps,e_prot_acf,E_prot_acf,e_prot_cs,E_prot_cs,sph_ps,sph_acf,sph_cs,e_sph_ps,e_sph_acf,e_sph_cs,h_ps,fa_prob_ps,hacf,gacf,hcs
10094286,0.13767108026860592,-1.0,1.450556006626281,7.389056098930527,7.389056098930527,-1.0,-1.0,0.008443083017535295,0.008443083017535295,245.90043673001216,-1.0,275.84676635962774,133.30543595117513,-1.0,144.0542662816038,16.108231854838124,1.0099126037011605e-07,-1.0,-1.0,0.25702534841452523
