target_id,prot_ps,prot_acf,prot_cs,e_prot_ps,E_prot_ps,e_prot_acf,E_prot_acf,e_prot_cs,E_prot_cs,sph_ps,sph_acf,sph_cs,e_sph_ps,e_sph_acf,e_sph_cs,h_ps,fa_prob_ps,hacf,gacf,hcs
10086883,17.184778718776823,34.20646309945732,17.21627609005899,0.6465241735735714,0.6465241735735714,-1.0,-1.0,0.43941930454624956,0.43941930454624956,3131.6425047279417,3387.666091787234,3127.149142903692,1464.5503146899068,1201.1878791342922,1455.5753978166947,49.99887512896351,1.9309206635193945e-22,0.7934967809012817,0.49217057572216844,0.9864245889084158
