target_id,prot_ps,prot_acf,prot_cs,e_prot_ps,E_prot_ps,e_prot_acf,E_prot_acf,e_prot_cs,E_prot_cs,sph_ps,sph_acf,sph_cs,e_sph_ps,e_sph_acf,e_sph_cs,h_ps,fa_prob_ps,hacf,gacf,hcs
10005956,54.109965741341874,55.130243689753115,0.24765698795922522,7.389056098930434,7.389056098930434,-1.0,-1.0,0.009500623130819971,0.009500623130819971,199.72197817756495,198.50159487507187,74.75162985003527,55.02968637423688,54.09108669936486,19.517736364025822,16.721872697546317,5.467426587480595e-08,0.32522373975220653,0.1816149162056643,3.7923612237196123
