target_id,prot_ps,prot_acf,prot_cs,e_prot_ps,E_prot_ps,e_prot_acf,E_prot_acf,e_prot_cs,E_prot_cs,sph_ps,sph_acf,sph_cs,e_sph_ps,e_sph_acf,e_sph_cs,h_ps,fa_prob_ps,hacf,gacf,hcs
10020210,0.43173410743192164,58.33824059693143,0.5572272578207775,7.389056098895692,7.389056098895692,-1.0,-1.0,0.10567709361330371,0.10567709361330371,549.4919556939573,730.3013988775622,552.0438074237086,103.59874018285925,127.04295024557477,83.43450929404786,13.217189514895871,1.8190621081457577e-06,0.09712623150224864,0.0596508593665542,0.31879750449130956
