target_id,prot_ps,prot_acf,prot_cs,e_prot_ps,E_prot_ps,e_prot_acf,E_prot_acf,e_prot_cs,E_prot_cs,sph_ps,sph_acf,sph_cs,e_sph_ps,e_sph_acf,e_sph_cs,h_ps,fa_prob_ps,hacf,gacf,hcs
10054402,0.6203809004563642,58.66350880684331,0.3641183305252344,5.104789511729053,5.104789511729053,-1.0,-1.0,1.9708586318148489,1.9708586318148489,712.5177456951781,1411.6240512667478,685.3441499511791,130.52555113653474,0.0,117.76812916353877,13.629180850730727,1.204819432580798e-06,0.1330951353946339,0.054520437285554085,0.12282268199265946
