target_id,prot_ps,prot_acf,prot_cs,e_prot_ps,E_prot_ps,e_prot_acf,E_prot_acf,e_prot_cs,E_prot_cs,sph_ps,sph_acf,sph_cs,e_sph_ps,e_sph_acf,e_sph_cs,h_ps,fa_prob_ps,hacf,gacf,hcs
10004547,6.23500569977922,50.06252892781049,6.356510815862565,2.084680823281622,2.084680823281622,-1.0,-1.0,0.1238879851964411,0.1238879851964411,241.49578275062234,253.48680608859846,235.60844906798664,61.62330857448774,38.7732851117723,54.1031174997454,22.70588041366745,1.377087162075473e-10,0.0665422088262689,0.024196490300832943,0.6354479246564018
