target_id,prot_ps,prot_acf,prot_cs,e_prot_ps,E_prot_ps,e_prot_acf,E_prot_acf,e_prot_cs,E_prot_cs,sph_ps,sph_acf,sph_cs,e_sph_ps,e_sph_acf,e_sph_cs,h_ps,fa_prob_ps,hacf,gacf,hcs
10019678,0.10529428098774732,-1.0,2.8974859578657126,0.11656562469152083,0.11656562469152083,-1.0,-1.0,0.0330182845369523,0.0330182845369523,343.1831290768893,-1.0,376.21806266642676,54.631643198452785,-1.0,31.715946397532402,18.636277234347997,8.060604894100995e-09,-1.0,-1.0,0.11245692852613837
