target_id,prot_ps,prot_acf,prot_cs,e_prot_ps,E_prot_ps,e_prot_acf,E_prot_acf,e_prot_cs,E_prot_cs,sph_ps,sph_acf,sph_cs,e_sph_ps,e_sph_acf,e_sph_cs,h_ps,fa_prob_ps,hacf,gacf,hcs
10053675,4.007392012199585,8.010016676038504,8.084893573428785,0.1136269039703979,0.1136269039703979,-1.0,-1.0,0.05455249000594754,0.05455249000594754,4255.361691054625,4413.033844891527,4384.759796491277,1776.1305329137117,1621.9085268969866,1594.420601591879,260.38416274698204,8.252678830261693e-114,1.0375467642524698,0.6742397005423156,0.8251654215271739
