target_id,prot_ps,prot_acf,prot_cs,e_prot_ps,E_prot_ps,e_prot_acf,E_prot_acf,e_prot_cs,E_prot_cs,sph_ps,sph_acf,sph_cs,e_sph_ps,e_sph_acf,e_sph_cs,h_ps,fa_prob_ps,hacf,gacf,hcs
10020137,4.232197949501122,-1.0,4.188279407611836,1.5808771709974656,1.5808771709974656,-1.0,-1.0,0.11542841592115985,0.11542841592115985,233.3214508347075,-1.0,238.73594852577608,102.91137200990762,-1.0,104.31548302122187,14.169379246385079,7.019671377171406e-07,-1.0,-1.0,0.3085143161851124
