target_id,prot_ps,prot_acf,prot_cs,e_prot_ps,E_prot_ps,e_prot_acf,E_prot_acf,e_prot_cs,E_prot_cs,sph_ps,sph_acf,sph_cs,e_sph_ps,e_sph_acf,e_sph_cs,h_ps,fa_prob_ps,hacf,gacf,hcs
10068307,19.116530396074793,38.088981326669455,0.24275595394894484,4.64066960851318,4.64066960851318,-1.0,-1.0,0.013232017838085273,0.013232017838085273,152.88209578833414,152.74147260868753,50.57443603052054,33.48703470920765,26.017906719567154,10.270922323415466,34.03135991123691,1.6609944407130878e-15,0.27353507111394504,0.13437509000372796,30.18660515460075
