target_id,prot_ps,prot_acf,prot_cs,e_prot_ps,E_prot_ps,e_prot_acf,E_prot_acf,e_prot_cs,E_prot_cs,sph_ps,sph_acf,sph_cs,e_sph_ps,e_sph_acf,e_sph_cs,h_ps,fa_prob_ps,hacf,gacf,hcs
10098876,0.21650091872223182,17.900365171954036,0.14160905324388298,0.28358565406462943,0.28358565406462943,-1.0,-1.0,0.017237758360951302,0.017237758360951302,309.2435834167408,490.4245617067249,305.75052856365323,30.918279183737003,0.0,34.47418859312472,7.584293594340863,0.0005083737795944176,0.2119236239578419,0.1205062285894525,0.030879950065520606
