target_id,prot_ps,prot_acf,prot_cs,e_prot_ps,E_prot_ps,e_prot_acf,E_prot_acf,e_prot_cs,E_prot_cs,sph_ps,sph_acf,sph_cs,e_sph_ps,e_sph_acf,e_sph_cs,h_ps,fa_prob_ps,hacf,gacf,hcs
10002203,19.4787227336523,19.20765890739858,19.352716703886795,0.5659413213058203,0.5659413213058203,-1.0,-1.0,0.29071544444909436,0.29071544444909436,4700.003062093556,4575.31455999985,4653.8710869298975,2755.364213226156,2652.598976672122,2769.110507075372,105.88421887059773,1.0353043144544729e-46,0.9991372719444978,0.5598692920400075,0.9907412983238093
