target_id,prot_ps,prot_acf,prot_cs,e_prot_ps,E_prot_ps,e_prot_acf,E_prot_acf,e_prot_cs,E_prot_cs,sph_ps,sph_acf,sph_cs,e_sph_ps,e_sph_acf,e_sph_cs,h_ps,fa_prob_ps,hacf,gacf,hcs
10031526,1.0749244035504948,-1.0,0.20229566018097106,1.066482592995751,1.066482592995751,-1.0,-1.0,0.06526447454240887,0.06526447454240887,637.5711502055244,-1.0,614.5808216017457,336.7820942536915,-1.0,334.2564292193344,17.17250930230621,3.483966493334275e-08,-1.0,-1.0,0.08155614096696497
