target_id,prot_ps,prot_acf,prot_cs,e_prot_ps,E_prot_ps,e_prot_acf,E_prot_acf,e_prot_cs,E_prot_cs,sph_ps,sph_acf,sph_cs,e_sph_ps,e_sph_acf,e_sph_cs,h_ps,fa_prob_ps,hacf,gacf,hcs
10093588,0.12335202761838736,57.82794211991131,2.206026063056954,0.16871536376890503,0.16871536376890503,-1.0,-1.0,0.008428909131897219,0.008428909131897219,517.7541642282158,701.2923822341762,564.5976152265972,289.0073384395443,72.43577531100675,286.52964440190203,17.26783982403361,3.1671778395242576e-08,0.05205625632861522,0.007932043502151645,0.3193567460987846
