target_id,prot_ps,prot_acf,prot_cs,e_prot_ps,E_prot_ps,e_prot_acf,E_prot_acf,e_prot_cs,E_prot_cs,sph_ps,sph_acf,sph_cs,e_sph_ps,e_sph_acf,e_sph_cs,h_ps,fa_prob_ps,hacf,gacf,hcs
10087368,0.14940000159996966,-1.0,0.32367324806749825,7.38905609888057,7.38905609888057,-1.0,-1.0,0.0892055160964225,0.0892055160964225,422.649507852138,-1.0,430.1635751610172,231.81386163691806,-1.0,230.47058631379832,13.413655614990757,1.4945945155147779e-06,-1.0,-1.0,0.1529394402072286
