target_id,prot_ps,prot_acf,prot_cs,e_prot_ps,E_prot_ps,e_prot_acf,E_prot_acf,e_prot_cs,E_prot_cs,sph_ps,sph_acf,sph_cs,e_sph_ps,e_sph_acf,e_sph_cs,h_ps,fa_prob_ps,hacf,gacf,hcs
10058570,14.018797269662047,27.93286496028304,13.998401137848875,0.39401773011091146,0.39401773011091146,-1.0,-1.0,0.11431789328387901,0.11431789328387901,2458.0179005162236,2446.4017008270735,2458.774706972211,1178.7661925507314,1127.9548905757608,1176.0682439934003,118.41871607791536,3.727391867234267e-52,1.0406989379193479,0.6000613320053861,0.2474812969260242
