target_id,prot_ps,prot_acf,prot_cs,e_prot_ps,E_prot_ps,e_prot_acf,E_prot_acf,e_prot_cs,E_prot_cs,sph_ps,sph_acf,sph_cs,e_sph_ps,e_sph_acf,e_sph_cs,h_ps,fa_prob_ps,hacf,gacf,hcs
10027180,13.914104326078142,10.707366744056344,14.054644885933957,1.0121306113097515,1.0121306113097515,-1.0,-1.0,0.5110715089736438,0.5110715089736438,746.3118494355107,717.4347985500948,749.2556106717018,260.5728446120216,312.5407566138246,259.2144991325674,35.80943638822006,2.806463359373795e-16,7.516871120534507e-05,0.08090120449591932,1.4877887350479237
