target_id,prot_ps,prot_acf,prot_cs,e_prot_ps,E_prot_ps,e_prot_acf,E_prot_acf,e_prot_cs,E_prot_cs,sph_ps,sph_acf,sph_cs,e_sph_ps,e_sph_acf,e_sph_cs,h_ps,fa_prob_ps,hacf,gacf,hcs
10082384,5.016093457118809,9.971651822328568,9.84434979189187,0.15758732938884223,0.15758732938884223,-1.0,-1.0,0.31378089314336366,0.31378089314336366,3247.833323863414,3423.928252174789,3433.9224392837928,1448.295054491363,1488.4088795115113,1490.1672609953794,233.2151163034453,5.1995037167557326e-102,0.7483593045026545,0.5355303632587662,0.9891417889345099
