target_id,prot_ps,prot_acf,prot_cs,e_prot_ps,E_prot_ps,e_prot_acf,E_prot_acf,e_prot_cs,E_prot_cs,sph_ps,sph_acf,sph_cs,e_sph_ps,e_sph_acf,e_sph_cs,h_ps,fa_prob_ps,hacf,gacf,hcs
10091380,2.9665039677796847,8.807011880446225,0.1444676890829578,0.12773232331957213,0.12773232331957213,-1.0,-1.0,0.01240427819657041,0.01240427819657041,868.4719179216511,990.4278906950257,359.52188208396217,532.0889856798085,467.73293848609535,205.04830655820504,41.16412188651884,1.3263221186982956e-18,0.372691586484705,0.3122164469807438,0.45570647613282883
