target_id,prot_ps,prot_acf,prot_cs,e_prot_ps,E_prot_ps,e_prot_acf,E_prot_acf,e_prot_cs,E_prot_cs,sph_ps,sph_acf,sph_cs,e_sph_ps,e_sph_acf,e_sph_cs,h_ps,fa_prob_ps,hacf,gacf,hcs
10081565,10.664142233128302,20.883243961259723,21.52501048556693,0.490816684238415,0.490816684238415,-1.0,-1.0,0.2320430191934449,0.2320430191934449,1575.7296231954908,1611.0273821778605,1608.6495630725353,350.6723246912209,284.7626100277712,273.87055126146066,32.78684368142119,5.7657354289698294e-15,0.5490585571880406,0.2949942598094934,0.9490227981674614
