target_id,prot_ps,prot_acf,prot_cs,e_prot_ps,E_prot_ps,e_prot_acf,E_prot_acf,e_prot_cs,E_prot_cs,sph_ps,sph_acf,sph_cs,e_sph_ps,e_sph_acf,e_sph_cs,h_ps,fa_prob_ps,hacf,gacf,hcs
10074605,0.30142118488514574,-1.0,1.0001609462494148,0.37464970389893776,0.37464970389893776,-1.0,-1.0,0.007324325069695568,0.007324325069695568,510.9710141029136,-1.0,538.2446781615496,91.51394394281996,-1.0,107.27013457903765,12.55936214987985,3.5118691183170243e-06,-1.0,-1.0,0.2616858402420812
