target_id,prot_ps,prot_acf,prot_cs,e_prot_ps,E_prot_ps,e_prot_acf,E_prot_acf,e_prot_cs,E_prot_cs,sph_ps,sph_acf,sph_cs,e_sph_ps,e_sph_acf,e_sph_cs,h_ps,fa_prob_ps,hacf,gacf,hcs
10019532,21.96949461336639,46.200704546645284,1.456517567485571,7.389056098930649,7.389056098930649,-1.0,-1.0,0.7115302886702243,0.7115302886702243,160.21962130271717,162.19818735314377,105.74011175669598,39.52941941003383,15.4102047813267,34.72661189580077,30.398474490661158,6.282178475028603e-14,0.20504228597389831,0.08661841953078431,5.4009525932781655
