target_id,prot_ps,prot_acf,prot_cs,e_prot_ps,E_prot_ps,e_prot_acf,E_prot_acf,e_prot_cs,E_prot_cs,sph_ps,sph_acf,sph_cs,e_sph_ps,e_sph_acf,e_sph_cs,h_ps,fa_prob_ps,hacf,gacf,hcs
10189651,5.3393717319766845,14.671408095397055,5.361398707280783,1.717609191448655,1.717609191448655,-1.0,-1.0,0.11273024373124306,0.11273024373124306,231.11180723573187,254.03100796754265,233.81942227344985,65.0543684671008,74.15824897901749,69.05252990585673,18.83779053483908,6.5894856942474324e-09,0.1153831935585261,0.004124520422807064,130.65412811743874
