target_id,prot_ps,prot_acf,prot_cs,e_prot_ps,E_prot_ps,e_prot_acf,E_prot_acf,e_prot_cs,E_prot_cs,sph_ps,sph_acf,sph_cs,e_sph_ps,e_sph_acf,e_sph_cs,h_ps,fa_prob_ps,hacf,gacf,hcs
10132724,5.3275484125806605,-1.0,5.3246373753715295,2.271717965270922,2.271717965270922,-1.0,-1.0,0.1214909868453202,0.1214909868453202,326.73905316823675,-1.0,326.2337501509906,78.83499522859147,-1.0,78.06294494868332,15.761031886494292,1.4291269944654195e-07,-1.0,-1.0,0.34435094682461553
