target_id,prot_ps,prot_acf,prot_cs,e_prot_ps,E_prot_ps,e_prot_acf,E_prot_acf,e_prot_cs,E_prot_cs,sph_ps,sph_acf,sph_cs,e_sph_ps,e_sph_acf,e_sph_cs,h_ps,fa_prob_ps,hacf,gacf,hcs
10196750,4.067725302562959,4.045878628268838,4.054406181414203,0.11101825554086887,0.11101825554086887,-1.0,-1.0,0.06437973856190816,0.06437973856190816,10795.832920624911,10799.718921885718,10796.495603411578,3822.1282206201827,3783.2096164219574,3819.7170942271964,861.7119999599969,0.0,1.4871393197145546,0.8544182371272909,0.7343125700927486
