target_id,prot_ps,prot_acf,prot_cs,e_prot_ps,E_prot_ps,e_prot_acf,E_prot_acf,e_prot_cs,E_prot_cs,sph_ps,sph_acf,sph_cs,e_sph_ps,e_sph_acf,e_sph_cs,h_ps,fa_prob_ps,hacf,gacf,hcs
10191981,20.013551607965795,20.2906610397622,20.22527320962399,1.7385141903615502,1.7385141903615502,-1.0,-1.0,1.0654959028024702,1.0654959028024702,2016.1401176437464,1993.4731307917684,2032.9501653654434,608.4037630328168,588.5746058889038,569.3099162477781,31.324641989780194,2.48817450762134e-14,0.7039364258986582,0.3446634659377481,0.9777924090216106
