target_id,prot_ps,prot_acf,prot_cs,e_prot_ps,E_prot_ps,e_prot_acf,E_prot_acf,e_prot_cs,E_prot_cs,sph_ps,sph_acf,sph_cs,e_sph_ps,e_sph_acf,e_sph_cs,h_ps,fa_prob_ps,hacf,gacf,hcs
10129128,0.22732028273719745,-1.0,0.4284185371612052,0.2514267614245497,0.2514267614245497,-1.0,-1.0,0.007576184369488758,0.007576184369488758,251.59500022751527,-1.0,257.57145597886546,34.73200160719021,-1.0,32.687930252729,13.332262436001047,1.6213321432223632e-06,-1.0,-1.0,0.302950850922749
