target_id,prot_ps,prot_acf,prot_cs,e_prot_ps,E_prot_ps,e_prot_acf,E_prot_acf,e_prot_cs,E_prot_cs,sph_ps,sph_acf,sph_cs,e_sph_ps,e_sph_acf,e_sph_cs,h_ps,fa_prob_ps,hacf,gacf,hcs
10189205,6.444291679145417,6.5796414110809565,6.395636894570589,0.22125750057936067,0.22125750057936067,-1.0,-1.0,0.062385725288474615,0.062385725288474615,2936.3125307146784,2929.4663565139845,2906.080998686968,1010.3026582273073,1024.0019937158038,1011.2804906265376,544.7703739725339,2.56585836291975e-237,1.105901285917155,0.6595113814204641,0.8725960119334664
