target_id,prot_ps,prot_acf,prot_cs,e_prot_ps,E_prot_ps,e_prot_acf,E_prot_acf,e_prot_cs,E_prot_cs,sph_ps,sph_acf,sph_cs,e_sph_ps,e_sph_acf,e_sph_cs,h_ps,fa_prob_ps,hacf,gacf,hcs
10132417,4.9713969657906825,9.951235798187554,4.951908398472271,0.1555741038285414,0.1555741038285414,-1.0,-1.0,0.05553871280625941,0.05553871280625941,2297.3094259889017,2426.505523807213,2308.9321935326134,856.5987506966202,756.8617943925238,809.5261240834839,150.29696462333888,5.331600711877461e-66,0.8596155718120231,0.5465746656821548,0.6400426466054436
