target_id,prot_ps,prot_acf,prot_cs,e_prot_ps,E_prot_ps,e_prot_acf,E_prot_acf,e_prot_cs,E_prot_cs,sph_ps,sph_acf,sph_cs,e_sph_ps,e_sph_acf,e_sph_cs,h_ps,fa_prob_ps,hacf,gacf,hcs
10197488,0.22694101930166952,-1.0,2.9534788795933133,0.24128052314149223,0.24128052314149223,-1.0,-1.0,0.3765810563061829,0.3765810563061829,607.9908465140301,-1.0,717.9510576407537,126.34682873519147,-1.0,231.6464683716768,9.873534205265504,5.1520323077918674e-05,-1.0,-1.0,0.19983668343272817
