target_id,prot_ps,prot_acf,prot_cs,e_prot_ps,E_prot_ps,e_prot_acf,E_prot_acf,e_prot_cs,E_prot_cs,sph_ps,sph_acf,sph_cs,e_sph_ps,e_sph_acf,e_sph_cs,h_ps,fa_prob_ps,hacf,gacf,hcs
10199006,0.24001768263980397,-1.0,0.10114910474464794,0.5505030801256174,0.5505030801256174,-1.0,-1.0,0.009689086524478049,0.009689086524478049,199.65024588391614,-1.0,194.01907232696993,21.24488947196728,-1.0,30.773019430882048,12.7836314754484,2.806334216847064e-06,-1.0,-1.0,0.1251223508692193
