target_id,prot_ps,prot_acf,prot_cs,e_prot_ps,E_prot_ps,e_prot_acf,E_prot_acf,e_prot_cs,E_prot_cs,sph_ps,sph_acf,sph_cs,e_sph_ps,e_sph_acf,e_sph_cs,h_ps,fa_prob_ps,hacf,gacf,hcs
10158520,0.13630989074602873,41.37869831174612,1.589146354421973,7.389056098883567,7.389056098883567,-1.0,-1.0,1.0861807071670126,1.0861807071670126,255.57356239909276,931.7044180055419,442.0137420776599,141.5292394211888,303.4732289596265,345.68365146866176,15.041802909321586,2.933783073681037e-07,0.25477727485891355,0.15107869196184107,0.39732369017984936
