target_id,prot_ps,prot_acf,prot_cs,e_prot_ps,E_prot_ps,e_prot_acf,E_prot_acf,e_prot_cs,E_prot_cs,sph_ps,sph_acf,sph_cs,e_sph_ps,e_sph_acf,e_sph_cs,h_ps,fa_prob_ps,hacf,gacf,hcs
10147550,0.5557159618032949,33.61346053890884,0.9103219860233437,0.3709524225398562,0.3709524225398562,-1.0,-1.0,2.2012857588104993,2.2012857588104993,198.21509542580932,433.8708750415022,222.75776624889195,45.49097780010792,118.47997187387006,73.24155629811818,76.64090352519712,5.1913284956034404e-34,0.2232301433051445,0.06903457143987214,0.47934733387013356
