target_id,prot_ps,prot_acf,prot_cs,e_prot_ps,E_prot_ps,e_prot_acf,E_prot_acf,e_prot_cs,E_prot_cs,sph_ps,sph_acf,sph_cs,e_sph_ps,e_sph_acf,e_sph_cs,h_ps,fa_prob_ps,hacf,gacf,hcs
10187346,0.11627115326144717,53.00489384494722,1.671677087685093,0.1489739781379192,0.1489739781379192,-1.0,-1.0,1.0933610182443663,1.0933610182443663,720.8851491845395,984.9217720234395,779.6099389524793,132.63311888884738,99.30834799457169,108.5075730832547,12.418169499507645,4.044431749560546e-06,0.07912630163609162,0.014135470126227586,0.26192705621797063
