target_id,prot_ps,prot_acf,prot_cs,e_prot_ps,E_prot_ps,e_prot_acf,E_prot_acf,e_prot_cs,E_prot_cs,sph_ps,sph_acf,sph_cs,e_sph_ps,e_sph_acf,e_sph_cs,h_ps,fa_prob_ps,hacf,gacf,hcs
10145789,0.2807975951164685,-1.0,0.9507799176033588,0.47381110865612597,0.47381110865612597,-1.0,-1.0,2.4708870550549107,2.4708870550549107,574.3303543519686,-1.0,587.0470279359828,101.39369920937773,-1.0,94.38565266028381,13.569461170987008,1.278962736085593e-06,-1.0,-1.0,0.06481089658504562
