target_id,prot_ps,prot_acf,prot_cs,e_prot_ps,E_prot_ps,e_prot_acf,E_prot_acf,e_prot_cs,E_prot_cs,sph_ps,sph_acf,sph_cs,e_sph_ps,e_sph_acf,e_sph_cs,h_ps,fa_prob_ps,hacf,gacf,hcs
10192963,52.15945244116499,59.66645482927561,3.004114828182487,7.389056098930424,7.389056098930424,-1.0,-1.0,0.5293397930019166,0.5293397930019166,682.0319074913759,677.8176879868927,552.1552978152043,134.364451680842,177.86711961426562,113.12230116450247,16.882988887925663,4.6538361408809515e-08,0.22329532330992602,0.1496726662436581,0.1702813128260146
