target_id,prot_ps,prot_acf,prot_cs,e_prot_ps,E_prot_ps,e_prot_acf,E_prot_acf,e_prot_cs,E_prot_cs,sph_ps,sph_acf,sph_cs,e_sph_ps,e_sph_acf,e_sph_cs,h_ps,fa_prob_ps,hacf,gacf,hcs
10266895,13.403531781984789,53.434049249626696,1.4578728534394043,0.4650193015349068,0.4650193015349068,-1.0,-1.0,0.02587210512969657,0.02587210512969657,1266.8539125837012,1297.8588936328981,828.1103665950163,283.85941083325696,131.74497139836208,164.45999833369856,32.376096834187486,8.694403655763897e-15,0.16303361828940033,0.15258133788742667,0.5989974039052596
