target_id,prot_ps,prot_acf,prot_cs,e_prot_ps,E_prot_ps,e_prot_acf,E_prot_acf,e_prot_cs,E_prot_cs,sph_ps,sph_acf,sph_cs,e_sph_ps,e_sph_acf,e_sph_cs,h_ps,fa_prob_ps,hacf,gacf,hcs
10288654,1.7715961107189049,-1.0,2.225252870516852,0.48240309499188455,0.48240309499188455,-1.0,-1.0,0.4514559573854333,0.4514559573854333,259.85254891132803,-1.0,272.3129986485067,148.14238283588745,-1.0,168.01431095898246,30.61282298508122,5.0701394230249076e-14,-1.0,-1.0,0.19281837607894461
