target_id,prot_ps,prot_acf,prot_cs,e_prot_ps,E_prot_ps,e_prot_acf,E_prot_acf,e_prot_cs,E_prot_cs,sph_ps,sph_acf,sph_cs,e_sph_ps,e_sph_acf,e_sph_cs,h_ps,fa_prob_ps,hacf,gacf,hcs
10255922,4.792294931175557,14.201502855867147,2.395431617247639,0.18026139693100302,0.18026139693100302,-1.0,-1.0,0.043604150296337615,0.043604150296337615,2743.8773456515505,2910.39301902167,2473.729221373758,322.3839067291051,0.0,542.0974234659258,19.77995204154711,2.5684787443997203e-09,0.6929455400099993,0.6116544683585692,0.3321378867881422
