target_id,prot_ps,prot_acf,prot_cs,e_prot_ps,E_prot_ps,e_prot_acf,E_prot_acf,e_prot_cs,E_prot_cs,sph_ps,sph_acf,sph_cs,e_sph_ps,e_sph_acf,e_sph_cs,h_ps,fa_prob_ps,hacf,gacf,hcs
10262808,0.11641145921822142,-1.0,3.135554221970961,0.16324939430497656,0.16324939430497656,-1.0,-1.0,1.1973784748892324,1.1973784748892324,391.65016040355687,-1.0,601.2118250036898,97.66286808762577,-1.0,226.02542695003123,12.305116400084344,4.528515392610788e-06,-1.0,-1.0,0.3505033276454835
