target_id,prot_ps,prot_acf,prot_cs,e_prot_ps,E_prot_ps,e_prot_acf,E_prot_acf,e_prot_cs,E_prot_cs,sph_ps,sph_acf,sph_cs,e_sph_ps,e_sph_acf,e_sph_cs,h_ps,fa_prob_ps,hacf,gacf,hcs
10263883,54.1105525955132,57.377726800739765,1.9227000908113334,7.389056098930649,7.389056098930649,-1.0,-1.0,0.008231928081250155,0.008231928081250155,604.7115816546393,593.305202250364,445.73703347214837,44.98465421731199,84.38622084482172,83.22441409706984,11.886194135382322,6.8848023372506074e-06,0.12511664981807816,0.03571404202763157,0.8221635521949551
