target_id,prot_ps,prot_acf,prot_cs,e_prot_ps,E_prot_ps,e_prot_acf,E_prot_acf,e_prot_cs,E_prot_cs,sph_ps,sph_acf,sph_cs,e_sph_ps,e_sph_acf,e_sph_cs,h_ps,fa_prob_ps,hacf,gacf,hcs
10258558,0.4201369667663812,51.84020992880687,3.1681715699634747,0.45810792318955146,0.45810792318955146,-1.0,-1.0,0.01142983222560481,0.01142983222560481,307.81326764121775,610.708299734053,432.67089995825967,39.787521802020954,63.592568029727154,117.06260183436139,18.998995351351024,5.60842810786004e-09,0.09016920393123505,0.12437796013686116,0.15960525711077825
