target_id,prot_ps,prot_acf,prot_cs,e_prot_ps,E_prot_ps,e_prot_acf,E_prot_acf,e_prot_cs,E_prot_cs,sph_ps,sph_acf,sph_cs,e_sph_ps,e_sph_acf,e_sph_cs,h_ps,fa_prob_ps,hacf,gacf,hcs
10273785,0.25774345736199333,-1.0,1.4446639194618909,0.24717625332523668,0.24717625332523668,-1.0,-1.0,0.22711120719143937,0.22711120719143937,121.37787386732775,-1.0,189.54874086770332,30.879412287352455,-1.0,94.50883713596939,11.780213755011241,7.654523673591256e-06,-1.0,-1.0,0.4906155458229383
