target_id,prot_ps,prot_acf,prot_cs,e_prot_ps,E_prot_ps,e_prot_acf,E_prot_acf,e_prot_cs,E_prot_cs,sph_ps,sph_acf,sph_cs,e_sph_ps,e_sph_acf,e_sph_cs,h_ps,fa_prob_ps,hacf,gacf,hcs
10291734,6.691683694524959,6.702316280454397,6.633878130032096,0.21741530502916612,0.21741530502916612,-1.0,-1.0,0.02276221641917183,0.02276221641917183,1212.519915970689,1214.5671353720084,1213.8587816288566,731.3868895036599,737.3438694901474,711.5830248706907,363.7058486654856,1.108043699549127e-158,0.9847078173326401,0.6673871587586191,0.9926689323265145
