target_id,prot_ps,prot_acf,prot_cs,e_prot_ps,E_prot_ps,e_prot_acf,E_prot_acf,e_prot_cs,E_prot_cs,sph_ps,sph_acf,sph_cs,e_sph_ps,e_sph_acf,e_sph_cs,h_ps,fa_prob_ps,hacf,gacf,hcs
10200957,13.908888524486665,56.11083071958274,1.2871293224714986,4.942789034527067,4.942789034527067,-1.0,-1.0,0.008765540918566178,0.008765540918566178,673.537158538554,712.144441848435,424.2675586522507,184.4561785544825,84.79433050537483,126.81746902932707,15.168509306926207,2.5846402862755644e-07,0.10103415266813709,0.09961036017475658,2.1859093910810614
