target_id,prot_ps,prot_acf,prot_cs,e_prot_ps,E_prot_ps,e_prot_acf,E_prot_acf,e_prot_cs,E_prot_cs,sph_ps,sph_acf,sph_cs,e_sph_ps,e_sph_acf,e_sph_cs,h_ps,fa_prob_ps,hacf,gacf,hcs
10221564,0.32535569161189654,-1.0,0.3034437046386302,0.10777967334360043,0.10777967334360043,-1.0,-1.0,0.03032518045534149,0.03032518045534149,245.48821987830812,-1.0,244.29809382006331,131.56730720796133,-1.0,131.97521679133817,58.972314747327054,2.4470853676720064e-26,-1.0,-1.0,0.05097840132487563
