target_id,prot_ps,prot_acf,prot_cs,e_prot_ps,E_prot_ps,e_prot_acf,E_prot_acf,e_prot_cs,E_prot_cs,sph_ps,sph_acf,sph_cs,e_sph_ps,e_sph_acf,e_sph_cs,h_ps,fa_prob_ps,hacf,gacf,hcs
10207402,6.098121543598669,12.26022345945239,12.582667336435991,0.25492771232986894,0.25492771232986894,-1.0,-1.0,0.5426654828855814,0.5426654828855814,1843.3523375571629,1931.6172712600912,1935.8022834101873,629.0298247172624,507.52058619580936,520.8088654870277,56.9625313994124,1.8259418305302051e-25,0.5980836515420213,0.41526260033834433,0.5421255059857827
