target_id,prot_ps,prot_acf,prot_cs,e_prot_ps,E_prot_ps,e_prot_acf,E_prot_acf,e_prot_cs,E_prot_cs,sph_ps,sph_acf,sph_cs,e_sph_ps,e_sph_acf,e_sph_cs,h_ps,fa_prob_ps,hacf,gacf,hcs
10208352,9.25283269884036,37.90467622457072,0.22461166878551006,4.151185907516205,4.151185907516205,-1.0,-1.0,0.01695232666962498,0.01695232666962498,673.3998256454679,684.276299898604,543.391432284185,140.12296387435515,78.92203613078748,94.04356800850667,18.34895360323488,1.0743621543792657e-08,0.022169026745199605,0.0072420665109864035,0.4328515456017008
