target_id,prot_ps,prot_acf,prot_cs,e_prot_ps,E_prot_ps,e_prot_acf,E_prot_acf,e_prot_cs,E_prot_cs,sph_ps,sph_acf,sph_cs,e_sph_ps,e_sph_acf,e_sph_cs,h_ps,fa_prob_ps,hacf,gacf,hcs
10257903,0.1444301859066263,0.44954013358801603,0.4289529009837908,0.0033745512352599005,0.0033745512352599005,-1.0,-1.0,0.00453336550321144,0.00453336550321144,27869.028972388747,28360.250124500217,28369.259115836765,8887.432132690023,8384.300117317305,8362.495863434577,1277037.4611511978,0.0,0.8841001101362862,0.47076755076553617,0.05383391251550377
