target_id,prot_ps,prot_acf,prot_cs,e_prot_ps,E_prot_ps,e_prot_acf,E_prot_acf,e_prot_cs,E_prot_cs,sph_ps,sph_acf,sph_cs,e_sph_ps,e_sph_acf,e_sph_cs,h_ps,fa_prob_ps,hacf,gacf,hcs
10226382,0.33046023134469216,30.283060424029827,1.3414864486083387,0.007405115425102989,0.007405115425102989,-1.0,-1.0,0.81733780827185,0.81733780827185,201.3265749941511,889.3315638759908,352.1729715742281,115.38217617990311,188.81654871006646,275.8358913771655,7669.097617704481,0.0,0.1972934224560658,0.09294998491945493,0.001617711463434734
