target_id,prot_ps,prot_acf,prot_cs,e_prot_ps,E_prot_ps,e_prot_acf,E_prot_acf,e_prot_cs,E_prot_cs,sph_ps,sph_acf,sph_cs,e_sph_ps,e_sph_acf,e_sph_cs,h_ps,fa_prob_ps,hacf,gacf,hcs
10352450,0.1849205834121284,-1.0,1.5305786016519098,7.389056098930324,7.389056098930324,-1.0,-1.0,0.009041278385097494,0.009041278385097494,334.51476676698724,-1.0,374.9185550186429,180.50286520579172,-1.0,195.40864095761196,15.704731667837434,1.5118952301397158e-07,-1.0,-1.0,0.2196124123346162
