target_id,prot_ps,prot_acf,prot_cs,e_prot_ps,E_prot_ps,e_prot_acf,E_prot_acf,e_prot_cs,E_prot_cs,sph_ps,sph_acf,sph_cs,e_sph_ps,e_sph_acf,e_sph_cs,h_ps,fa_prob_ps,hacf,gacf,hcs
10328415,45.641818405612646,53.88361211121082,1.7955073933303354,7.389056098930649,7.389056098930649,-1.0,-1.0,0.1390501056533885,0.1390501056533885,311.22765859140594,306.49804953721826,257.31951212223856,31.41681462109134,19.78063796871622,22.805824099735744,22.985819075840297,1.0408439288110893e-10,0.13600875924968825,0.08279855072061021,0.24322739165667853
