target_id,prot_ps,prot_acf,prot_cs,e_prot_ps,E_prot_ps,e_prot_acf,E_prot_acf,e_prot_cs,E_prot_cs,sph_ps,sph_acf,sph_cs,e_sph_ps,e_sph_acf,e_sph_cs,h_ps,fa_prob_ps,hacf,gacf,hcs
10387524,44.60464858772226,44.62727237865329,44.61174100231866,1.1099295794809583,1.1099295794809583,-1.0,-1.0,0.6043803090253782,0.6043803090253782,418.20824415396953,418.1135321205381,418.169823054857,24.790159936818586,25.20087129642596,24.888669899127194,315.8710473649881,6.59093663521901e-138,1.0439664739185694,0.6207670625035472,0.9979886245713698
