target_id,prot_ps,prot_acf,prot_cs,e_prot_ps,E_prot_ps,e_prot_acf,E_prot_acf,e_prot_cs,E_prot_cs,sph_ps,sph_acf,sph_cs,e_sph_ps,e_sph_acf,e_sph_cs,h_ps,fa_prob_ps,hacf,gacf,hcs
10362937,9.340044736180875,9.15444266796112,9.247904956451633,0.3505346674445724,0.3505346674445724,-1.0,-1.0,0.21573166074123473,0.21573166074123473,1345.5747118453683,1348.1014972667692,1337.1505720342861,792.6213861673564,820.5793847704142,831.1135563227654,115.48824481780174,6.983812177324916e-51,0.9142401301438869,0.5040919535472869,0.910352515482842
