target_id,prot_ps,prot_acf,prot_cs,e_prot_ps,E_prot_ps,e_prot_acf,E_prot_acf,e_prot_cs,E_prot_cs,sph_ps,sph_acf,sph_cs,e_sph_ps,e_sph_acf,e_sph_cs,h_ps,fa_prob_ps,hacf,gacf,hcs
10328796,1.4938507356188826,-1.0,28.67908656111738,7.389056098930337,7.389056098930337,-1.0,-1.0,0.2731809948996671,0.2731809948996671,274.28662538701366,-1.0,327.6590776976648,25.599884148556544,-1.0,74.65869493814513,13.151424363094392,1.942714447539232e-06,-1.0,-1.0,0.1462620853375677
