target_id,prot_ps,prot_acf,prot_cs,e_prot_ps,E_prot_ps,e_prot_acf,E_prot_acf,e_prot_cs,E_prot_cs,sph_ps,sph_acf,sph_cs,e_sph_ps,e_sph_acf,e_sph_cs,h_ps,fa_prob_ps,hacf,gacf,hcs
10350874,0.10032143427821162,-1.0,1.4859528316184876,0.19419990777937834,0.19419990777937834,-1.0,-1.0,0.0899726625216783,0.0899726625216783,203.32948672641237,-1.0,254.77360507460807,113.13347310938984,-1.0,150.2833450704476,13.588698633994534,1.2545938867119673e-06,-1.0,-1.0,0.4779534766949896
