target_id,prot_ps,prot_acf,prot_cs,e_prot_ps,E_prot_ps,e_prot_acf,E_prot_acf,e_prot_cs,E_prot_cs,sph_ps,sph_acf,sph_cs,e_sph_ps,e_sph_acf,e_sph_cs,h_ps,fa_prob_ps,hacf,gacf,hcs
10388784,7.027358525008661,7.008748140186071,6.955967476070457,0.25497299238906723,0.25497299238906723,-1.0,-1.0,0.017006051569834386,0.017006051569834386,3495.6941215599995,3495.5450640757654,3466.269370506089,898.9933574958159,921.1107302459591,923.3711567356678,576.6596321514995,3.629976556552643e-251,1.1102599469782195,0.7012687846435928,0.747802446835082
