target_id,prot_ps,prot_acf,prot_cs,e_prot_ps,E_prot_ps,e_prot_acf,E_prot_acf,e_prot_cs,E_prot_cs,sph_ps,sph_acf,sph_cs,e_sph_ps,e_sph_acf,e_sph_cs,h_ps,fa_prob_ps,hacf,gacf,hcs
10321319,0.29832896222860217,54.006417259108275,2.8344960713021656,0.38844129708002423,0.38844129708002423,-1.0,-1.0,0.10667779898775215,0.10667779898775215,83.03760099071182,135.721510325155,100.36317792008748,12.68548930989221,26.735150554505207,31.462602133407763,13.119320189160916,2.006095646882978e-06,0.23544345339494932,0.15274840933599096,0.2834870239805974
