target_id,prot_ps,prot_acf,prot_cs,e_prot_ps,E_prot_ps,e_prot_acf,E_prot_acf,e_prot_cs,E_prot_cs,sph_ps,sph_acf,sph_cs,e_sph_ps,e_sph_acf,e_sph_cs,h_ps,fa_prob_ps,hacf,gacf,hcs
10388647,1.4385755009015428,33.347809329628944,0.8900922637262133,1.4304394348150822,1.4304394348150822,-1.0,-1.0,1.5778355789830252,1.5778355789830252,363.90998331190855,756.1065335436875,291.7663224867607,166.85255729738665,219.5512964207618,95.54671806337731,14.250564287540321,6.472298907561492e-07,0.3271524689277736,0.11171460281177345,2.7343576570857717
