target_id,prot_ps,prot_acf,prot_cs,e_prot_ps,E_prot_ps,e_prot_acf,E_prot_acf,e_prot_cs,E_prot_cs,sph_ps,sph_acf,sph_cs,e_sph_ps,e_sph_acf,e_sph_cs,h_ps,fa_prob_ps,hacf,gacf,hcs
10329265,0.19038117071558014,-1.0,1.547850178205408,6.519367718504017,6.519367718504017,-1.0,-1.0,0.5246802795685033,0.5246802795685033,220.25858804349835,-1.0,232.01304885518846,26.22856833706339,-1.0,25.805951113041573,9.33606886524383,8.818542436471197e-05,-1.0,-1.0,0.20788640222330154
