target_id,prot_ps,prot_acf,prot_cs,e_prot_ps,E_prot_ps,e_prot_acf,E_prot_acf,e_prot_cs,E_prot_cs,sph_ps,sph_acf,sph_cs,e_sph_ps,e_sph_acf,e_sph_cs,h_ps,fa_prob_ps,hacf,gacf,hcs
10358952,19.992595616369197,20.0048436652869,19.971759139939515,1.1483178013838347,1.1483178013838347,-1.0,-1.0,0.2292213378240437,0.2292213378240437,1780.8662148069197,1782.2574611022674,1755.0397017141283,680.9766130071138,679.7962852406662,660.852270131395,28.46847901669391,4.3280937051769233e-13,0.46165277408998023,0.2036028524038874,0.9817172197986351
