target_id,prot_ps,prot_acf,prot_cs,e_prot_ps,E_prot_ps,e_prot_acf,E_prot_acf,e_prot_cs,E_prot_cs,sph_ps,sph_acf,sph_cs,e_sph_ps,e_sph_acf,e_sph_cs,h_ps,fa_prob_ps,hacf,gacf,hcs
10331876,53.92588511836383,55.72275625867769,0.8255223149433731,7.389056098930635,7.389056098930635,-1.0,-1.0,0.48611977018446484,0.48611977018446484,895.8081934331597,894.8984693117158,718.8156652071781,106.16850800332321,84.02132544096057,88.37488593328146,20.978791108048156,7.745095636032221e-10,0.12444647421228461,0.06668185820556331,0.3069875172156032
