target_id,prot_ps,prot_acf,prot_cs,e_prot_ps,E_prot_ps,e_prot_acf,E_prot_acf,e_prot_cs,E_prot_cs,sph_ps,sph_acf,sph_cs,e_sph_ps,e_sph_acf,e_sph_cs,h_ps,fa_prob_ps,hacf,gacf,hcs
10347172,47.12858914359376,53.6793315904215,26.560284716345837,1.911955033670651,1.911955033670651,-1.0,-1.0,0.21866274640022318,0.21866274640022318,435.3093484445048,426.04946266047904,429.9196973428776,45.17957447543145,50.81397876189622,62.561162425967275,19.53201405498315,3.29119849278446e-09,0.11013891020740096,0.029191858900394406,0.6520957158917494
