target_id,prot_ps,prot_acf,prot_cs,e_prot_ps,E_prot_ps,e_prot_acf,E_prot_acf,e_prot_cs,E_prot_cs,sph_ps,sph_acf,sph_cs,e_sph_ps,e_sph_acf,e_sph_cs,h_ps,fa_prob_ps,hacf,gacf,hcs
10346936,2.661235040815856,-1.0,2.634841120814915,7.389056098930645,7.389056098930645,-1.0,-1.0,0.007583741207783529,0.007583741207783529,338.7839107198715,-1.0,339.6198895129489,52.866807722926595,-1.0,58.421690310705266,16.85733700804693,4.774760119445458e-08,-1.0,-1.0,0.2375213740606955
