target_id,prot_ps,prot_acf,prot_cs,e_prot_ps,E_prot_ps,e_prot_acf,E_prot_acf,e_prot_cs,E_prot_cs,sph_ps,sph_acf,sph_cs,e_sph_ps,e_sph_acf,e_sph_cs,h_ps,fa_prob_ps,hacf,gacf,hcs
10397249,0.3343115848108775,-1.0,0.20638034828006951,0.605958970813983,0.605958970813983,-1.0,-1.0,0.011751344568212474,0.011751344568212474,142.43632206972228,-1.0,139.70791151967214,18.023455497439517,-1.0,17.807511243812066,11.761112638377549,7.802138943171817e-06,-1.0,-1.0,0.2758423112285429
