target_id,prot_ps,prot_acf,prot_cs,e_prot_ps,E_prot_ps,e_prot_acf,E_prot_acf,e_prot_cs,E_prot_cs,sph_ps,sph_acf,sph_cs,e_sph_ps,e_sph_acf,e_sph_cs,h_ps,fa_prob_ps,hacf,gacf,hcs
10341822,0.4631058535167601,53.311556566506624,1.7335961897671222,0.4471090609555106,0.4471090609555106,-1.0,-1.0,0.8509886787893906,0.8509886787893906,172.07123773091712,225.85932208232916,186.88626722422828,28.801574214826164,39.215011277787106,49.90585713632789,140.2106460195176,1.2802362780450531e-61,0.13695693606711518,0.07312916452865277,0.03313241688181995
