target_id,prot_ps,prot_acf,prot_cs,e_prot_ps,E_prot_ps,e_prot_acf,E_prot_acf,e_prot_cs,E_prot_cs,sph_ps,sph_acf,sph_cs,e_sph_ps,e_sph_acf,e_sph_cs,h_ps,fa_prob_ps,hacf,gacf,hcs
10319081,54.09134996025229,54.35360159724951,1.679035880919546,7.389056098930649,7.389056098930649,-1.0,-1.0,0.7051081423168523,0.7051081423168523,381.2821876785158,381.7506041508683,267.74410623794904,54.830989453136525,54.874256697250736,45.92832606572615,17.206895777724338,3.366201529999173e-08,0.15032946421661092,0.05050087464901708,0.29457238034943833
