target_id,prot_ps,prot_acf,prot_cs,e_prot_ps,E_prot_ps,e_prot_acf,E_prot_acf,e_prot_cs,E_prot_cs,sph_ps,sph_acf,sph_cs,e_sph_ps,e_sph_acf,e_sph_cs,h_ps,fa_prob_ps,hacf,gacf,hcs
10346628,13.40353924105777,-1.0,1.242320924986756,2.5898159280770607,2.5898159280770607,-1.0,-1.0,0.007604799636879773,0.007604799636879773,593.2011894041602,-1.0,431.68501855728226,115.97191835578394,-1.0,53.6076855439208,20.110649004836606,1.8452538057246196e-09,-1.0,-1.0,0.18104910106705388
