target_id,prot_ps,prot_acf,prot_cs,e_prot_ps,E_prot_ps,e_prot_acf,E_prot_acf,e_prot_cs,E_prot_cs,sph_ps,sph_acf,sph_cs,e_sph_ps,e_sph_acf,e_sph_cs,h_ps,fa_prob_ps,hacf,gacf,hcs
10354884,52.157698560088356,52.55603018589318,2.4146757725765924,7.389056098930649,7.389056098930649,-1.0,-1.0,1.1462868837060598,1.1462868837060598,742.2638712175391,739.9029691217064,530.1401652398141,169.39721726246503,182.45174136651795,290.30715992326674,15.51485524730707,1.8280327774659247e-07,0.1710734771549738,0.10378380938336502,0.17334192373239704
