target_id,prot_ps,prot_acf,prot_cs,e_prot_ps,E_prot_ps,e_prot_acf,E_prot_acf,e_prot_cs,E_prot_cs,sph_ps,sph_acf,sph_cs,e_sph_ps,e_sph_acf,e_sph_cs,h_ps,fa_prob_ps,hacf,gacf,hcs
10355472,22.14086908394205,22.048254916910082,22.371929020602252,1.6625407602638194,1.6625407602638194,-1.0,-1.0,0.7933934716903164,0.7933934716903164,1415.0697019591883,1417.015864730267,1413.5488751919145,524.159004753976,517.8802294193608,533.900768989155,18.483664647839337,9.389585871510467e-09,0.6628250964025046,0.3039651765157698,0.9989551565862292
