target_id,prot_ps,prot_acf,prot_cs,e_prot_ps,E_prot_ps,e_prot_acf,E_prot_acf,e_prot_cs,E_prot_cs,sph_ps,sph_acf,sph_cs,e_sph_ps,e_sph_acf,e_sph_cs,h_ps,fa_prob_ps,hacf,gacf,hcs
10423825,4.94845487071504,15.305004313588142,15.169118761271237,0.2743774274661686,0.2743774274661686,-1.0,-1.0,0.6520086717358297,0.6520086717358297,1359.6933737610925,1522.5779130997162,1509.8123538751308,871.2312703096569,797.4657950710923,817.5125547101163,27.390472491337064,1.2719467802181344e-12,0.5841820490611525,0.32508048938482076,0.7056962440678116
