target_id,prot_ps,prot_acf,prot_cs,e_prot_ps,E_prot_ps,e_prot_acf,E_prot_acf,e_prot_cs,E_prot_cs,sph_ps,sph_acf,sph_cs,e_sph_ps,e_sph_acf,e_sph_cs,h_ps,fa_prob_ps,hacf,gacf,hcs
10449049,54.091389464746115,-1.0,3.377001199890084,7.3890560989305945,7.3890560989305945,-1.0,-1.0,0.38999243815014434,0.38999243815014434,721.0839768824244,-1.0,613.1454471094258,42.80172626707914,-1.0,67.77315666095495,17.156875125875047,3.538863456384987e-08,-1.0,-1.0,0.1317460738526145
