target_id,prot_ps,prot_acf,prot_cs,e_prot_ps,E_prot_ps,e_prot_acf,E_prot_acf,e_prot_cs,E_prot_cs,sph_ps,sph_acf,sph_cs,e_sph_ps,e_sph_acf,e_sph_cs,h_ps,fa_prob_ps,hacf,gacf,hcs
10417718,14.184290312420304,41.46039999835193,0.2629844001866878,3.444600810695066,3.444600810695066,-1.0,-1.0,2.3343637853670858,2.3343637853670858,745.0126490649386,785.213465309579,503.1572986970479,271.97356412060367,115.77582574441868,267.7123107626826,21.70906069147311,3.7314251501371305e-10,0.07266425205887174,0.018671805048420732,0.5306816897627429
