target_id,prot_ps,prot_acf,prot_cs,e_prot_ps,E_prot_ps,e_prot_acf,E_prot_acf,e_prot_cs,E_prot_cs,sph_ps,sph_acf,sph_cs,e_sph_ps,e_sph_acf,e_sph_cs,h_ps,fa_prob_ps,hacf,gacf,hcs
10419006,3.907080390459249,7.846617043018341,7.81977303916753,0.10297771016704577,0.10297771016704577,-1.0,-1.0,0.037769796904625334,0.037769796904625334,5571.41977216008,5856.519976135847,5875.112280006666,3384.916850609411,3236.9260234517296,3219.098174651832,425.34890628439297,1.876364108626584e-185,1.120855279133818,0.7085774633856161,0.7086067204952787
