target_id,prot_ps,prot_acf,prot_cs,e_prot_ps,E_prot_ps,e_prot_acf,E_prot_acf,e_prot_cs,E_prot_cs,sph_ps,sph_acf,sph_cs,e_sph_ps,e_sph_acf,e_sph_cs,h_ps,fa_prob_ps,hacf,gacf,hcs
10460289,15.378768889603046,30.93658963870257,1.0842929238595915,1.0756992727858825,1.0756992727858825,-1.0,-1.0,0.00884087743596306,0.00884087743596306,998.7420419954105,995.1473805278732,544.377289038087,285.3496257897424,252.89845262052972,179.56980057700616,18.25090810927284,1.1850353847378254e-08,0.5652161870211911,0.3054567503732891,0.889547213361607
