target_id,prot_ps,prot_acf,prot_cs,e_prot_ps,E_prot_ps,e_prot_acf,E_prot_acf,e_prot_cs,E_prot_cs,sph_ps,sph_acf,sph_cs,e_sph_ps,e_sph_acf,e_sph_cs,h_ps,fa_prob_ps,hacf,gacf,hcs
10401967,0.2569668371382006,13.813134731724858,0.9305475675780327,7.389056098930649,7.389056098930649,-1.0,-1.0,0.45520099835937555,0.45520099835937555,1329.2718105447364,2512.2029238208424,1536.7675955294085,125.36417252698627,0.0,250.81270264363457,6.2184510166847105,0.0019923289125964635,0.048768671608258575,0.06385899634041485,0.6933967272354319
