target_id,prot_ps,prot_acf,prot_cs,e_prot_ps,E_prot_ps,e_prot_acf,E_prot_acf,e_prot_cs,E_prot_cs,sph_ps,sph_acf,sph_cs,e_sph_ps,e_sph_acf,e_sph_cs,h_ps,fa_prob_ps,hacf,gacf,hcs
10470939,0.9329050258860864,-1.0,1.7801861096173528,1.5389008946450218,1.5389008946450218,-1.0,-1.0,2.179143937898392,2.179143937898392,128.07988171497072,-1.0,136.52745935220364,17.25170655102632,-1.0,26.50003705464014,27.391588969751428,1.2705274715549777e-12,-1.0,-1.0,0.0836670108929353
