target_id,prot_ps,prot_acf,prot_cs,e_prot_ps,E_prot_ps,e_prot_acf,E_prot_acf,e_prot_cs,E_prot_cs,sph_ps,sph_acf,sph_cs,e_sph_ps,e_sph_acf,e_sph_cs,h_ps,fa_prob_ps,hacf,gacf,hcs
10460062,10.288618388688027,20.27018992602825,10.195578594245019,0.5073471834458381,0.5073471834458381,-1.0,-1.0,0.34935775341061603,0.34935775341061603,2046.8658650349157,2063.1219437868644,2020.143789044241,718.1053256595487,664.6180300769784,781.1534349323765,30.02636430487316,9.114139483562453e-14,0.6447875529124181,0.3598583039723759,0.5720149912024238
