target_id,prot_ps,prot_acf,prot_cs,e_prot_ps,E_prot_ps,e_prot_acf,E_prot_acf,e_prot_cs,E_prot_cs,sph_ps,sph_acf,sph_cs,e_sph_ps,e_sph_acf,e_sph_cs,h_ps,fa_prob_ps,hacf,gacf,hcs
10412074,47.128550433143616,57.15306721208617,0.5507818551717699,7.389056098930544,7.389056098930544,-1.0,-1.0,0.0071117921572201965,0.0071117921572201965,488.4582338695173,487.39812524456465,362.06400157733407,44.12294573913424,42.285298519227815,35.626676768515594,18.979464058155667,5.719044687626005e-09,0.10416167748618947,0.0048713652201562005,0.5801374899255587
