target_id,prot_ps,prot_acf,prot_cs,e_prot_ps,E_prot_ps,e_prot_acf,E_prot_acf,e_prot_cs,E_prot_cs,sph_ps,sph_acf,sph_cs,e_sph_ps,e_sph_acf,e_sph_cs,h_ps,fa_prob_ps,hacf,gacf,hcs
10421526,19.220692114025294,19.003485809080303,19.03597563965712,1.4280075927877232,1.4280075927877232,-1.0,-1.0,0.6500011861808199,0.6500011861808199,2403.6351929406387,2363.584386874618,2375.5372046872703,809.3571892524343,941.5877599994969,907.1007884834783,38.435068970999176,2.0317096076845015e-17,0.5295117065777128,0.2824795703110286,0.9861334908096142
