target_id,prot_ps,prot_acf,prot_cs,e_prot_ps,E_prot_ps,e_prot_acf,E_prot_acf,e_prot_cs,E_prot_cs,sph_ps,sph_acf,sph_cs,e_sph_ps,e_sph_acf,e_sph_cs,h_ps,fa_prob_ps,hacf,gacf,hcs
10427522,4.616817988407928,9.215709877200425,9.165892457383114,0.1738210234962415,0.1738210234962415,-1.0,-1.0,0.29299004269044826,0.29299004269044826,1824.1820728333691,1934.2528670123393,1962.136879713068,1174.096978619819,1099.1864085891086,1043.4807976991556,210.3945393413136,4.234601446111553e-92,0.864683920269891,0.5957335774587671,0.5871840483835141
