target_id,prot_ps,prot_acf,prot_cs,e_prot_ps,E_prot_ps,e_prot_acf,E_prot_acf,e_prot_cs,E_prot_cs,sph_ps,sph_acf,sph_cs,e_sph_ps,e_sph_acf,e_sph_cs,h_ps,fa_prob_ps,hacf,gacf,hcs
10480715,12.065320019052931,8.275749657768756,12.06653291643926,0.33555724467052417,0.33555724467052417,-1.0,-1.0,0.04633872188420364,0.04633872188420364,174.7119462596273,173.0571977624185,174.7119462596273,79.07532708797584,76.89882675540908,79.07532708797584,105.5724524869241,1.414055462872958e-46,4.239162810595887e-05,0.14471560385851825,0.8825672567685613
