target_id,prot_ps,prot_acf,prot_cs,e_prot_ps,E_prot_ps,e_prot_acf,E_prot_acf,e_prot_cs,E_prot_cs,sph_ps,sph_acf,sph_cs,e_sph_ps,e_sph_acf,e_sph_cs,h_ps,fa_prob_ps,hacf,gacf,hcs
10425286,0.20726883954971392,-1.0,2.083646107083187,0.25914934098084613,0.25914934098084613,-1.0,-1.0,2.9068914378054496,2.9068914378054496,281.0746646471009,-1.0,421.92125006439505,153.44615982758017,-1.0,267.6628784523432,18.612579030315562,8.253908177240742e-09,-1.0,-1.0,0.1672453362222016
