target_id,prot_ps,prot_acf,prot_cs,e_prot_ps,E_prot_ps,e_prot_acf,E_prot_acf,e_prot_cs,E_prot_cs,sph_ps,sph_acf,sph_cs,e_sph_ps,e_sph_acf,e_sph_cs,h_ps,fa_prob_ps,hacf,gacf,hcs
10462421,6.624307799860745,6.640940147917718,6.745059562555014,0.3083141432796959,0.3083141432796959,-1.0,-1.0,0.15539978306595256,0.15539978306595256,3543.7319463468316,3532.4539010109947,3559.6551175607424,1139.7828178656632,1138.9740348859416,1109.5164773442043,307.1802454479825,3.920256217288692e-134,1.2451542774863973,0.7083153156549629,0.757382209216332
