target_id,prot_ps,prot_acf,prot_cs,e_prot_ps,E_prot_ps,e_prot_acf,E_prot_acf,e_prot_cs,E_prot_cs,sph_ps,sph_acf,sph_cs,e_sph_ps,e_sph_acf,e_sph_cs,h_ps,fa_prob_ps,hacf,gacf,hcs
10553849,0.7128831539182756,-1.0,2.892831632313319,0.5630582957230355,0.5630582957230355,-1.0,-1.0,1.2355651946214101,1.2355651946214101,124.55656742189299,-1.0,150.87030780301467,70.28675963975938,-1.0,102.82124605293264,57.31222501288212,1.2871137544048552e-25,-1.0,-1.0,0.07502266373198599
