target_id,prot_ps,prot_acf,prot_cs,e_prot_ps,E_prot_ps,e_prot_acf,E_prot_acf,e_prot_cs,E_prot_cs,sph_ps,sph_acf,sph_cs,e_sph_ps,e_sph_acf,e_sph_cs,h_ps,fa_prob_ps,hacf,gacf,hcs
10526834,52.177968772270255,58.13378559425473,1.658805172070861,7.389056098930649,7.389056098930649,-1.0,-1.0,2.94897571951709,2.94897571951709,233.751669162331,235.4331488063173,194.70484887565118,18.69327477717283,28.554298338331062,18.261070018142505,14.314080598295867,6.073985945016515e-07,0.09244566217214124,0.048820685400387524,0.7266682938294307
