target_id,prot_ps,prot_acf,prot_cs,e_prot_ps,E_prot_ps,e_prot_acf,E_prot_acf,e_prot_cs,E_prot_cs,sph_ps,sph_acf,sph_cs,e_sph_ps,e_sph_acf,e_sph_cs,h_ps,fa_prob_ps,hacf,gacf,hcs
10513965,2.8928502675005925,53.53623102419078,2.993942202161998,1.6209568148834104,1.6209568148834104,-1.0,-1.0,0.14841992578351307,0.14841992578351307,538.8362491701938,985.3168936941591,549.538682952187,234.83916879699373,215.38929468298176,261.187477575974,15.038558808185622,2.943316017239008e-07,0.26907908378071255,0.08446935261488336,0.3588635736889764
