target_id,prot_ps,prot_acf,prot_cs,e_prot_ps,E_prot_ps,e_prot_acf,E_prot_acf,e_prot_cs,E_prot_cs,sph_ps,sph_acf,sph_cs,e_sph_ps,e_sph_acf,e_sph_cs,h_ps,fa_prob_ps,hacf,gacf,hcs
10517707,0.38783821839801863,45.03584337607026,1.217643333384767,0.5290262266308977,0.5290262266308977,-1.0,-1.0,0.11000883619050372,0.11000883619050372,403.8974046087861,653.3917160628436,440.5905576869661,56.800503509864065,124.80677356861399,84.53727816352702,11.7369897489547,7.992637528592008e-06,0.1509769663430919,0.11857497312092888,0.6718742619926213
