target_id,prot_ps,prot_acf,prot_cs,e_prot_ps,E_prot_ps,e_prot_acf,E_prot_acf,e_prot_cs,E_prot_cs,sph_ps,sph_acf,sph_cs,e_sph_ps,e_sph_acf,e_sph_cs,h_ps,fa_prob_ps,hacf,gacf,hcs
10553694,0.7129510427837206,56.397689804434776,0.7141373467716994,0.29407823788238135,0.29407823788238135,-1.0,-1.0,0.008161160751779722,0.008161160751779722,268.0043330295301,535.103510911878,268.0043330295301,151.36378898382947,70.89938771877743,151.36378898382947,251.75843322768824,4.599405249995932e-110,0.15062160133405733,0.11130233317123228,0.05540981952484646
