target_id,prot_ps,prot_acf,prot_cs,e_prot_ps,E_prot_ps,e_prot_acf,E_prot_acf,e_prot_cs,E_prot_cs,sph_ps,sph_acf,sph_cs,e_sph_ps,e_sph_acf,e_sph_cs,h_ps,fa_prob_ps,hacf,gacf,hcs
10528932,21.482571474470426,21.47578218113631,21.464216347588838,0.5768371888200301,0.5768371888200301,-1.0,-1.0,0.20149702543811288,0.20149702543811288,10402.679073784577,10401.437202628675,10398.30658993712,3168.7968978710237,3166.907225764524,3161.5369455969953,155.398823453702,3.2445052392683408e-68,1.0427437703127331,0.5358184984593763,0.9789037176785023
