target_id,prot_ps,prot_acf,prot_cs,e_prot_ps,E_prot_ps,e_prot_acf,E_prot_acf,e_prot_cs,E_prot_cs,sph_ps,sph_acf,sph_cs,e_sph_ps,e_sph_acf,e_sph_cs,h_ps,fa_prob_ps,hacf,gacf,hcs
10527775,18.399402896162137,18.63555197417736,9.183995314579137,1.0266380725378497,1.0266380725378497,-1.0,-1.0,0.04588716372103224,0.04588716372103224,263.05718515268006,262.5855877700567,254.2740611895543,52.287024633797465,55.33286038499042,69.0959141147729,62.735636913697775,5.678832638021301e-28,0.6469463026935243,0.2704130635376621,0.9673011847930326
