target_id,prot_ps,prot_acf,prot_cs,e_prot_ps,E_prot_ps,e_prot_acf,E_prot_acf,e_prot_cs,E_prot_cs,sph_ps,sph_acf,sph_cs,e_sph_ps,e_sph_acf,e_sph_cs,h_ps,fa_prob_ps,hacf,gacf,hcs
10552320,1.49626911488453,1.2669022297486663,4.6092894731719625,0.06148557839650836,0.06148557839650836,-1.0,-1.0,0.19841690366994572,0.19841690366994572,564.2978789818893,554.1602669954093,623.1134880331012,328.1862602349696,326.38287790706613,342.1685236180131,73.8979532647361,8.063557239997876e-33,0.08367807270986735,0.274536301378346,0.9463380533854238
