target_id,prot_ps,prot_acf,prot_cs,e_prot_ps,E_prot_ps,e_prot_acf,E_prot_acf,e_prot_cs,E_prot_cs,sph_ps,sph_acf,sph_cs,e_sph_ps,e_sph_acf,e_sph_cs,h_ps,fa_prob_ps,hacf,gacf,hcs
10599193,7.013406063927976,-1.0,1.3351398864760997,2.4745285949538345,2.4745285949538345,-1.0,-1.0,0.6498917825917955,0.6498917825917955,198.08128987699513,-1.0,132.26888440436147,75.6398543052216,-1.0,49.84312396585667,19.59184171565623,3.100068231128024e-09,-1.0,-1.0,0.1809389664361536
