target_id,prot_ps,prot_acf,prot_cs,e_prot_ps,E_prot_ps,e_prot_acf,E_prot_acf,e_prot_cs,E_prot_cs,sph_ps,sph_acf,sph_cs,e_sph_ps,e_sph_acf,e_sph_cs,h_ps,fa_prob_ps,hacf,gacf,hcs
10538715,0.9350427926613551,8.970419726800174,1.5351825592622212,0.6406063776508484,0.6406063776508484,-1.0,-1.0,0.016795284851773975,0.016795284851773975,247.43295144386565,332.9658362946718,267.3700103271494,44.127045885575484,14.956880424458262,51.37455502686611,17.702268538380483,2.051173781375679e-08,0.00038723326084408316,0.017831888873864818,41.01213261404135
