target_id,prot_ps,prot_acf,prot_cs,e_prot_ps,E_prot_ps,e_prot_acf,E_prot_acf,e_prot_cs,E_prot_cs,sph_ps,sph_acf,sph_cs,e_sph_ps,e_sph_acf,e_sph_cs,h_ps,fa_prob_ps,hacf,gacf,hcs
10519248,0.11487102548795054,49.81735762767494,0.5461927684117109,0.15312561714457193,0.15312561714457193,-1.0,-1.0,0.056418091060394936,0.056418091060394936,284.5128835317025,506.7396284321373,304.53714017225946,50.5637400438959,170.56875207128667,49.174022157879136,21.4253499004623,4.955514661431036e-10,0.19423431711402434,0.13284361000949466,1.5238334389386616
