target_id,prot_ps,prot_acf,prot_cs,e_prot_ps,E_prot_ps,e_prot_acf,E_prot_acf,e_prot_cs,E_prot_cs,sph_ps,sph_acf,sph_cs,e_sph_ps,e_sph_acf,e_sph_cs,h_ps,fa_prob_ps,hacf,gacf,hcs
10579889,0.31473163079701705,-1.0,0.3508458245173096,0.4402330563917714,0.4402330563917714,-1.0,-1.0,0.014375280231520593,0.014375280231520593,885.5646234605675,-1.0,888.4696236148359,108.90256672660954,-1.0,108.3350389578111,12.241745708335685,4.824778609170928e-06,-1.0,-1.0,0.11953539911232514
