target_id,prot_ps,prot_acf,prot_cs,e_prot_ps,E_prot_ps,e_prot_acf,E_prot_acf,e_prot_cs,E_prot_cs,sph_ps,sph_acf,sph_cs,e_sph_ps,e_sph_acf,e_sph_cs,h_ps,fa_prob_ps,hacf,gacf,hcs
10593632,2.4948325642564777,2.4520544707775116,2.4948864244208226,0.06405441655492078,0.06405441655492078,-1.0,-1.0,0.00729865547548377,0.00729865547548377,130.13103563962432,128.70039698382578,130.13103563962432,26.911240225822105,23.825631644917372,26.911240225822105,166.72169568170287,3.92362553155424e-73,0.15834974302880128,0.37151928918332955,0.7551684897142107
