target_id,prot_ps,prot_acf,prot_cs,e_prot_ps,E_prot_ps,e_prot_acf,E_prot_acf,e_prot_cs,E_prot_cs,sph_ps,sph_acf,sph_cs,e_sph_ps,e_sph_acf,e_sph_cs,h_ps,fa_prob_ps,hacf,gacf,hcs
10593097,7.556051988568165,3.6371938241645694,7.56933384208815,0.25108683593981235,0.25108683593981235,-1.0,-1.0,0.020424513105113822,0.020424513105113822,1432.0133961875147,1204.1333895646308,1447.9431127534694,546.724324298739,557.0947945690303,552.6522619832482,441.00384192445733,2.9817069257204267e-192,0.4102054608960237,0.4521306434676553,1.986805306524791
