target_id,prot_ps,prot_acf,prot_cs,e_prot_ps,E_prot_ps,e_prot_acf,E_prot_acf,e_prot_cs,E_prot_cs,sph_ps,sph_acf,sph_cs,e_sph_ps,e_sph_acf,e_sph_cs,h_ps,fa_prob_ps,hacf,gacf,hcs
10662373,39.4861516108684,40.66302165389061,40.01711305364966,1.70343893253479,1.70343893253479,-1.0,-1.0,1.005318527025483,1.005318527025483,479.97670440287897,480.5057022996788,479.4619362682054,92.08125457079068,72.47169059717544,88.3100050514132,25.64417430346168,7.292502841939802e-12,0.3205009024414039,0.26974211843740825,0.1985665101211075
