target_id,prot_ps,prot_acf,prot_cs,e_prot_ps,E_prot_ps,e_prot_acf,E_prot_acf,e_prot_cs,E_prot_cs,sph_ps,sph_acf,sph_cs,e_sph_ps,e_sph_acf,e_sph_cs,h_ps,fa_prob_ps,hacf,gacf,hcs
10622162,5.105753180039363,12.832502033561468,5.084816888188159,0.22877791387512877,0.22877791387512877,-1.0,-1.0,0.008386304027479833,0.008386304027479833,743.3669702362959,845.259003574431,736.3476947476629,377.1047950148295,353.26635555270747,376.4830310201602,44.658173862397305,4.029039449237679e-20,0.0033856404817175396,0.02345548253120881,20.7728111505659
