target_id,prot_ps,prot_acf,prot_cs,e_prot_ps,E_prot_ps,e_prot_acf,E_prot_acf,e_prot_cs,E_prot_cs,sph_ps,sph_acf,sph_cs,e_sph_ps,e_sph_acf,e_sph_cs,h_ps,fa_prob_ps,hacf,gacf,hcs
10617095,0.10755940411183401,-1.0,3.762692076629028,0.1513220515486963,0.1513220515486963,-1.0,-1.0,1.2446908238986658,1.2446908238986658,695.6878458356705,-1.0,846.6193546009453,393.8410104285904,-1.0,435.5195626675921,12.517240224086976,3.6629554951156805e-06,-1.0,-1.0,0.08530213004190891
