target_id,prot_ps,prot_acf,prot_cs,e_prot_ps,E_prot_ps,e_prot_acf,E_prot_acf,e_prot_cs,E_prot_cs,sph_ps,sph_acf,sph_cs,e_sph_ps,e_sph_acf,e_sph_cs,h_ps,fa_prob_ps,hacf,gacf,hcs
10617247,1.130823061963153,-1.0,1.6343415350706207,7.3890560989161544,7.3890560989161544,-1.0,-1.0,0.08645519884255681,0.08645519884255681,191.95605727267812,-1.0,202.99676407225965,107.55661180980249,-1.0,111.77077683065345,30.77321575102632,4.318791211248656e-14,-1.0,-1.0,0.2512246945920942
