target_id,prot_ps,prot_acf,prot_cs,e_prot_ps,E_prot_ps,e_prot_acf,E_prot_acf,e_prot_cs,E_prot_cs,sph_ps,sph_acf,sph_cs,e_sph_ps,e_sph_acf,e_sph_cs,h_ps,fa_prob_ps,hacf,gacf,hcs
10678168,0.19875990748240752,26.911484865937382,1.0721682694880295,0.09963158643894839,0.09963158643894839,-1.0,-1.0,0.5108819306780955,0.5108819306780955,394.8396375379552,3749.7937210293762,1440.7167847766736,556.266932799453,1594.48181213243,1818.3617313724264,21.860575028958234,3.206807522506036e-10,0.07592288836621378,0.0657738529139306,62.45571596133186
