target_id,prot_ps,prot_acf,prot_cs,e_prot_ps,E_prot_ps,e_prot_acf,E_prot_acf,e_prot_cs,E_prot_cs,sph_ps,sph_acf,sph_cs,e_sph_ps,e_sph_acf,e_sph_cs,h_ps,fa_prob_ps,hacf,gacf,hcs
10644934,52.69225425312377,53.781413074582815,3.0546289667626847,3.53736570541006,3.53736570541006,-1.0,-1.0,0.14761755487344091,0.14761755487344091,416.8026288270602,418.03674190711865,306.8493332290977,85.4035198748843,81.18975123935601,64.64249312073157,15.444399141814777,1.961474544751989e-07,0.17173591494900808,0.09944447278141244,0.18258486485972056
