target_id,prot_ps,prot_acf,prot_cs,e_prot_ps,E_prot_ps,e_prot_acf,E_prot_acf,e_prot_cs,E_prot_cs,sph_ps,sph_acf,sph_cs,e_sph_ps,e_sph_acf,e_sph_cs,h_ps,fa_prob_ps,hacf,gacf,hcs
10666363,45.98219035565741,56.80573827587068,0.5308696771597224,7.389056098929909,7.389056098929909,-1.0,-1.0,0.00933249900090053,0.00933249900090053,172.61004691290677,173.2634977104714,121.51522496842003,60.23954083514291,56.17337199485064,23.391604060123445,16.21249702390439,9.099174726803067e-08,0.11539214032682196,0.0534725024548256,0.25522196725776514
