target_id,prot_ps,prot_acf,prot_cs,e_prot_ps,E_prot_ps,e_prot_acf,E_prot_acf,e_prot_cs,E_prot_cs,sph_ps,sph_acf,sph_cs,e_sph_ps,e_sph_acf,e_sph_cs,h_ps,fa_prob_ps,hacf,gacf,hcs
10615416,0.5662985471066255,56.90843469463289,0.1651059792935825,1.0662442538531074,1.0662442538531074,-1.0,-1.0,0.01086380447472184,0.01086380447472184,207.9097055042646,553.3790583680724,173.70905847620412,122.38506899593642,193.18751283487435,94.34044468558511,19.001243490335934,5.595833744231085e-09,0.22212298688200688,0.11527220341223615,0.23006392291061012
