target_id,prot_ps,prot_acf,prot_cs,e_prot_ps,E_prot_ps,e_prot_acf,E_prot_acf,e_prot_cs,E_prot_cs,sph_ps,sph_acf,sph_cs,e_sph_ps,e_sph_acf,e_sph_cs,h_ps,fa_prob_ps,hacf,gacf,hcs
10778226,12.799751603323145,51.18647960247472,3.1329476930641142,4.1902117519804385,4.1902117519804385,-1.0,-1.0,0.16756305239604732,0.16756305239604732,213.24051612860592,218.39266096486847,178.86880252880496,47.432542954892746,31.645374169402913,44.106676947606566,15.573727178630405,1.7235195882974372e-07,0.05628055317302791,0.019003827916863503,0.23364661578740303
