target_id,prot_ps,prot_acf,prot_cs,e_prot_ps,E_prot_ps,e_prot_acf,E_prot_acf,e_prot_cs,E_prot_cs,sph_ps,sph_acf,sph_cs,e_sph_ps,e_sph_acf,e_sph_cs,h_ps,fa_prob_ps,hacf,gacf,hcs
10734053,0.22547698819124026,-1.0,4.12688339222663,0.18536245829992573,0.18536245829992573,-1.0,-1.0,0.1440970844507037,0.1440970844507037,648.495793490882,-1.0,838.0235150104862,84.31291868629766,-1.0,161.425253905445,10.741378502218096,2.1631099173275034e-05,-1.0,-1.0,0.19804298657000732
