target_id,prot_ps,prot_acf,prot_cs,e_prot_ps,E_prot_ps,e_prot_acf,E_prot_acf,e_prot_cs,E_prot_cs,sph_ps,sph_acf,sph_cs,e_sph_ps,e_sph_acf,e_sph_cs,h_ps,fa_prob_ps,hacf,gacf,hcs
10735429,21.16821231499756,51.04336326941848,1.217643721857477,1.4957129744973994,1.4957129744973994,-1.0,-1.0,0.09800105520271571,0.09800105520271571,675.0937056537523,684.4243201853882,510.2909615319293,113.21656514984767,76.88964211922234,65.93132628739667,31.052977770518194,3.264849058196866e-14,0.13403713204973886,0.025588054001808882,0.8016211918619472
