target_id,prot_ps,prot_acf,prot_cs,e_prot_ps,E_prot_ps,e_prot_acf,E_prot_acf,e_prot_cs,E_prot_cs,sph_ps,sph_acf,sph_cs,e_sph_ps,e_sph_acf,e_sph_cs,h_ps,fa_prob_ps,hacf,gacf,hcs
10717972,47.12848073909787,50.43021114356816,3.161853983862891,7.389056098930235,7.389056098930235,-1.0,-1.0,0.00830182478401181,0.00830182478401181,268.5493103063732,268.50594588109607,187.13940595040143,24.425010070742665,14.972712669675824,96.8601202257407,13.7723346764898,1.0441215203345054e-06,0.17216816429549847,0.05854460228264369,0.2985446866968164
