target_id,prot_ps,prot_acf,prot_cs,e_prot_ps,E_prot_ps,e_prot_acf,E_prot_acf,e_prot_cs,E_prot_cs,sph_ps,sph_acf,sph_cs,e_sph_ps,e_sph_acf,e_sph_cs,h_ps,fa_prob_ps,hacf,gacf,hcs
10728232,42.98117451998253,45.66926785977557,2.089434915562533,1.3308335469144021,1.3308335469144021,-1.0,-1.0,0.013226369174339555,0.013226369174339555,461.9191080076472,464.75278814626745,410.02216310700044,50.190029781059394,49.61680971399505,55.11377790935874,27.297974098494358,1.3952128962582036e-12,0.09154535238554605,0.04600273751548168,0.09171941547062618
