target_id,prot_ps,prot_acf,prot_cs,e_prot_ps,E_prot_ps,e_prot_acf,E_prot_acf,e_prot_cs,E_prot_cs,sph_ps,sph_acf,sph_cs,e_sph_ps,e_sph_acf,e_sph_cs,h_ps,fa_prob_ps,hacf,gacf,hcs
10798883,4.988014789246685,49.837776561733335,5.057338949991391,1.489174612337385,1.489174612337385,-1.0,-1.0,0.13716250567095922,0.13716250567095922,233.19519744708097,269.1798555964731,238.75948295695446,62.128577107420895,51.538748021222304,77.72413223804594,24.24127048676879,2.9658555369248653e-11,0.18731538801836187,0.11386363746086435,0.17456115928454663
