target_id,prot_ps,prot_acf,prot_cs,e_prot_ps,E_prot_ps,e_prot_acf,E_prot_acf,e_prot_cs,E_prot_cs,sph_ps,sph_acf,sph_cs,e_sph_ps,e_sph_acf,e_sph_cs,h_ps,fa_prob_ps,hacf,gacf,hcs
10737227,0.22714351987515297,-1.0,2.3668347904086118,0.28720727771821675,0.28720727771821675,-1.0,-1.0,0.2311668137352293,0.2311668137352293,558.8357501572684,-1.0,621.9319631200755,74.03282050382872,-1.0,84.8461808116146,11.152964884809604,1.4332729140586734e-05,-1.0,-1.0,0.2841105148746693
