target_id,prot_ps,prot_acf,prot_cs,e_prot_ps,E_prot_ps,e_prot_acf,E_prot_acf,e_prot_cs,E_prot_cs,sph_ps,sph_acf,sph_cs,e_sph_ps,e_sph_acf,e_sph_cs,h_ps,fa_prob_ps,hacf,gacf,hcs
10776637,8.852383219464567,8.868234163150191,8.892124136313534,0.2297692225547529,0.2297692225547529,-1.0,-1.0,0.08289490426880029,0.08289490426880029,3587.224446344059,3586.1444633565225,3588.393850310832,1102.120887382597,1117.204317394867,1111.7259924936418,222.71065390217916,1.8966707611441435e-97,0.9310211192812525,0.6091770274713957,0.9112672786520235
