target_id,prot_ps,prot_acf,prot_cs,e_prot_ps,E_prot_ps,e_prot_acf,E_prot_acf,e_prot_cs,E_prot_cs,sph_ps,sph_acf,sph_cs,e_sph_ps,e_sph_acf,e_sph_cs,h_ps,fa_prob_ps,hacf,gacf,hcs
10741816,0.15401456757143073,-1.0,0.6173707618650514,0.2335222184946248,0.2335222184946248,-1.0,-1.0,0.15297296920181558,0.15297296920181558,307.0599491044727,-1.0,316.1074837740072,167.78971004211462,-1.0,166.1567352307885,12.334366895253096,4.397972603090056e-06,-1.0,-1.0,0.2599141301182275
