target_id,prot_ps,prot_acf,prot_cs,e_prot_ps,E_prot_ps,e_prot_acf,E_prot_acf,e_prot_cs,E_prot_cs,sph_ps,sph_acf,sph_cs,e_sph_ps,e_sph_acf,e_sph_cs,h_ps,fa_prob_ps,hacf,gacf,hcs
10784583,0.1742951600450614,27.871391102671623,1.5065665569047808,7.389056098921758,7.389056098921758,-1.0,-1.0,1.124421567544964,1.124421567544964,1290.0874211878624,2667.6173487427245,1792.9345581514053,173.29516105572472,0.0,479.40533772877393,6.366556116513337,0.0017180658675044094,0.185232482941234,0.1922492351213134,0.2653306805356291
