target_id,prot_ps,prot_acf,prot_cs,e_prot_ps,E_prot_ps,e_prot_acf,E_prot_acf,e_prot_cs,E_prot_cs,sph_ps,sph_acf,sph_cs,e_sph_ps,e_sph_acf,e_sph_cs,h_ps,fa_prob_ps,hacf,gacf,hcs
10784958,13.91411989305575,28.50494029233232,1.4726854353632088,1.0802390294160937,1.0802390294160937,-1.0,-1.0,0.01142460935858662,0.01142460935858662,973.4296644471584,1057.0715797572404,459.707141539278,543.0826390851541,386.1631641158677,420.6822454464988,15.760437106318332,1.4299772637072364e-07,0.6435771347419537,0.3334829932694036,1.4189017674787034
