target_id,prot_ps,prot_acf,prot_cs,e_prot_ps,E_prot_ps,e_prot_acf,E_prot_acf,e_prot_cs,E_prot_cs,sph_ps,sph_acf,sph_cs,e_sph_ps,e_sph_acf,e_sph_cs,h_ps,fa_prob_ps,hacf,gacf,hcs
10750347,2.145508175296377,2.1455607167445123,2.123436177381139,0.06006904823870611,0.06006904823870611,-1.0,-1.0,0.007826551364005651,0.007826551364005651,1079.3650394785902,1070.786409268508,1062.8637013098664,703.2885719594955,709.7041700298652,709.5289558725326,8737.051655177054,0.0,1.510586645195553,0.8931180126068484,0.7579734688369605
