target_id,prot_ps,prot_acf,prot_cs,e_prot_ps,E_prot_ps,e_prot_acf,E_prot_acf,e_prot_cs,E_prot_cs,sph_ps,sph_acf,sph_cs,e_sph_ps,e_sph_acf,e_sph_cs,h_ps,fa_prob_ps,hacf,gacf,hcs
10788468,47.11139371864755,57.010037787258625,4.150432166132597,7.3890560989306335,7.3890560989306335,-1.0,-1.0,0.009716589829327832,0.009716589829327832,555.4100098274472,555.2136170375278,512.9112213575395,50.26203524767088,44.792852128079026,76.73874055761144,16.04553412729723,1.0752589579228931e-07,0.08975918861151057,0.051112047482923785,0.39201450638659663
