target_id,prot_ps,prot_acf,prot_cs,e_prot_ps,E_prot_ps,e_prot_acf,E_prot_acf,e_prot_cs,E_prot_cs,sph_ps,sph_acf,sph_cs,e_sph_ps,e_sph_acf,e_sph_cs,h_ps,fa_prob_ps,hacf,gacf,hcs
10858656,4.758912352954408,-1.0,4.763116576023304,3.2068408858967787,3.2068408858967787,-1.0,-1.0,0.007334081893267136,0.007334081893267136,584.814290808432,-1.0,584.0612085562275,108.10151430508277,-1.0,106.87700933625767,13.66485486903981,1.162596294380414e-06,-1.0,-1.0,0.17981281563176357
