target_id,prot_ps,prot_acf,prot_cs,e_prot_ps,E_prot_ps,e_prot_acf,E_prot_acf,e_prot_cs,E_prot_cs,sph_ps,sph_acf,sph_cs,e_sph_ps,e_sph_acf,e_sph_cs,h_ps,fa_prob_ps,hacf,gacf,hcs
10844456,54.089369074980056,-1.0,0.5135316485402003,7.389056098930649,7.389056098930649,-1.0,-1.0,0.009383658948652661,0.009383658948652661,549.0527177526141,-1.0,396.0553928078002,26.73857178512864,-1.0,41.70625655132909,14.07639827144576,7.703674166339547e-07,-1.0,-1.0,0.28743299546254514
