target_id,prot_ps,prot_acf,prot_cs,e_prot_ps,E_prot_ps,e_prot_acf,E_prot_acf,e_prot_cs,E_prot_cs,sph_ps,sph_acf,sph_cs,e_sph_ps,e_sph_acf,e_sph_cs,h_ps,fa_prob_ps,hacf,gacf,hcs
10809551,6.208226271222479,-1.0,6.238259914492818,1.8606588806906312,1.8606588806906312,-1.0,-1.0,0.17260642546740743,0.17260642546740743,267.814581052131,-1.0,269.22021344145753,130.8064155072924,-1.0,134.97463519773802,16.229698337233366,8.94399544130032e-08,-1.0,-1.0,0.15914299456937303
