target_id,prot_ps,prot_acf,prot_cs,e_prot_ps,E_prot_ps,e_prot_acf,E_prot_acf,e_prot_cs,E_prot_cs,sph_ps,sph_acf,sph_cs,e_sph_ps,e_sph_acf,e_sph_cs,h_ps,fa_prob_ps,hacf,gacf,hcs
10811887,4.608819896345209,-1.0,4.6903316090151,2.2213508655125787,2.2213508655125787,-1.0,-1.0,0.11613206307637236,0.11613206307637236,222.7824145325022,-1.0,224.94265842948917,112.90095782850803,-1.0,108.41392206605443,35.71057479792534,3.09809278024593e-16,-1.0,-1.0,0.16286519566682783
