target_id,prot_ps,prot_acf,prot_cs,e_prot_ps,E_prot_ps,e_prot_acf,E_prot_acf,e_prot_cs,E_prot_cs,sph_ps,sph_acf,sph_cs,e_sph_ps,e_sph_acf,e_sph_cs,h_ps,fa_prob_ps,hacf,gacf,hcs
10859099,49.05849722047009,47.773882144130766,1.0319922499028051,7.3890560989305465,7.3890560989305465,-1.0,-1.0,0.08546190265959243,0.08546190265959243,680.0626488011698,678.6604218344391,518.4553211187456,28.54668804062352,36.24702398055535,67.87103472928369,12.668773006890563,3.147906255588247e-06,0.13786921917865164,0.0966414558721654,0.4670575504314796
