target_id,prot_ps,prot_acf,prot_cs,e_prot_ps,E_prot_ps,e_prot_acf,E_prot_acf,e_prot_cs,E_prot_cs,sph_ps,sph_acf,sph_cs,e_sph_ps,e_sph_acf,e_sph_cs,h_ps,fa_prob_ps,hacf,gacf,hcs
10849760,11.242050406750089,11.688001921400428,11.371485925312152,0.5019554306854438,0.5019554306854438,-1.0,-1.0,0.656721592496215,0.656721592496215,1403.0180842058671,1386.8069001875008,1395.3042283569448,146.60207041657577,150.69541721829137,152.59053639317995,9.611934198632001,6.692525230276353e-05,0.31090180546530194,0.29622651502042924,0.26898257602996406
