target_id,prot_ps,prot_acf,prot_cs,e_prot_ps,E_prot_ps,e_prot_acf,E_prot_acf,e_prot_cs,E_prot_cs,sph_ps,sph_acf,sph_cs,e_sph_ps,e_sph_acf,e_sph_cs,h_ps,fa_prob_ps,hacf,gacf,hcs
10800476,21.805759592835354,21.86404274776578,21.711967948340483,0.8864947013715946,0.8864947013715946,-1.0,-1.0,0.360723131946008,0.360723131946008,427.419407912231,427.1262655266095,428.99515497798836,43.9289303953322,49.37931265182263,44.192244010261156,31.1947511694549,2.8332943968960123e-14,0.2159076445162008,0.06177243912476266,0.19020057436391186
