target_id,prot_ps,prot_acf,prot_cs,e_prot_ps,E_prot_ps,e_prot_acf,E_prot_acf,e_prot_cs,E_prot_cs,sph_ps,sph_acf,sph_cs,e_sph_ps,e_sph_acf,e_sph_cs,h_ps,fa_prob_ps,hacf,gacf,hcs
10861332,0.49598340271207336,12.280654646456242,0.3714846946299076,0.9164814509881145,0.9164814509881145,-1.0,-1.0,0.14722311122747028,0.14722311122747028,561.0243279215856,740.3116878682466,545.525622154533,104.17018644921129,196.91101966483274,94.80129308050687,14.230492044453177,6.60352506035264e-07,2.878304208553395e-05,0.028360153394354926,7.2452645002184015
