target_id,prot_ps,prot_acf,prot_cs,e_prot_ps,E_prot_ps,e_prot_acf,E_prot_acf,e_prot_cs,E_prot_cs,sph_ps,sph_acf,sph_cs,e_sph_ps,e_sph_acf,e_sph_cs,h_ps,fa_prob_ps,hacf,gacf,hcs
10859964,0.48760765201479095,20.883217786438763,0.3641281222650594,0.6431450638850111,0.6431450638850111,-1.0,-1.0,1.3646168878451486,1.3646168878451486,355.41125965456763,528.9018048888408,348.0038043460113,42.87906490216044,95.53551880979364,39.23702775398912,15.203817361603933,2.4949739527124714e-07,0.04245815447831279,0.05305148385724491,0.8097532551938352
