target_id,prot_ps,prot_acf,prot_cs,e_prot_ps,E_prot_ps,e_prot_acf,E_prot_acf,e_prot_cs,E_prot_cs,sph_ps,sph_acf,sph_cs,e_sph_ps,e_sph_acf,e_sph_cs,h_ps,fa_prob_ps,hacf,gacf,hcs
10841628,0.2750943668629735,-1.0,3.0748707706108696,0.3128032512157136,0.3128032512157136,-1.0,-1.0,0.10655328931045356,0.10655328931045356,798.4269724097952,-1.0,876.9406571860166,93.38000501244079,-1.0,99.65649019124973,15.477696258519453,1.8972384707066697e-07,-1.0,-1.0,0.30343838536109763
