target_id,prot_ps,prot_acf,prot_cs,e_prot_ps,E_prot_ps,e_prot_acf,E_prot_acf,e_prot_cs,E_prot_cs,sph_ps,sph_acf,sph_cs,e_sph_ps,e_sph_acf,e_sph_cs,h_ps,fa_prob_ps,hacf,gacf,hcs
10865307,10.69379264286193,10.605078791733831,10.62130283319832,0.3123596082025024,0.3123596082025024,-1.0,-1.0,0.06104008189908744,0.06104008189908744,7984.218588566765,7953.23270563608,7950.584715142113,3094.382140707321,3079.076184338507,3074.9187739096947,252.00794120967282,3.5837832625750284e-110,1.0234981953250957,0.6448420819911078,0.9722710199831369
