target_id,prot_ps,prot_acf,prot_cs,e_prot_ps,E_prot_ps,e_prot_acf,E_prot_acf,e_prot_cs,E_prot_cs,sph_ps,sph_acf,sph_cs,e_sph_ps,e_sph_acf,e_sph_cs,h_ps,fa_prob_ps,hacf,gacf,hcs
10815079,0.2270910254929394,56.33659851551056,0.4105848362048185,0.09979643367937237,0.09979643367937237,-1.0,-1.0,0.00985345988957867,0.00985345988957867,571.222647963633,2037.6455724022567,626.2023087465914,394.6878644406618,311.8666358058622,462.6955841229102,672.6266044778766,7.620391675628967e-293,0.5495522345049222,0.28750309904285526,0.006181034822050711
