target_id,prot_ps,prot_acf,prot_cs,e_prot_ps,E_prot_ps,e_prot_acf,E_prot_acf,e_prot_cs,E_prot_cs,sph_ps,sph_acf,sph_cs,e_sph_ps,e_sph_acf,e_sph_cs,h_ps,fa_prob_ps,hacf,gacf,hcs
10809070,14.757378308719563,15.366285055875778,14.759000456920921,0.4675468424389954,0.4675468424389954,-1.0,-1.0,0.06896754492715787,0.06896754492715787,471.3021159363675,499.8983142335797,471.3021159363675,218.49646859775513,133.15181518614446,218.49646859775513,66.68332968950702,1.0959680178653932e-29,0.2577785629639497,0.1472511928390951,0.15585575410799163
