target_id,prot_ps,prot_acf,prot_cs,e_prot_ps,E_prot_ps,e_prot_acf,E_prot_acf,e_prot_cs,E_prot_cs,sph_ps,sph_acf,sph_cs,e_sph_ps,e_sph_acf,e_sph_cs,h_ps,fa_prob_ps,hacf,gacf,hcs
10874182,0.10229495452816843,-1.0,3.2304743150053596,0.19238678492257205,0.19238678492257205,-1.0,-1.0,0.051054546770361656,0.051054546770361656,116.96323322728631,-1.0,147.27168875630014,63.46066568980022,-1.0,75.434914924615,14.723590592937269,4.032977988469632e-07,-1.0,-1.0,0.20265921740294235
