target_id,prot_ps,prot_acf,prot_cs,e_prot_ps,E_prot_ps,e_prot_acf,E_prot_acf,e_prot_cs,E_prot_cs,sph_ps,sph_acf,sph_cs,e_sph_ps,e_sph_acf,e_sph_cs,h_ps,fa_prob_ps,hacf,gacf,hcs
10959367,9.072816852132247,18.206405283417553,9.071136822348992,0.2328102600978456,0.2328102600978456,-1.0,-1.0,0.030501995390661354,0.030501995390661354,3083.855501231046,3139.1982542804417,3084.109833917944,891.7836128560936,759.2819947705317,889.3465944427516,224.64250276269036,2.7478982609372053e-98,0.760187775831835,0.4453837844390409,1.0292864282511056
