target_id,prot_ps,prot_acf,prot_cs,e_prot_ps,E_prot_ps,e_prot_acf,E_prot_acf,e_prot_cs,E_prot_cs,sph_ps,sph_acf,sph_cs,e_sph_ps,e_sph_acf,e_sph_cs,h_ps,fa_prob_ps,hacf,gacf,hcs
10990463,0.1078449615786704,-1.0,1.3149240685394037,0.1394887327785878,0.1394887327785878,-1.0,-1.0,2.332741292574243,2.332741292574243,561.6752385912337,-1.0,742.2520787042354,344.5784099995229,-1.0,522.2894823861213,12.838280679487188,2.6570855878637905e-06,-1.0,-1.0,0.2703920784819389
