target_id,prot_ps,prot_acf,prot_cs,e_prot_ps,E_prot_ps,e_prot_acf,E_prot_acf,e_prot_cs,E_prot_cs,sph_ps,sph_acf,sph_cs,e_sph_ps,e_sph_acf,e_sph_cs,h_ps,fa_prob_ps,hacf,gacf,hcs
10973876,0.6195878780954536,50.00120052462444,0.1426659293034337,0.7238936662773189,0.7238936662773189,-1.0,-1.0,0.009648289142924154,0.009648289142924154,194.70689589359748,277.88636198723935,132.95075223160194,56.451499854567594,60.42963417434323,33.10041952516892,13.7743919348925,1.0419757005730388e-06,0.10137857210033968,0.05140488861850593,0.3157794430392616
