target_id,prot_ps,prot_acf,prot_cs,e_prot_ps,E_prot_ps,e_prot_acf,E_prot_acf,e_prot_cs,E_prot_cs,sph_ps,sph_acf,sph_cs,e_sph_ps,e_sph_acf,e_sph_cs,h_ps,fa_prob_ps,hacf,gacf,hcs
10972910,0.7171198176887246,52.945164994802326,0.7223510546376928,0.4468309514663457,0.4468309514663457,-1.0,-1.0,0.41689938835680673,0.41689938835680673,872.8978666438024,2116.550716782169,876.1984585409883,72.16319700904,0.0,73.51560162209701,7.631760209674967,0.0004848067453283069,0.24890792381636828,0.29186428781627616,0.1039021958399629
