target_id,prot_ps,prot_acf,prot_cs,e_prot_ps,E_prot_ps,e_prot_acf,E_prot_acf,e_prot_cs,E_prot_cs,sph_ps,sph_acf,sph_cs,e_sph_ps,e_sph_acf,e_sph_cs,h_ps,fa_prob_ps,hacf,gacf,hcs
10935822,15.892863602616009,15.999791787005961,15.979685590713508,0.6715667923168522,0.6715667923168522,-1.0,-1.0,0.25413449246912073,0.25413449246912073,1626.9812826526393,1628.9851429669616,1623.7109210139379,775.899541618663,767.7819089824327,777.5224718979334,37.0061969185224,8.480332529134981e-17,0.4260679513915784,0.21721002482423887,0.9869585250675628
