target_id,prot_ps,prot_acf,prot_cs,e_prot_ps,E_prot_ps,e_prot_acf,E_prot_acf,e_prot_cs,E_prot_cs,sph_ps,sph_acf,sph_cs,e_sph_ps,e_sph_acf,e_sph_cs,h_ps,fa_prob_ps,hacf,gacf,hcs
10973652,5.008427915123625,7.499175997450948,0.534239997652661,1.4423111315825479,1.4423111315825479,-1.0,-1.0,0.00829187282276083,0.00829187282276083,339.7323635256534,347.10227644925186,221.71863976870745,87.13616412461079,75.44348635991867,86.04191079134276,18.658062164887745,7.88690407607219e-09,0.09233883617324179,0.0899636556466705,19.541127293686817
