target_id,prot_ps,prot_acf,prot_cs,e_prot_ps,E_prot_ps,e_prot_acf,E_prot_acf,e_prot_cs,E_prot_cs,sph_ps,sph_acf,sph_cs,e_sph_ps,e_sph_acf,e_sph_cs,h_ps,fa_prob_ps,hacf,gacf,hcs
10964533,0.1169898390371967,-1.0,0.9906228949874638,0.0882180969612488,0.0882180969612488,-1.0,-1.0,0.06564147532689552,0.06564147532689552,123.80100681131809,-1.0,133.34228987273366,70.13985417131077,-1.0,70.79512498931001,17.050024478400548,3.9379341781988676e-08,-1.0,-1.0,0.1695359128328896
