target_id,prot_ps,prot_acf,prot_cs,e_prot_ps,E_prot_ps,e_prot_acf,E_prot_acf,e_prot_cs,E_prot_cs,sph_ps,sph_acf,sph_cs,e_sph_ps,e_sph_acf,e_sph_cs,h_ps,fa_prob_ps,hacf,gacf,hcs
10990723,2.412902566570668,46.52804107312113,2.427549969032407,0.8380271192116646,0.8380271192116646,-1.0,-1.0,0.7729330070607009,0.7729330070607009,245.93035324722288,406.77305876359884,243.22380208557666,200.12420524466503,221.83956525712858,193.5486927206041,18.993665693738343,5.6383989055212564e-09,0.24241325008979642,0.15301764241026905,1.639023665240608
