target_id,prot_ps,prot_acf,prot_cs,e_prot_ps,E_prot_ps,e_prot_acf,E_prot_acf,e_prot_cs,E_prot_cs,sph_ps,sph_acf,sph_cs,e_sph_ps,e_sph_acf,e_sph_cs,h_ps,fa_prob_ps,hacf,gacf,hcs
10978686,4.116719128363486,11.46329744020477,0.5664217558689416,1.1819198757122855,1.1819198757122855,-1.0,-1.0,0.048381046750778714,0.048381046750778714,433.6821484767874,465.0760020339067,300.90195940385723,123.42753481441295,109.67440168361036,98.33337276237945,27.41493446871165,1.24120992172677e-12,0.1248467869360082,0.043321575627990695,1.0746946775573574
