target_id,prot_ps,prot_acf,prot_cs,e_prot_ps,E_prot_ps,e_prot_acf,E_prot_acf,e_prot_cs,E_prot_cs,sph_ps,sph_acf,sph_cs,e_sph_ps,e_sph_acf,e_sph_cs,h_ps,fa_prob_ps,hacf,gacf,hcs
10969563,0.16852258393994032,14.487438620533794,0.20637959106825282,0.10463170263608716,0.10463170263608716,-1.0,-1.0,0.010706660546865237,0.010706660546865237,536.5741961912516,1155.1970803718082,541.871613791631,85.85804892711502,0.0,76.91455477170348,7.4049548373618705,0.0006082315939880019,2.5717815479532613e-05,0.05232101385199583,7.657196756956646
