target_id,prot_ps,prot_acf,prot_cs,e_prot_ps,E_prot_ps,e_prot_acf,E_prot_acf,e_prot_cs,E_prot_cs,sph_ps,sph_acf,sph_cs,e_sph_ps,e_sph_acf,e_sph_cs,h_ps,fa_prob_ps,hacf,gacf,hcs
10903557,54.09316823167506,-1.0,3.054423934016376,7.389056098930649,7.389056098930649,-1.0,-1.0,1.8834934028037738,1.8834934028037738,993.9004611227032,-1.0,805.8359245103196,173.38285325284238,-1.0,175.5562851354426,20.589014689728863,1.1436800156325923e-09,-1.0,-1.0,0.09155688806373596
