target_id,prot_ps,prot_acf,prot_cs,e_prot_ps,E_prot_ps,e_prot_acf,E_prot_acf,e_prot_cs,E_prot_cs,sph_ps,sph_acf,sph_cs,e_sph_ps,e_sph_acf,e_sph_cs,h_ps,fa_prob_ps,hacf,gacf,hcs
10989344,0.14890804713466935,-1.0,0.5345750827534343,7.389056098829573,7.389056098829573,-1.0,-1.0,0.0068408596242218785,0.0068408596242218785,194.6105705474192,-1.0,244.54794351160723,110.27058033316197,-1.0,140.78140399787398,20.178029971018084,1.7250152067096586e-09,-1.0,-1.0,0.3318688613458916
