target_id,prot_ps,prot_acf,prot_cs,e_prot_ps,E_prot_ps,e_prot_acf,E_prot_acf,e_prot_cs,E_prot_cs,sph_ps,sph_acf,sph_cs,e_sph_ps,e_sph_acf,e_sph_cs,h_ps,fa_prob_ps,hacf,gacf,hcs
10991711,1.5099818216777423,54.06820522248745,1.4034029987454413,0.4769108533331869,0.4769108533331869,-1.0,-1.0,0.19642248179658953,0.19642248179658953,672.7027740942307,1237.9567320227643,666.1565198853864,471.15216605052126,434.2346615390806,463.24989955310184,30.316060706259762,6.821849315011606e-14,0.24667180137911157,0.13639311737614937,0.10647709654304945
