target_id,prot_ps,prot_acf,prot_cs,e_prot_ps,E_prot_ps,e_prot_acf,E_prot_acf,e_prot_cs,E_prot_cs,sph_ps,sph_acf,sph_cs,e_sph_ps,e_sph_acf,e_sph_cs,h_ps,fa_prob_ps,hacf,gacf,hcs
10927527,6.208245875313826,6.150539128109813,6.270721013533808,0.21323954976755766,0.21323954976755766,-1.0,-1.0,0.012766458824249673,0.012766458824249673,632.3957828718645,637.4116373368047,624.8041968457106,159.58138019568108,173.35670976687175,152.50726241284104,539.7783422159479,3.777848386513105e-235,0.4352075490255307,0.4247440335326952,0.8887382337420775
