target_id,prot_ps,prot_acf,prot_cs,e_prot_ps,E_prot_ps,e_prot_acf,E_prot_acf,e_prot_cs,E_prot_cs,sph_ps,sph_acf,sph_cs,e_sph_ps,e_sph_acf,e_sph_cs,h_ps,fa_prob_ps,hacf,gacf,hcs
10923810,11.975301443118951,-1.0,2.827409547199495,3.6663199141744505,3.6663199141744505,-1.0,-1.0,0.14657274625228076,0.14657274625228076,618.7936471347925,-1.0,472.12299132807766,182.8335282096206,-1.0,177.597887011767,13.794325330018475,1.0214112280201934e-06,-1.0,-1.0,0.26627811741998675
