target_id,prot_ps,prot_acf,prot_cs,e_prot_ps,E_prot_ps,e_prot_acf,E_prot_acf,e_prot_cs,E_prot_cs,sph_ps,sph_acf,sph_cs,e_sph_ps,e_sph_acf,e_sph_cs,h_ps,fa_prob_ps,hacf,gacf,hcs
10923260,0.18501358103045268,4.618012030608952,4.583711864400129,0.062420252641549774,0.062420252641549774,-1.0,-1.0,0.02924658789462155,0.02924658789462155,2119.2893495570042,5392.21315642304,5382.251073383983,1353.2167977388403,2071.7415633767077,2108.285210897562,866.4112961435849,0.0,1.1405024607264882,0.7687647641100382,0.5648731755333847
