target_id,prot_ps,prot_acf,prot_cs,e_prot_ps,E_prot_ps,e_prot_acf,E_prot_acf,e_prot_cs,E_prot_cs,sph_ps,sph_acf,sph_cs,e_sph_ps,e_sph_acf,e_sph_cs,h_ps,fa_prob_ps,hacf,gacf,hcs
10908913,1.7633673471131688,53.25005883909762,1.780728949493895,0.8211353991334118,0.8211353991334118,-1.0,-1.0,0.009387853150130347,0.009387853150130347,194.57705489938226,275.90710200920756,193.47615449779795,111.07900696260332,48.21825041963179,112.69114078520612,15.71774736558127,1.4923443688602716e-07,0.16554598966799844,0.10334905964442939,0.9285202755915467
