target_id,prot_ps,prot_acf,prot_cs,e_prot_ps,E_prot_ps,e_prot_acf,E_prot_acf,e_prot_cs,E_prot_cs,sph_ps,sph_acf,sph_cs,e_sph_ps,e_sph_acf,e_sph_cs,h_ps,fa_prob_ps,hacf,gacf,hcs
11085247,1.4898596706986627,-1.0,3.405257742851971,0.6757467572617051,0.6757467572617051,-1.0,-1.0,0.2597982805480262,0.2597982805480262,105.61157928657161,-1.0,138.16969677999595,173.36261172160823,-1.0,221.9989517532099,14.609226370881558,4.5216152223026147e-07,-1.0,-1.0,0.3382517939540703
