target_id,prot_ps,prot_acf,prot_cs,e_prot_ps,E_prot_ps,e_prot_acf,E_prot_acf,e_prot_cs,E_prot_cs,sph_ps,sph_acf,sph_cs,e_sph_ps,e_sph_acf,e_sph_cs,h_ps,fa_prob_ps,hacf,gacf,hcs
11042241,0.17009457741370768,-1.0,0.506153289262727,0.24055857842346975,0.24055857842346975,-1.0,-1.0,0.008422774282683478,0.008422774282683478,182.73386551666823,-1.0,195.0036773683869,98.88622554155934,-1.0,105.21985257879498,14.012888517250314,8.208803153346634e-07,-1.0,-1.0,0.13420427739987173
