target_id,prot_ps,prot_acf,prot_cs,e_prot_ps,E_prot_ps,e_prot_acf,E_prot_acf,e_prot_cs,E_prot_cs,sph_ps,sph_acf,sph_cs,e_sph_ps,e_sph_acf,e_sph_cs,h_ps,fa_prob_ps,hacf,gacf,hcs
11019790,0.14382590508021023,-1.0,3.135542646143586,7.389056098930649,7.389056098930649,-1.0,-1.0,0.3305398352136265,0.3305398352136265,140.37670692810926,-1.0,180.71821794176512,78.90882837842285,-1.0,103.65467709559427,13.093656464064876,2.0582458561356197e-06,-1.0,-1.0,0.16376088766428534
