target_id,prot_ps,prot_acf,prot_cs,e_prot_ps,E_prot_ps,e_prot_acf,E_prot_acf,e_prot_cs,E_prot_cs,sph_ps,sph_acf,sph_cs,e_sph_ps,e_sph_acf,e_sph_cs,h_ps,fa_prob_ps,hacf,gacf,hcs
11091668,36.52466909277956,36.59673867048696,36.5520713665446,1.0397706832682745,1.0397706832682745,-1.0,-1.0,0.47554501234788826,0.47554501234788826,6167.778609316325,6169.80943070106,6168.985693776171,2347.2350714898957,2340.2467424957536,2343.8182712901207,282.54933559951843,1.95156348549507e-123,1.502234442450552,0.7957365743880591,0.9901607839005607
