target_id,prot_ps,prot_acf,prot_cs,e_prot_ps,E_prot_ps,e_prot_acf,E_prot_acf,e_prot_cs,E_prot_cs,sph_ps,sph_acf,sph_cs,e_sph_ps,e_sph_acf,e_sph_cs,h_ps,fa_prob_ps,hacf,gacf,hcs
11085540,0.4267209681738955,55.68190912017599,1.7094682744142133,0.5019474669347644,0.5019474669347644,-1.0,-1.0,0.07507123308692783,0.07507123308692783,80.25852578738665,144.0440887361909,82.1376621290164,98.27198341730062,16.820255177902418,99.4928812846947,11.662166835159955,8.613611828935362e-06,0.0003734712711836978,0.0005929314616761704,0.4641667871547902
