target_id,prot_ps,prot_acf,prot_cs,e_prot_ps,E_prot_ps,e_prot_acf,E_prot_acf,e_prot_cs,E_prot_cs,sph_ps,sph_acf,sph_cs,e_sph_ps,e_sph_acf,e_sph_cs,h_ps,fa_prob_ps,hacf,gacf,hcs
11046870,10.360418303735837,10.114768717903644,10.359652550459476,0.32154763905585615,0.32154763905585615,-1.0,-1.0,0.03519708920941194,0.03519708920941194,1693.9902102767785,1675.2780639633354,1692.3973844572715,1107.5526764140045,1052.9596933426467,1108.6736565359508,173.18365977309247,6.127625357890945e-76,0.4868468101678895,0.4492002868289549,0.9709003850823297
