target_id,prot_ps,prot_acf,prot_cs,e_prot_ps,E_prot_ps,e_prot_acf,E_prot_acf,e_prot_cs,E_prot_cs,sph_ps,sph_acf,sph_cs,e_sph_ps,e_sph_acf,e_sph_cs,h_ps,fa_prob_ps,hacf,gacf,hcs
11026507,0.716170721625922,-1.0,1.5981177242612468,7.389056098930649,7.389056098930649,-1.0,-1.0,0.10590227149172246,0.10590227149172246,638.997115004506,-1.0,692.5971449258435,82.87744717674985,-1.0,103.79761937728821,10.920353161849295,1.8086347938137712e-05,-1.0,-1.0,0.2121853471395753
