target_id,prot_ps,prot_acf,prot_cs,e_prot_ps,E_prot_ps,e_prot_acf,E_prot_acf,e_prot_cs,E_prot_cs,sph_ps,sph_acf,sph_cs,e_sph_ps,e_sph_acf,e_sph_cs,h_ps,fa_prob_ps,hacf,gacf,hcs
11098350,2.2085401973554544,37.2715175896883,2.208323509868169,1.8060998254062244,1.8060998254062244,-1.0,-1.0,0.008898016914975401,0.008898016914975401,317.50247572057,606.2188805395878,317.50247572057,234.17651528169785,148.5131583587471,234.17651528169785,15.65898152235889,1.5826713205366835e-07,0.3004746212028039,0.11719233530926843,0.37339075782795467
