target_id,prot_ps,prot_acf,prot_cs,e_prot_ps,E_prot_ps,e_prot_acf,E_prot_acf,e_prot_cs,E_prot_cs,sph_ps,sph_acf,sph_cs,e_sph_ps,e_sph_acf,e_sph_cs,h_ps,fa_prob_ps,hacf,gacf,hcs
11084804,0.30664726984463264,-1.0,4.643555719871073,0.7414991278024665,0.7414991278024665,-1.0,-1.0,0.27236510928710433,0.27236510928710433,318.98134343539255,-1.0,336.8183499173693,33.20529193747208,-1.0,29.233407375848454,14.575277527769124,4.677754201075086e-07,-1.0,-1.0,0.057409576587123604
