target_id,prot_ps,prot_acf,prot_cs,e_prot_ps,E_prot_ps,e_prot_acf,E_prot_acf,e_prot_cs,E_prot_cs,sph_ps,sph_acf,sph_cs,e_sph_ps,e_sph_acf,e_sph_cs,h_ps,fa_prob_ps,hacf,gacf,hcs
11075448,1.3744338701921173,59.54400043096393,1.3414768799906593,0.35922238004909546,0.35922238004909546,-1.0,-1.0,0.12583293695579437,0.12583293695579437,156.46943972247962,368.66755096963135,153.71154227697224,127.82216524866284,197.6213723174805,130.0820073579388,26.085136249978994,4.69212168934087e-12,0.22975267351035908,0.10958916193324214,2.894595453476892
