target_id,prot_ps,prot_acf,prot_cs,e_prot_ps,E_prot_ps,e_prot_acf,E_prot_acf,e_prot_cs,E_prot_cs,sph_ps,sph_acf,sph_cs,e_sph_ps,e_sph_acf,e_sph_cs,h_ps,fa_prob_ps,hacf,gacf,hcs
11074374,47.12824984354155,47.7329017072916,3.1355367153184495,7.389056098930649,7.389056098930649,-1.0,-1.0,0.07620780582252662,0.07620780582252662,332.6811369768761,330.91432416216435,255.91373023465965,45.45224466720655,47.77019431283845,133.7582298934764,14.441053080425396,5.349711159291174e-07,0.10462413591881008,0.039458687588062,0.25381421458935416
