target_id,prot_ps,prot_acf,prot_cs,e_prot_ps,E_prot_ps,e_prot_acf,E_prot_acf,e_prot_cs,E_prot_cs,sph_ps,sph_acf,sph_cs,e_sph_ps,e_sph_acf,e_sph_cs,h_ps,fa_prob_ps,hacf,gacf,hcs
11069694,12.701728393665574,12.607576632872224,12.570926722565245,0.6419374445748796,0.6419374445748796,-1.0,-1.0,0.35512574370959643,0.35512574370959643,4401.379103267187,4414.183732735398,4421.3140853872355,1289.8697324466289,1236.4822661984574,1204.7141155724707,50.076632305474014,1.7864666676397198e-22,0.8502454531767978,0.5468557216133207,0.9693858008042353
