target_id,prot_ps,prot_acf,prot_cs,e_prot_ps,E_prot_ps,e_prot_acf,E_prot_acf,e_prot_cs,E_prot_cs,sph_ps,sph_acf,sph_cs,e_sph_ps,e_sph_acf,e_sph_cs,h_ps,fa_prob_ps,hacf,gacf,hcs
11153346,17.317255495050205,17.49143310263753,17.501241382881997,0.6788173098644332,0.6788173098644332,-1.0,-1.0,0.3892909389450105,0.3892909389450105,2612.967827590104,2564.542005045826,2563.8883344524374,1151.3430801121578,1202.0748921308223,1202.8583865107857,71.41277924824254,9.678856145963305e-32,0.7872954051630985,0.4632432494325755,0.9533481334699074
