target_id,prot_ps,prot_acf,prot_cs,e_prot_ps,E_prot_ps,e_prot_acf,E_prot_acf,e_prot_cs,E_prot_cs,sph_ps,sph_acf,sph_cs,e_sph_ps,e_sph_acf,e_sph_cs,h_ps,fa_prob_ps,hacf,gacf,hcs
11129832,0.3112854786500246,-1.0,0.5114340045217661,0.43394592205347426,0.43394592205347426,-1.0,-1.0,0.008183501002579719,0.008183501002579719,326.46581213398736,-1.0,329.66703020408437,179.480134130294,-1.0,178.8851202118197,15.889388317642238,1.2569741107275322e-07,-1.0,-1.0,0.11424210537450762
