target_id,prot_ps,prot_acf,prot_cs,e_prot_ps,E_prot_ps,e_prot_acf,E_prot_acf,e_prot_cs,E_prot_cs,sph_ps,sph_acf,sph_cs,e_sph_ps,e_sph_acf,e_sph_cs,h_ps,fa_prob_ps,hacf,gacf,hcs
11122491,12.170560744521271,36.14718925440684,3.985181639506482,4.42926504814772,4.42926504814772,-1.0,-1.0,0.3237855599153605,0.3237855599153605,914.9527511495627,954.860051920738,819.0281162351894,256.9951399635376,211.6425569411096,331.7984131857632,17.07855081164134,3.8271864784378995e-08,0.23703497624695147,0.08843535207199392,1.488437281695776
