target_id,prot_ps,prot_acf,prot_cs,e_prot_ps,E_prot_ps,e_prot_acf,E_prot_acf,e_prot_cs,E_prot_cs,sph_ps,sph_acf,sph_cs,e_sph_ps,e_sph_acf,e_sph_cs,h_ps,fa_prob_ps,hacf,gacf,hcs
11137332,56.19183994925527,-1.0,2.022933136671782,7.389056098930649,7.389056098930649,-1.0,-1.0,0.8869408760496308,0.8869408760496308,320.8193306484287,-1.0,294.8548497280392,19.56651525686255,-1.0,21.132408844728356,11.676705023151687,8.489291407386356e-06,-1.0,-1.0,0.0698142765451386
