target_id,prot_ps,prot_acf,prot_cs,e_prot_ps,E_prot_ps,e_prot_acf,E_prot_acf,e_prot_cs,E_prot_cs,sph_ps,sph_acf,sph_cs,e_sph_ps,e_sph_acf,e_sph_cs,h_ps,fa_prob_ps,hacf,gacf,hcs
11193876,47.12863240295435,51.2886201729998,1.0241337785262477,1.9991063611735318,1.9991063611735318,-1.0,-1.0,0.07439528910072943,0.07439528910072943,817.548073336208,810.2575818427318,697.3310638963939,64.84325217032868,54.90982829420163,82.9672592018981,19.783309584322865,2.559869428308102e-09,0.06656059954048944,0.011352846874968944,0.39845882588774933
