target_id,prot_ps,prot_acf,prot_cs,e_prot_ps,E_prot_ps,e_prot_acf,E_prot_acf,e_prot_cs,E_prot_cs,sph_ps,sph_acf,sph_cs,e_sph_ps,e_sph_acf,e_sph_cs,h_ps,fa_prob_ps,hacf,gacf,hcs
11190703,14.604534784523823,45.219748608767986,14.463985111936928,1.1318504230472048,1.1318504230472048,-1.0,-1.0,0.627089669952315,0.627089669952315,403.43753359402274,407.1139656268939,404.26316420197765,112.86873301448298,72.94639400990421,119.82244668061008,16.70630577329021,5.5532035123092845e-08,0.4255752879705668,0.24582866227183522,0.7029832079105077
