target_id,prot_ps,prot_acf,prot_cs,e_prot_ps,E_prot_ps,e_prot_acf,E_prot_acf,e_prot_cs,E_prot_cs,sph_ps,sph_acf,sph_cs,e_sph_ps,e_sph_acf,e_sph_cs,h_ps,fa_prob_ps,hacf,gacf,hcs
11152856,2.297769423864701,0.4904140904545784,2.3040389126756677,0.07101709265343302,0.07101709265343302,-1.0,-1.0,0.018975541555823094,0.018975541555823094,731.5772807088866,618.0824515370471,730.0128092542831,421.6092666746253,405.182959658361,418.9177631258845,1006.036169256945,0.0,0.30926019206996314,0.4502086732303492,0.7550671902373857
