target_id,prot_ps,prot_acf,prot_cs,e_prot_ps,E_prot_ps,e_prot_acf,E_prot_acf,e_prot_cs,E_prot_cs,sph_ps,sph_acf,sph_cs,e_sph_ps,e_sph_acf,e_sph_cs,h_ps,fa_prob_ps,hacf,gacf,hcs
11175535,11.234425260401297,45.50591666577384,1.598122021746822,3.682475129866529,3.682475129866529,-1.0,-1.0,0.7453892060916139,0.7453892060916139,484.79993427105023,501.6140605026235,325.08483567657,115.0589111494584,47.96514593854433,106.6201298676425,18.983999228229692,5.693166572487919e-09,0.039563687442063476,0.015209893403622032,0.5257275533794107
