target_id,prot_ps,prot_acf,prot_cs,e_prot_ps,E_prot_ps,e_prot_acf,E_prot_acf,e_prot_cs,E_prot_cs,sph_ps,sph_acf,sph_cs,e_sph_ps,e_sph_acf,e_sph_cs,h_ps,fa_prob_ps,hacf,gacf,hcs
11299407,11.975286964918471,23.989144874736667,24.743449675414627,0.31372677528756304,0.31372677528756304,-1.0,-1.0,0.4210347366459621,0.4210347366459621,3388.287488345617,3468.2239922131325,3458.3213514749855,1158.173176879631,978.2899098085132,983.2019023416394,68.02036827456273,2.878255885126392e-30,0.8135704008063616,0.5362383033606439,0.9938992432263245
