target_id,prot_ps,prot_acf,prot_cs,e_prot_ps,E_prot_ps,e_prot_acf,E_prot_acf,e_prot_cs,E_prot_cs,sph_ps,sph_acf,sph_cs,e_sph_ps,e_sph_acf,e_sph_cs,h_ps,fa_prob_ps,hacf,gacf,hcs
11234268,0.16958629455479202,-1.0,2.0843854651413856,0.174768570414278,0.174768570414278,-1.0,-1.0,3.081067166829023,3.081067166829023,543.9574215071839,-1.0,577.267836821221,64.89001618995718,-1.0,32.389393867328266,9.052552242707657,0.00011709180851538232,-1.0,-1.0,0.17817364678151676
