target_id,prot_ps,prot_acf,prot_cs,e_prot_ps,E_prot_ps,e_prot_acf,E_prot_acf,e_prot_cs,E_prot_cs,sph_ps,sph_acf,sph_cs,e_sph_ps,e_sph_acf,e_sph_cs,h_ps,fa_prob_ps,hacf,gacf,hcs
11237218,0.27015221298796055,51.901441141963005,1.0659144371111953,0.3690063534308468,0.3690063534308468,-1.0,-1.0,0.007651631355444842,0.007651631355444842,269.7681801938437,433.78048161643255,290.7251916191023,149.04519013679143,65.03687517297877,155.99962639110848,13.738029996942675,1.0805612272480432e-06,0.10855642555899471,0.053489313812994564,0.3227747285417477
