target_id,prot_ps,prot_acf,prot_cs,e_prot_ps,E_prot_ps,e_prot_acf,E_prot_acf,e_prot_cs,E_prot_cs,sph_ps,sph_acf,sph_cs,e_sph_ps,e_sph_acf,e_sph_cs,h_ps,fa_prob_ps,hacf,gacf,hcs
11285203,0.12954018824650454,-1.0,0.1011442399339255,7.389056098930562,7.389056098930562,-1.0,-1.0,0.010343671158575202,0.010343671158575202,728.2840710753886,-1.0,720.3838944601121,117.07234145450958,-1.0,124.57377283575066,8.285516626380145,0.0002521423809140439,-1.0,-1.0,0.10181810291279918
