target_id,prot_ps,prot_acf,prot_cs,e_prot_ps,E_prot_ps,e_prot_acf,E_prot_acf,e_prot_cs,E_prot_cs,sph_ps,sph_acf,sph_cs,e_sph_ps,e_sph_acf,e_sph_cs,h_ps,fa_prob_ps,hacf,gacf,hcs
11289187,37.46099422770712,-1.0,37.45986783180548,7.3890560989304825,7.3890560989304825,-1.0,-1.0,0.4378567500328278,0.4378567500328278,485.7069928746365,-1.0,485.7069928746365,92.93053570558241,-1.0,92.93053570558241,21.75393617900437,3.567677239826253e-10,-1.0,-1.0,0.06835186400580896
