target_id,prot_ps,prot_acf,prot_cs,e_prot_ps,E_prot_ps,e_prot_acf,E_prot_acf,e_prot_cs,E_prot_cs,sph_ps,sph_acf,sph_cs,e_sph_ps,e_sph_acf,e_sph_cs,h_ps,fa_prob_ps,hacf,gacf,hcs
11233025,9.945607635921228,49.28596801869571,2.9925082986475897,4.609635071060718,4.609635071060718,-1.0,-1.0,0.14546989446176312,0.14546989446176312,704.8710750968636,793.5269107005788,585.7064578744994,336.545754977191,130.81954036478734,372.50317343645355,20.536767789486944,1.2050222692285751e-09,0.07963050357293124,0.021170899800817593,0.24654849789248087
