target_id,prot_ps,prot_acf,prot_cs,e_prot_ps,E_prot_ps,e_prot_acf,E_prot_acf,e_prot_cs,E_prot_cs,sph_ps,sph_acf,sph_cs,e_sph_ps,e_sph_acf,e_sph_cs,h_ps,fa_prob_ps,hacf,gacf,hcs
11285663,0.13484666214633173,37.271324783563614,2.265172224765936,0.17757487607303998,0.17757487607303998,-1.0,-1.0,0.008794893019193449,0.008794893019193449,82.99287405938992,178.9828513097703,117.69712412077544,46.626644107947165,57.379530844569665,76.56049352559994,19.110344600876534,5.017446987289339e-09,0.1647297160496412,0.1523897516795087,0.5985906176487349
