target_id,prot_ps,prot_acf,prot_cs,e_prot_ps,E_prot_ps,e_prot_acf,E_prot_acf,e_prot_cs,E_prot_cs,sph_ps,sph_acf,sph_cs,e_sph_ps,e_sph_acf,e_sph_cs,h_ps,fa_prob_ps,hacf,gacf,hcs
11285200,2.5229747704808445,59.461659640073776,0.16183379768207704,1.2137879218927006,1.2137879218927006,-1.0,-1.0,0.012527423474283256,0.012527423474283256,193.2385108875845,261.09258361234384,146.49695742502036,104.80203865380143,16.601692481074565,83.80988856056275,17.03686956844618,3.990079579765206e-08,0.07600200934126895,0.00951437034499902,0.3168750983363283
