target_id,prot_ps,prot_acf,prot_cs,e_prot_ps,E_prot_ps,e_prot_acf,E_prot_acf,e_prot_cs,E_prot_cs,sph_ps,sph_acf,sph_cs,e_sph_ps,e_sph_acf,e_sph_cs,h_ps,fa_prob_ps,hacf,gacf,hcs
11297521,0.7066599294255855,-1.0,1.5374327225424351,7.389056098929346,7.389056098929346,-1.0,-1.0,0.7324879694857221,0.7324879694857221,165.90910287919576,-1.0,183.4815990096989,17.474682780148903,-1.0,32.54181840211116,12.195219110093397,5.054563243608278e-06,-1.0,-1.0,0.23330088565344997
