target_id,prot_ps,prot_acf,prot_cs,e_prot_ps,E_prot_ps,e_prot_acf,E_prot_acf,e_prot_cs,E_prot_cs,sph_ps,sph_acf,sph_cs,e_sph_ps,e_sph_acf,e_sph_cs,h_ps,fa_prob_ps,hacf,gacf,hcs
11244430,11.50382030156651,22.43618183210492,1.67396735346093,3.4486758051156414,3.4486758051156414,-1.0,-1.0,0.009163485353321735,0.009163485353321735,1351.601667088938,1373.061721457689,892.312317568064,598.7719642966509,551.8996656150009,477.67473978745085,24.212264584590166,3.05314265351083e-11,0.3994376763024454,0.18428104817381102,1.8064458390395188
