target_id,prot_ps,prot_acf,prot_cs,e_prot_ps,E_prot_ps,e_prot_acf,E_prot_acf,e_prot_cs,E_prot_cs,sph_ps,sph_acf,sph_cs,e_sph_ps,e_sph_acf,e_sph_cs,h_ps,fa_prob_ps,hacf,gacf,hcs
11299239,9.053122318138929,-1.0,9.043694454385127,0.5125291722458638,0.5125291722458638,-1.0,-1.0,0.05657806618515924,0.05657806618515924,542.2122786721371,-1.0,536.4432941990905,170.37573996087445,-1.0,166.82344335253458,22.431538788903534,1.8117842641937542e-10,-1.0,-1.0,0.37496778472738157
