target_id,prot_ps,prot_acf,prot_cs,e_prot_ps,E_prot_ps,e_prot_acf,E_prot_acf,e_prot_cs,E_prot_cs,sph_ps,sph_acf,sph_cs,e_sph_ps,e_sph_acf,e_sph_cs,h_ps,fa_prob_ps,hacf,gacf,hcs
11245851,15.884397548056148,11.299825640395284,15.877430472433952,1.6114185995784478,1.6114185995784478,-1.0,-1.0,0.08783525768905581,0.08783525768905581,510.8180436632772,504.46904055581865,510.8031401753234,35.05922324070349,44.52395255608488,35.092021057941615,33.51145517800269,2.7935724279880715e-15,0.020699051124225917,0.010504047180464188,0.38623126362841625
