target_id,prot_ps,prot_acf,prot_cs,e_prot_ps,E_prot_ps,e_prot_acf,E_prot_acf,e_prot_cs,E_prot_cs,sph_ps,sph_acf,sph_cs,e_sph_ps,e_sph_acf,e_sph_cs,h_ps,fa_prob_ps,hacf,gacf,hcs
11246353,11.066927090184707,10.99332167673856,11.017913143122495,0.28275432337689677,0.28275432337689677,-1.0,-1.0,0.07225793738855019,0.07225793738855019,6689.120543686327,6693.033632021568,6691.83333548368,1901.572976789187,1839.810895389075,1845.1643781593416,236.33801123971045,2.2893165853396347e-103,1.0795305168471951,0.6312002836248071,0.9951273104915312
