target_id,prot_ps,prot_acf,prot_cs,e_prot_ps,E_prot_ps,e_prot_acf,E_prot_acf,e_prot_cs,E_prot_cs,sph_ps,sph_acf,sph_cs,e_sph_ps,e_sph_acf,e_sph_cs,h_ps,fa_prob_ps,hacf,gacf,hcs
11251391,6.04812738204986,-1.0,6.022978404870705,1.8537472037779497,1.8537472037779497,-1.0,-1.0,0.14356956633617776,0.14356956633617776,577.0398947680073,-1.0,574.4485697998251,78.21217981870278,-1.0,75.61555111652375,19.653538886224002,2.914583566380117e-09,-1.0,-1.0,0.23272422383133962
