target_id,prot_ps,prot_acf,prot_cs,e_prot_ps,E_prot_ps,e_prot_acf,E_prot_acf,e_prot_cs,E_prot_cs,sph_ps,sph_acf,sph_cs,e_sph_ps,e_sph_acf,e_sph_cs,h_ps,fa_prob_ps,hacf,gacf,hcs
11246163,0.13955294657963843,0.14303572196513414,0.14303572196513414,0.0030162784110233935,0.0030162784110233935,-1.0,-1.0,0.014303572196513415,0.014303572196513415,126855.23234866263,126797.58897069682,126797.58897069682,5830.71618153469,5920.10379569458,5920.10379569458,18536601.13641182,0.0,0.9771708802570144,0.5155523924904097,1.810935104948201e-06
