target_id,prot_ps,prot_acf,prot_cs,e_prot_ps,E_prot_ps,e_prot_acf,E_prot_acf,e_prot_cs,E_prot_cs,sph_ps,sph_acf,sph_cs,e_sph_ps,e_sph_acf,e_sph_cs,h_ps,fa_prob_ps,hacf,gacf,hcs
11298155,18.49347251590499,38.946589048951864,2.5930488880886564,4.467535709388837,4.467535709388837,-1.0,-1.0,0.013425466314190474,0.013425466314190474,504.98866342747783,504.3230142344087,428.4706071670066,62.36418461015246,43.628557748624644,71.34173583322057,21.29197954669709,5.662533366007049e-10,0.10488170878274668,0.02302295701174956,0.4478847019748707
