target_id,prot_ps,prot_acf,prot_cs,e_prot_ps,E_prot_ps,e_prot_acf,E_prot_acf,e_prot_cs,E_prot_cs,sph_ps,sph_acf,sph_cs,e_sph_ps,e_sph_acf,e_sph_cs,h_ps,fa_prob_ps,hacf,gacf,hcs
11298236,0.10024060367879217,0.10216854512691498,3.2328410738244657,0.0605043764179726,0.0605043764179726,-1.0,-1.0,0.09242372923844613,0.09242372923844613,148.90334440602874,151.25715106917804,365.5330404015142,48.15826550845284,48.98502001488052,84.64814916945234,33.82342198773337,2.044911285085161e-15,0.5077834452314518,0.3628952802146194,0.38503953666720425
