target_id,prot_ps,prot_acf,prot_cs,e_prot_ps,E_prot_ps,e_prot_acf,E_prot_acf,e_prot_cs,E_prot_cs,sph_ps,sph_acf,sph_cs,e_sph_ps,e_sph_acf,e_sph_cs,h_ps,fa_prob_ps,hacf,gacf,hcs
11247347,15.378777633207633,-1.0,1.9781110061370628,0.6581495775790968,0.6581495775790968,-1.0,-1.0,0.011439510818405593,0.011439510818405593,433.3554303581437,-1.0,386.0885734556272,61.62001370268504,-1.0,38.26766561781766,18.826095101925677,6.667005009484417e-09,-1.0,-1.0,0.09352192109757629
