target_id,prot_ps,prot_acf,prot_cs,e_prot_ps,E_prot_ps,e_prot_acf,E_prot_acf,e_prot_cs,E_prot_cs,sph_ps,sph_acf,sph_cs,e_sph_ps,e_sph_acf,e_sph_cs,h_ps,fa_prob_ps,hacf,gacf,hcs
11357555,7.730104805399712,-1.0,7.761759371150565,3.0748780799494284,3.0748780799494284,-1.0,-1.0,0.10240347697808928,0.10240347697808928,341.57934990414554,-1.0,344.5571587719561,251.85157130050507,-1.0,258.09239804550396,13.760854027147207,1.05617778784732e-06,-1.0,-1.0,0.47527081642527336
