target_id,prot_ps,prot_acf,prot_cs,e_prot_ps,E_prot_ps,e_prot_acf,E_prot_acf,e_prot_cs,E_prot_cs,sph_ps,sph_acf,sph_cs,e_sph_ps,e_sph_acf,e_sph_cs,h_ps,fa_prob_ps,hacf,gacf,hcs
11308216,9.103445546854154,27.360718302894384,0.7000507401807633,7.389056098930649,7.389056098930649,-1.0,-1.0,0.008098157351147705,0.008098157351147705,880.5367616668516,916.8022020393859,355.352551792372,314.95457987955143,263.2905799353021,128.19779849658397,20.28108166502974,1.5561023043887196e-09,0.5173942238933906,0.2558497914473638,0.9150824193089183
