target_id,prot_ps,prot_acf,prot_cs,e_prot_ps,E_prot_ps,e_prot_acf,E_prot_acf,e_prot_cs,E_prot_cs,sph_ps,sph_acf,sph_cs,e_sph_ps,e_sph_acf,e_sph_cs,h_ps,fa_prob_ps,hacf,gacf,hcs
11304196,18.262344782875687,17.818186555057764,18.154772036907598,0.5631959452096157,0.5631959452096157,-1.0,-1.0,0.18435671905898057,0.18435671905898057,806.9280305070137,806.957464826012,804.3914621677418,154.50790218027979,160.72959661737366,163.28857790670688,79.8664127783075,2.062802461518897e-35,0.3460347460060774,0.1577629289895107,0.3745387953076941
