target_id,prot_ps,prot_acf,prot_cs,e_prot_ps,E_prot_ps,e_prot_acf,E_prot_acf,e_prot_cs,E_prot_cs,sph_ps,sph_acf,sph_cs,e_sph_ps,e_sph_acf,e_sph_cs,h_ps,fa_prob_ps,hacf,gacf,hcs
11359322,8.079661417051497,16.387645293958485,8.09503902514088,0.31313854181991063,0.31313854181991063,-1.0,-1.0,0.16517506219255293,0.16517506219255293,696.5125622214564,768.0655611826155,695.152550936145,153.06716907814013,156.81077847279238,151.95928305611383,19.174196029984305,4.707089643517983e-09,0.1757896275135852,0.18157312393806427,0.8593983404060104
