target_id,prot_ps,prot_acf,prot_cs,e_prot_ps,E_prot_ps,e_prot_acf,E_prot_acf,e_prot_cs,E_prot_cs,sph_ps,sph_acf,sph_cs,e_sph_ps,e_sph_acf,e_sph_cs,h_ps,fa_prob_ps,hacf,gacf,hcs
11397726,13.886506382560883,13.649694610387087,13.735720380311834,0.6926726662331602,0.6926726662331602,-1.0,-1.0,0.40408117397206184,0.40408117397206184,8634.565489992105,8523.48875374284,8538.543220060257,3275.031091259501,3371.3876046030327,3271.1936726339068,171.38973061376385,3.684560903684359e-75,1.1624373745474796,0.5970306243869962,0.9601649208745138
