target_id,prot_ps,prot_acf,prot_cs,e_prot_ps,E_prot_ps,e_prot_acf,E_prot_acf,e_prot_cs,E_prot_cs,sph_ps,sph_acf,sph_cs,e_sph_ps,e_sph_acf,e_sph_cs,h_ps,fa_prob_ps,hacf,gacf,hcs
11358597,1.292075390456426,-1.0,2.455925584854558,1.7503070349116971,1.7503070349116971,-1.0,-1.0,1.189500265135906,1.189500265135906,320.64586817214615,-1.0,363.03592117349103,70.32962227733285,-1.0,95.40945607097666,15.58826054774139,1.6986521832427268e-07,-1.0,-1.0,0.2254034794959313
