target_id,prot_ps,prot_acf,prot_cs,e_prot_ps,E_prot_ps,e_prot_acf,E_prot_acf,e_prot_cs,E_prot_cs,sph_ps,sph_acf,sph_cs,e_sph_ps,e_sph_acf,e_sph_cs,h_ps,fa_prob_ps,hacf,gacf,hcs
11446456,0.1647535266123708,58.19366756081581,0.5259497903846205,0.19729051114649943,0.19729051114649943,-1.0,-1.0,4.084021172769492,4.084021172769492,569.2842093574864,1080.4591543097074,593.5491034348715,85.07418834210443,0.0,98.08186414189831,12.966040820787025,2.3384065530533003e-06,0.2074055576628426,0.09916532883112492,0.03509472309776381
