target_id,prot_ps,prot_acf,prot_cs,e_prot_ps,E_prot_ps,e_prot_acf,E_prot_acf,e_prot_cs,E_prot_cs,sph_ps,sph_acf,sph_cs,e_sph_ps,e_sph_acf,e_sph_cs,h_ps,fa_prob_ps,hacf,gacf,hcs
11468301,5.076941870117318,4.883660241030157,5.088123720594674,0.1171198056217434,0.1171198056217434,-1.0,-1.0,0.012306071770734724,0.012306071770734724,622.7035313744923,628.761000244494,625.369987107591,113.36886588704435,114.73017012260334,112.05959397664385,327.6540112583182,5.03119253160773e-143,0.68300807524168,0.46105975651017017,0.7837204506702603
