target_id,prot_ps,prot_acf,prot_cs,e_prot_ps,E_prot_ps,e_prot_acf,E_prot_acf,e_prot_cs,E_prot_cs,sph_ps,sph_acf,sph_cs,e_sph_ps,e_sph_acf,e_sph_cs,h_ps,fa_prob_ps,hacf,gacf,hcs
11442831,16.258019662556105,16.674310103058815,16.428282292224463,0.8772872920086472,0.8772872920086472,-1.0,-1.0,1.159281918742217,1.159281918742217,6768.560912061748,6719.192356624234,6742.383642052019,0.0,0.0,0.0,43.975485768958976,7.974237963361795e-20,1.1403975999262521,0.5914064413424841,0.9856047062856149
