target_id,prot_ps,prot_acf,prot_cs,e_prot_ps,E_prot_ps,e_prot_acf,E_prot_acf,e_prot_cs,E_prot_cs,sph_ps,sph_acf,sph_cs,e_sph_ps,e_sph_acf,e_sph_cs,h_ps,fa_prob_ps,hacf,gacf,hcs
11443060,0.1614169115406197,57.295936001464725,2.99250707111787,7.389056096081832,7.389056096081832,-1.0,-1.0,0.19416331713964016,0.19416331713964016,225.02308640063407,452.4177907870214,300.16641634670447,127.25197067581375,58.360519035315185,170.39288122915787,14.549906964710022,4.797949726007544e-07,0.1195581457939229,0.0195678126238206,0.45485790715145413
