target_id,prot_ps,prot_acf,prot_cs,e_prot_ps,E_prot_ps,e_prot_acf,E_prot_acf,e_prot_cs,E_prot_cs,sph_ps,sph_acf,sph_cs,e_sph_ps,e_sph_acf,e_sph_cs,h_ps,fa_prob_ps,hacf,gacf,hcs
11403699,7.991830510262381,15.876973459962755,7.990592627436855,3.6729085579642526,3.6729085579642526,-1.0,-1.0,0.19205681001946792,0.19205681001946792,1060.4226540388852,1100.6223004753488,1060.4226540388852,270.2812353039825,208.96843689067913,270.2812353039825,24.098964399510056,3.4194223162315256e-11,0.37524158250992856,0.21834642533603754,0.8686976660435023
