target_id,prot_ps,prot_acf,prot_cs,e_prot_ps,E_prot_ps,e_prot_acf,E_prot_acf,e_prot_cs,E_prot_cs,sph_ps,sph_acf,sph_cs,e_sph_ps,e_sph_acf,e_sph_cs,h_ps,fa_prob_ps,hacf,gacf,hcs
11445869,5.012768029487359,17.736390316858888,5.007679634538889,2.0230586164901734,2.0230586164901734,-1.0,-1.0,0.009376386972025884,0.009376386972025884,533.3167073954185,648.1003567449171,532.4644404936731,312.5023838802694,259.4687432139979,317.43839357677166,50.50391397473581,1.165276119211236e-22,0.18222570774156222,0.08082624647217733,1.2959765449555072
