target_id,prot_ps,prot_acf,prot_cs,e_prot_ps,E_prot_ps,e_prot_acf,E_prot_acf,e_prot_cs,E_prot_cs,sph_ps,sph_acf,sph_cs,e_sph_ps,e_sph_acf,e_sph_cs,h_ps,fa_prob_ps,hacf,gacf,hcs
11410904,11.238353213008152,11.177221516147256,11.266336641613337,0.3624385450604005,0.3624385450604005,-1.0,-1.0,0.10010122699040248,0.10010122699040248,7446.460283268926,7472.329183731632,7450.288769663448,2551.1656719965054,2512.3520113507057,2540.960969233301,209.81631476386758,7.549745028149287e-92,0.9532252855167563,0.566099707682545,0.9972498428842245
