target_id,prot_ps,prot_acf,prot_cs,e_prot_ps,E_prot_ps,e_prot_acf,E_prot_acf,e_prot_cs,E_prot_cs,sph_ps,sph_acf,sph_cs,e_sph_ps,e_sph_acf,e_sph_cs,h_ps,fa_prob_ps,hacf,gacf,hcs
11413416,11.068094749757993,11.11592099070549,11.065504961225344,0.36516777336422007,0.36516777336422007,-1.0,-1.0,0.04363729800038522,0.04363729800038522,2947.8260723621497,2955.5377539862116,2945.2161802380797,923.5866175308976,919.1023208352191,922.4865562332249,167.6046270172923,1.6226891972509553e-73,0.8335297544539498,0.5368299915529833,0.9224386068928349
