target_id,prot_ps,prot_acf,prot_cs,e_prot_ps,E_prot_ps,e_prot_acf,E_prot_acf,e_prot_cs,E_prot_cs,sph_ps,sph_acf,sph_cs,e_sph_ps,e_sph_acf,e_sph_cs,h_ps,fa_prob_ps,hacf,gacf,hcs
11466153,0.42949059569497217,-1.0,2.0225269522331653,0.3505532846099632,0.3505532846099632,-1.0,-1.0,1.4255160519058836,1.4255160519058836,238.45605830864437,-1.0,282.53205874122824,33.83042839427822,-1.0,65.83471861774508,18.357467651884217,1.0652538121853196e-08,-1.0,-1.0,0.2216490020430621
