target_id,prot_ps,prot_acf,prot_cs,e_prot_ps,E_prot_ps,e_prot_acf,E_prot_acf,e_prot_cs,E_prot_cs,sph_ps,sph_acf,sph_cs,e_sph_ps,e_sph_acf,e_sph_cs,h_ps,fa_prob_ps,hacf,gacf,hcs
11461265,45.9829183866093,-1.0,2.1555696827354427,2.0583597944625125,2.0583597944625125,-1.0,-1.0,0.0745575104804454,0.0745575104804454,104.96630740947232,-1.0,76.70298657918218,21.784281884192794,-1.0,13.950964394284757,19.07863547716352,5.1790951512288224e-09,-1.0,-1.0,0.22239520115414746
