target_id,prot_ps,prot_acf,prot_cs,e_prot_ps,E_prot_ps,e_prot_acf,E_prot_acf,e_prot_cs,E_prot_cs,sph_ps,sph_acf,sph_cs,e_sph_ps,e_sph_acf,e_sph_cs,h_ps,fa_prob_ps,hacf,gacf,hcs
11401038,10.743943117865907,10.768546496517956,10.796627781784096,0.3256616117947675,0.3256616117947675,-1.0,-1.0,0.123060327846419,0.123060327846419,4924.342299486824,4928.62922983094,4929.0170703118265,1976.7402735591234,1969.378176321635,1964.0745888931037,137.36998888300073,2.1926628021899178e-60,0.9924205774110043,0.5543792527514471,0.9809745704705725
