target_id,prot_ps,prot_acf,prot_cs,e_prot_ps,E_prot_ps,e_prot_acf,E_prot_acf,e_prot_cs,E_prot_cs,sph_ps,sph_acf,sph_cs,e_sph_ps,e_sph_acf,e_sph_cs,h_ps,fa_prob_ps,hacf,gacf,hcs
11464185,25.18917294248934,25.746935717761517,25.44716782333329,2.9925995249138735,2.9925995249138735,-1.0,-1.0,1.721174023425099,1.721174023425099,1097.4172397417833,1072.5585649970933,1064.9745537453166,701.719791060348,768.2789131988033,749.1083674917583,34.7893863705607,7.783258784123836e-16,0.9515432934297567,0.4373729535302429,0.9771345124409769
