target_id,prot_ps,prot_acf,prot_cs,e_prot_ps,E_prot_ps,e_prot_acf,E_prot_acf,e_prot_cs,E_prot_cs,sph_ps,sph_acf,sph_cs,e_sph_ps,e_sph_acf,e_sph_cs,h_ps,fa_prob_ps,hacf,gacf,hcs
11467460,12.594718390694801,11.27940121293068,12.609062213626741,0.3839378209997532,0.3839378209997532,-1.0,-1.0,0.16014246598348758,0.16014246598348758,2053.183488850758,2006.2876664508938,2055.354596382248,694.5949163633658,733.7800222552828,686.6500389813593,173.94301455652823,2.8675342410157916e-76,0.3098981307249132,0.2364804708168017,1.0165828573784208
