target_id,prot_ps,prot_acf,prot_cs,e_prot_ps,E_prot_ps,e_prot_acf,E_prot_acf,e_prot_cs,E_prot_cs,sph_ps,sph_acf,sph_cs,e_sph_ps,e_sph_acf,e_sph_cs,h_ps,fa_prob_ps,hacf,gacf,hcs
11402237,28.636223115793506,-1.0,28.62376359428582,7.389056098930649,7.389056098930649,-1.0,-1.0,0.2744474116473724,0.2744474116473724,583.2796356129131,-1.0,583.2919375383133,53.01707842371875,-1.0,53.01604589912311,15.60098338163749,1.6771774133103523e-07,-1.0,-1.0,0.1409102879036468
