target_id,prot_ps,prot_acf,prot_cs,e_prot_ps,E_prot_ps,e_prot_acf,E_prot_acf,e_prot_cs,E_prot_cs,sph_ps,sph_acf,sph_cs,e_sph_ps,e_sph_acf,e_sph_cs,h_ps,fa_prob_ps,hacf,gacf,hcs
11466369,0.5595515611547947,-1.0,2.930599275948479,1.530627839375058,1.530627839375058,-1.0,-1.0,0.42917202347444994,0.42917202347444994,314.02130242919037,-1.0,348.98768503133573,42.10063352044006,-1.0,58.46083354743596,13.367390458634251,1.5653666838546387e-06,-1.0,-1.0,0.23369204304834312
