target_id,prot_ps,prot_acf,prot_cs,e_prot_ps,E_prot_ps,e_prot_acf,E_prot_acf,e_prot_cs,E_prot_cs,sph_ps,sph_acf,sph_cs,e_sph_ps,e_sph_acf,e_sph_cs,h_ps,fa_prob_ps,hacf,gacf,hcs
11411639,10.461883199230508,10.46203088760376,10.49761166018171,0.2971945020169447,0.2971945020169447,-1.0,-1.0,0.08454936096329534,0.08454936096329534,2471.180418897203,2471.141428954128,2465.0112301970144,712.0324256504986,712.5746875371199,702.2868768196469,232.2295459826655,1.3931235853869107e-101,0.8853959271314626,0.5255303169117618,0.9937174762488713
