target_id,prot_ps,prot_acf,prot_cs,e_prot_ps,E_prot_ps,e_prot_acf,E_prot_acf,e_prot_cs,E_prot_cs,sph_ps,sph_acf,sph_cs,e_sph_ps,e_sph_acf,e_sph_cs,h_ps,fa_prob_ps,hacf,gacf,hcs
11459809,10.902804453970731,9.808380156755447,1.4679368970455366,0.46115060695846927,0.46115060695846927,-1.0,-1.0,0.011564965763718434,0.011564965763718434,1891.20675545415,1853.0441147615834,998.4673540629348,1718.5148452264802,1675.223612025725,1230.5797492874244,31.308853457519426,2.5277708929710174e-14,0.2016016011488885,0.03030306331088808,7.91245722514159
