target_id,prot_ps,prot_acf,prot_cs,e_prot_ps,E_prot_ps,e_prot_acf,E_prot_acf,e_prot_cs,E_prot_cs,sph_ps,sph_acf,sph_cs,e_sph_ps,e_sph_acf,e_sph_cs,h_ps,fa_prob_ps,hacf,gacf,hcs
11403389,26.56332257378874,25.33775819465518,0.4720794431490675,5.934700726816575,5.934700726816575,-1.0,-1.0,0.01377989052458131,0.01377989052458131,1740.5436703876023,1678.5702929337497,494.43229191270086,449.91625411033266,555.1949883112111,183.62110814021537,18.029719683551594,1.4784009439520319e-08,0.5964126563517973,0.2890311512952468,0.9262925845372737
