target_id,prot_ps,prot_acf,prot_cs,e_prot_ps,E_prot_ps,e_prot_acf,E_prot_acf,e_prot_cs,E_prot_cs,sph_ps,sph_acf,sph_cs,e_sph_ps,e_sph_acf,e_sph_cs,h_ps,fa_prob_ps,hacf,gacf,hcs
11455680,5.474972405852317,11.095492116641253,10.9701405514889,0.1607646937500494,0.1607646937500494,-1.0,-1.0,0.05437779852498642,0.05437779852498642,3120.976536757982,3261.9413014453708,3260.280063657632,1239.1856398733971,1095.3308510853212,1090.0921869586182,229.78624196006592,1.603626038750481e-100,0.9212513769794323,0.5717003707562612,0.6095428524981519
