target_id,prot_ps,prot_acf,prot_cs,e_prot_ps,E_prot_ps,e_prot_acf,E_prot_acf,e_prot_cs,E_prot_cs,sph_ps,sph_acf,sph_cs,e_sph_ps,e_sph_acf,e_sph_cs,h_ps,fa_prob_ps,hacf,gacf,hcs
11567049,1.1188358831719274,1.1238531512208283,1.1449416687293383,0.02862651057036645,0.02862651057036645,-1.0,-1.0,0.010174390968297902,0.010174390968297902,4180.436195402691,4180.99104629472,4176.4842834236415,1624.6937505061626,1622.9577339201333,1623.2252214817418,33124.53036226651,0.0,1.647787444043165,0.9500815549280552,0.012349447749873161
