target_id,prot_ps,prot_acf,prot_cs,e_prot_ps,E_prot_ps,e_prot_acf,E_prot_acf,e_prot_cs,E_prot_cs,sph_ps,sph_acf,sph_cs,e_sph_ps,e_sph_acf,e_sph_cs,h_ps,fa_prob_ps,hacf,gacf,hcs
11553761,0.10473300654443142,-1.0,1.6510006457567212,0.08478499949192542,0.08478499949192542,-1.0,-1.0,1.7022074963826503,1.7022074963826503,628.7479011411849,-1.0,699.0378741289758,97.68737239657241,-1.0,81.70854135698664,10.005170651042166,4.5165788421587875e-05,-1.0,-1.0,0.18487505709198387
