target_id,prot_ps,prot_acf,prot_cs,e_prot_ps,E_prot_ps,e_prot_acf,E_prot_acf,e_prot_cs,E_prot_cs,sph_ps,sph_acf,sph_cs,e_sph_ps,e_sph_acf,e_sph_cs,h_ps,fa_prob_ps,hacf,gacf,hcs
11567687,0.11729456363759047,9.0317327324301,0.4450478255945656,0.17145959289094356,0.17145959289094356,-1.0,-1.0,0.955136538090698,0.955136538090698,760.4366330515668,957.3472652920632,784.7713454551498,108.61371182221941,12.815556206870326,54.57676654257898,6.188692884620176,0.0020525078652310195,0.0004145759228748082,0.04105063798083903,3.020086769537623
