target_id,prot_ps,prot_acf,prot_cs,e_prot_ps,E_prot_ps,e_prot_acf,E_prot_acf,e_prot_cs,E_prot_cs,sph_ps,sph_acf,sph_cs,e_sph_ps,e_sph_acf,e_sph_cs,h_ps,fa_prob_ps,hacf,gacf,hcs
11509573,8.751867132571903,52.26939671672881,1.0862306098023946,3.1928893257831827,3.1928893257831827,-1.0,-1.0,0.03979506713417234,0.03979506713417234,365.278502085579,382.11590652212567,295.99720452315364,89.55248654637639,47.22025963061458,36.288567662500235,14.225524923861263,6.636407162736706e-07,0.135988437037499,0.06924233690644233,0.19718158840527072
