target_id,prot_ps,prot_acf,prot_cs,e_prot_ps,E_prot_ps,e_prot_acf,E_prot_acf,e_prot_cs,E_prot_cs,sph_ps,sph_acf,sph_cs,e_sph_ps,e_sph_acf,e_sph_cs,h_ps,fa_prob_ps,hacf,gacf,hcs
11518511,16.05480035115077,12.607586688827723,1.4969721245113763,3.9266922165002445,3.9266922165002445,-1.0,-1.0,0.6162900899404212,0.6162900899404212,567.2225867452579,564.1013665659999,405.57670964171956,154.0673668257802,160.8026185835044,134.37628181435525,13.502427529188452,1.3676350793800617e-06,0.144796483590669,0.011422667128421002,2.3376793791755373
