target_id,prot_ps,prot_acf,prot_cs,e_prot_ps,E_prot_ps,e_prot_acf,E_prot_acf,e_prot_cs,E_prot_cs,sph_ps,sph_acf,sph_cs,e_sph_ps,e_sph_acf,e_sph_cs,h_ps,fa_prob_ps,hacf,gacf,hcs
11508423,0.22721404677838922,59.11464342242107,1.217643139143474,0.22977686933846703,0.22977686933846703,-1.0,-1.0,0.2922276102250537,0.2922276102250537,621.4437854387775,845.9997345536327,647.3556626683395,100.23145442081574,126.96963188829876,86.60788248371188,12.449200976469015,3.920854369648141e-06,0.2008773959337916,0.1396696721517425,0.4164628565456293
