target_id,prot_ps,prot_acf,prot_cs,e_prot_ps,E_prot_ps,e_prot_acf,E_prot_acf,e_prot_cs,E_prot_cs,sph_ps,sph_acf,sph_cs,e_sph_ps,e_sph_acf,e_sph_cs,h_ps,fa_prob_ps,hacf,gacf,hcs
11517525,0.6380829564942816,-1.0,0.8021420893386215,0.3720310562974853,0.3720310562974853,-1.0,-1.0,0.007723448846256352,0.007723448846256352,562.7217738007143,-1.0,567.641035639565,45.085323902399274,-1.0,48.74397395815102,9.445327925157118,7.90580689782298e-05,-1.0,-1.0,0.19855809833382987
