target_id,prot_ps,prot_acf,prot_cs,e_prot_ps,E_prot_ps,e_prot_acf,E_prot_acf,e_prot_cs,E_prot_cs,sph_ps,sph_acf,sph_cs,e_sph_ps,e_sph_acf,e_sph_cs,h_ps,fa_prob_ps,hacf,gacf,hcs
11507190,0.1310890929493594,51.370244982652366,1.754230521782301,0.19763385841011166,0.19763385841011166,-1.0,-1.0,0.0957739764904566,0.0957739764904566,596.3007766192868,1138.169260207677,800.0112747154914,92.06312616977435,135.93887473423158,208.7669880182863,13.252210493163666,1.7564593762727834e-06,0.11044752179250358,0.0595470110852097,0.7326926471435942
