target_id,prot_ps,prot_acf,prot_cs,e_prot_ps,E_prot_ps,e_prot_acf,E_prot_acf,e_prot_cs,E_prot_cs,sph_ps,sph_acf,sph_cs,e_sph_ps,e_sph_acf,e_sph_cs,h_ps,fa_prob_ps,hacf,gacf,hcs
11513396,12.484904495741294,12.09673672169447,12.503581436910329,0.7413766117180677,0.7413766117180677,-1.0,-1.0,0.3264981332498651,0.3264981332498651,1308.4249670800837,1305.889856246789,1309.0716388380447,369.64123921512737,400.67249704596867,366.03088769363086,48.66569874637146,7.324122111764949e-22,0.5259074617029038,0.2872601879838215,0.9551995323778456
