target_id,prot_ps,prot_acf,prot_cs,e_prot_ps,E_prot_ps,e_prot_acf,E_prot_acf,e_prot_cs,E_prot_cs,sph_ps,sph_acf,sph_cs,e_sph_ps,e_sph_acf,e_sph_cs,h_ps,fa_prob_ps,hacf,gacf,hcs
11506715,0.3478538676940647,54.41489397129044,0.7282564104907215,0.3636607324355622,0.3636607324355622,-1.0,-1.0,0.14535829467605363,0.14535829467605363,584.7674399250519,653.9566567382925,590.2105431729608,69.15913091642156,42.294634648483445,60.55451637008723,11.979110376810135,6.273912612482177e-06,0.03888783359904696,0.007211216815525473,0.4640344649299038
