target_id,prot_ps,prot_acf,prot_cs,e_prot_ps,E_prot_ps,e_prot_acf,E_prot_acf,e_prot_cs,E_prot_cs,sph_ps,sph_acf,sph_cs,e_sph_ps,e_sph_acf,e_sph_cs,h_ps,fa_prob_ps,hacf,gacf,hcs
11569695,7.687119739537822,6.538794636726379,7.739276464562862,3.334571036889654,3.334571036889654,-1.0,-1.0,0.44088854869225735,0.44088854869225735,474.0384195890678,449.1850081525164,470.2196806400218,165.2422152177033,134.02650540839295,139.86232280773882,35.89559968102086,2.574774112286434e-16,0.32034724899745437,0.34398334717880596,1.2507914867266745
