target_id,prot_ps,prot_acf,prot_cs,e_prot_ps,E_prot_ps,e_prot_acf,E_prot_acf,e_prot_cs,E_prot_cs,sph_ps,sph_acf,sph_cs,e_sph_ps,e_sph_acf,e_sph_cs,h_ps,fa_prob_ps,hacf,gacf,hcs
11559513,5.108354883039287,55.027933260425925,2.0447183175804504,7.389056098926152,7.389056098926152,-1.0,-1.0,0.00895590429029692,0.00895590429029692,432.4184088175423,499.05506623145385,367.71344459810325,114.71959037453978,21.166995443574347,88.72601692688916,11.041053900326027,1.6029914897224978e-05,0.11474486779081386,0.044868812371843834,0.4478521951287973
