target_id,prot_ps,prot_acf,prot_cs,e_prot_ps,E_prot_ps,e_prot_acf,E_prot_acf,e_prot_cs,E_prot_cs,sph_ps,sph_acf,sph_cs,e_sph_ps,e_sph_acf,e_sph_cs,h_ps,fa_prob_ps,hacf,gacf,hcs
11619989,17.812549193020487,16.18348316475749,17.82042271012171,2.5284616187296582,2.5284616187296582,-1.0,-1.0,0.10853786171416852,0.10853786171416852,2002.430403745493,1973.5004617514242,2001.8464068132084,450.5646677975315,500.70609015339545,449.4484865744886,47.797968189144946,1.744239708768384e-21,0.6664566197612176,0.3461161255999675,0.7279466718697294
