target_id,prot_ps,prot_acf,prot_cs,e_prot_ps,E_prot_ps,e_prot_acf,E_prot_acf,e_prot_cs,E_prot_cs,sph_ps,sph_acf,sph_cs,e_sph_ps,e_sph_acf,e_sph_cs,h_ps,fa_prob_ps,hacf,gacf,hcs
11658621,0.11949061804671178,18.92212337628007,0.8049054425396024,0.07185095847977466,0.07185095847977466,-1.0,-1.0,0.23492733028020404,0.23492733028020404,1411.1832740271132,3309.008906668687,1856.890322789426,221.79425057043076,0.0,422.60328669867243,16.920491307453258,4.482538146246084e-08,0.25545844234863735,0.2340426909677007,0.21361404926775582
