target_id,prot_ps,prot_acf,prot_cs,e_prot_ps,E_prot_ps,e_prot_acf,E_prot_acf,e_prot_cs,E_prot_cs,sph_ps,sph_acf,sph_cs,e_sph_ps,e_sph_acf,e_sph_cs,h_ps,fa_prob_ps,hacf,gacf,hcs
11611079,0.2882542348554176,54.72139545343816,2.1982587122493875,0.3987285522304168,0.3987285522304168,-1.0,-1.0,0.012741930054000192,0.012741930054000192,436.1454126942828,552.178022655932,465.1656785439271,51.32271592358861,27.26612745985185,51.88661384067737,16.05098826335179,1.0694103134225049e-07,0.1363669701844182,0.08675546735634895,0.33722946148250527
