target_id,prot_ps,prot_acf,prot_cs,e_prot_ps,E_prot_ps,e_prot_acf,E_prot_acf,e_prot_cs,E_prot_cs,sph_ps,sph_acf,sph_cs,e_sph_ps,e_sph_acf,e_sph_cs,h_ps,fa_prob_ps,hacf,gacf,hcs
11652713,9.109496224172004,9.195123589597642,9.060198595161028,0.3724273196871418,0.3724273196871418,-1.0,-1.0,0.09485436243620222,0.09485436243620222,3698.462869423443,3723.10639970618,3687.7292352841487,2108.397466401596,2161.8886993002116,2211.309966675735,80.00394391537137,1.7977472250307774e-35,0.9383592120509526,0.5745335087370387,0.9599009479325472
