target_id,prot_ps,prot_acf,prot_cs,e_prot_ps,E_prot_ps,e_prot_acf,E_prot_acf,e_prot_cs,E_prot_cs,sph_ps,sph_acf,sph_cs,e_sph_ps,e_sph_acf,e_sph_cs,h_ps,fa_prob_ps,hacf,gacf,hcs
11602629,41.73441596393652,43.87098332028836,20.696123743726925,1.048793128970477,1.048793128970477,-1.0,-1.0,0.22650743970794965,0.22650743970794965,1247.3773355255075,1226.204703734192,1192.9989871639693,279.09922461665366,284.9043153467948,436.7236313135935,51.370362703217175,4.899310278140573e-23,0.4352962732117078,0.16348361939509395,0.8979015083473915
