target_id,prot_ps,prot_acf,prot_cs,e_prot_ps,E_prot_ps,e_prot_acf,E_prot_acf,e_prot_cs,E_prot_cs,sph_ps,sph_acf,sph_cs,e_sph_ps,e_sph_acf,e_sph_cs,h_ps,fa_prob_ps,hacf,gacf,hcs
11668401,13.676492844803807,27.70804945193231,13.827460961742325,1.0908496924058464,1.0908496924058464,-1.0,-1.0,0.4065236299570759,0.4065236299570759,1168.5070551655433,1198.4776541912117,1160.5913750944153,230.41104443199478,203.1688648177284,247.15843370918293,41.564836714367395,8.884250056912196e-19,0.525847548107386,0.2822314780625081,0.8063053342010028
