target_id,prot_ps,prot_acf,prot_cs,e_prot_ps,E_prot_ps,e_prot_acf,E_prot_acf,e_prot_cs,E_prot_cs,sph_ps,sph_acf,sph_cs,e_sph_ps,e_sph_acf,e_sph_cs,h_ps,fa_prob_ps,hacf,gacf,hcs
11668893,0.5695873023899907,59.68681101547554,0.6705409235257709,7.389056098930649,7.389056098930649,-1.0,-1.0,0.007910989372651903,0.007910989372651903,458.4236376417657,546.355834687966,460.28040873437214,46.6319419453586,24.379381425482322,45.371388482347754,14.20677213702235,6.762032522933376e-07,0.08940638199998589,0.06235940209887002,0.6414779037732046
