target_id,prot_ps,prot_acf,prot_cs,e_prot_ps,E_prot_ps,e_prot_acf,E_prot_acf,e_prot_cs,E_prot_cs,sph_ps,sph_acf,sph_cs,e_sph_ps,e_sph_acf,e_sph_cs,h_ps,fa_prob_ps,hacf,gacf,hcs
11605179,0.41151127568517754,37.80332827009261,2.8687778162857582,7.389056098930621,7.389056098930621,-1.0,-1.0,0.05031817220304451,0.05031817220304451,1142.3417743146265,3285.8324452303636,2047.2991711855436,143.7070550533045,0.0,632.6084134986828,11.155628897651178,1.429459738040245e-05,0.406318348016434,0.42771897966619266,0.9763440102167497
