target_id,prot_ps,prot_acf,prot_cs,e_prot_ps,E_prot_ps,e_prot_acf,E_prot_acf,e_prot_cs,E_prot_cs,sph_ps,sph_acf,sph_cs,e_sph_ps,e_sph_acf,e_sph_cs,h_ps,fa_prob_ps,hacf,gacf,hcs
11665627,11.772897678325755,23.41709938365966,23.890958488988694,0.3611069955254421,0.3611069955254421,-1.0,-1.0,0.6599938002137066,0.6599938002137066,3320.90513333872,3387.276162685081,3401.9972916973056,1238.350210857033,1096.9119687371717,1123.9654563980596,70.71327662413341,1.9481130914259544e-31,0.895552025499481,0.5639815369736414,0.9903749317335593
