target_id,prot_ps,prot_acf,prot_cs,e_prot_ps,E_prot_ps,e_prot_acf,E_prot_acf,e_prot_cs,E_prot_cs,sph_ps,sph_acf,sph_cs,e_sph_ps,e_sph_acf,e_sph_cs,h_ps,fa_prob_ps,hacf,gacf,hcs
11618494,18.262305161567014,37.39363383036107,1.2054139970814486,6.478770373053969,6.478770373053969,-1.0,-1.0,0.008161132855416465,0.008161132855416465,1011.2798716417988,1035.0035797579308,700.7812267446163,205.3010590488353,144.05760737505796,128.2658954942841,19.88955861229656,2.3018363666501267e-09,0.0875239115941058,0.004463003299029775,0.7479627943929795
