target_id,prot_ps,prot_acf,prot_cs,e_prot_ps,E_prot_ps,e_prot_acf,E_prot_acf,e_prot_cs,E_prot_cs,sph_ps,sph_acf,sph_cs,e_sph_ps,e_sph_acf,e_sph_cs,h_ps,fa_prob_ps,hacf,gacf,hcs
11758171,0.1823723760988496,-1.0,6.110393174013949,7.389056098924186,7.389056098924186,-1.0,-1.0,0.014572553219540086,0.014572553219540086,200.88615763844675,-1.0,286.8539088589232,32.03058077406504,-1.0,61.92558620261877,13.687033535493155,1.1370952933510952e-06,-1.0,-1.0,0.24392092901897178
