target_id,prot_ps,prot_acf,prot_cs,e_prot_ps,E_prot_ps,e_prot_acf,E_prot_acf,e_prot_cs,E_prot_cs,sph_ps,sph_acf,sph_cs,e_sph_ps,e_sph_acf,e_sph_cs,h_ps,fa_prob_ps,hacf,gacf,hcs
11723201,0.306994920624906,-1.0,1.0731769795343278,0.3566308704039897,0.3566308704039897,-1.0,-1.0,0.5612108352817866,0.5612108352817866,448.2470973393218,-1.0,467.2459412970145,57.61635758579777,-1.0,59.237447840145705,12.398554655759705,4.124545789982653e-06,-1.0,-1.0,0.2343375913823673
