target_id,prot_ps,prot_acf,prot_cs,e_prot_ps,E_prot_ps,e_prot_acf,E_prot_acf,e_prot_cs,E_prot_cs,sph_ps,sph_acf,sph_cs,e_sph_ps,e_sph_acf,e_sph_cs,h_ps,fa_prob_ps,hacf,gacf,hcs
11761036,0.219086542402216,-1.0,4.870572778563946,0.4687808369439374,0.4687808369439374,-1.0,-1.0,0.35004488143658846,0.35004488143658846,283.51801974084316,-1.0,423.094558314185,41.006053326526526,-1.0,92.20835277050776,17.29876076690389,3.070744305641515e-08,-1.0,-1.0,0.19897829572331327
