target_id,prot_ps,prot_acf,prot_cs,e_prot_ps,E_prot_ps,e_prot_acf,E_prot_acf,e_prot_cs,E_prot_cs,sph_ps,sph_acf,sph_cs,e_sph_ps,e_sph_acf,e_sph_cs,h_ps,fa_prob_ps,hacf,gacf,hcs
11775950,6.705183431590262,15.468292351812124,16.11487389349679,2.0832001829131888,2.0832001829131888,-1.0,-1.0,0.44771423485868206,0.44771423485868206,2675.0657516213028,2791.6559682986276,2824.378174565636,1000.1495537818461,933.9038689513612,887.1968354355573,62.69791696644011,5.897129088953098e-28,0.6939884336209864,0.3864956686672827,0.5741419188312635
