target_id,prot_ps,prot_acf,prot_cs,e_prot_ps,E_prot_ps,e_prot_acf,E_prot_acf,e_prot_cs,E_prot_cs,sph_ps,sph_acf,sph_cs,e_sph_ps,e_sph_acf,e_sph_cs,h_ps,fa_prob_ps,hacf,gacf,hcs
11759076,0.15849291584328884,-1.0,1.0316975925117733,7.3890560953690265,7.3890560953690265,-1.0,-1.0,0.057006133498211695,0.057006133498211695,439.2447847384978,-1.0,471.21032581521195,72.9147431701893,-1.0,67.06212770453726,11.604141935368968,9.128200909815338e-06,-1.0,-1.0,0.3181007347475792
