target_id,prot_ps,prot_acf,prot_cs,e_prot_ps,E_prot_ps,e_prot_acf,E_prot_acf,e_prot_cs,E_prot_cs,sph_ps,sph_acf,sph_cs,e_sph_ps,e_sph_acf,e_sph_cs,h_ps,fa_prob_ps,hacf,gacf,hcs
11766556,0.1970787629512763,41.62273679673672,2.703536723405122,7.389056094748314,7.389056094748314,-1.0,-1.0,1.7502292261537835,1.7502292261537835,675.4120243541787,1343.249125305464,893.2975347209832,91.73830382122149,0.0,201.12235413151114,11.835598666431634,7.242104866289356e-06,0.10029988750801912,0.012431986144794165,0.30932924430958175
