target_id,prot_ps,prot_acf,prot_cs,e_prot_ps,E_prot_ps,e_prot_acf,E_prot_acf,e_prot_cs,E_prot_cs,sph_ps,sph_acf,sph_cs,e_sph_ps,e_sph_acf,e_sph_cs,h_ps,fa_prob_ps,hacf,gacf,hcs
11753541,12.932777527058338,26.236747859045863,0.1416048774639831,1.0420608506688547,1.0420608506688547,-1.0,-1.0,0.008842611671176604,0.008842611671176604,1162.6275413104324,1231.9223051985925,197.82897193974,564.2294836994289,450.5030986845319,127.15730098400701,27.098072613018108,1.7039490077166402e-12,0.5120647323461955,0.28674621755638324,0.7524152617175175
