target_id,prot_ps,prot_acf,prot_cs,e_prot_ps,E_prot_ps,e_prot_acf,E_prot_acf,e_prot_cs,E_prot_cs,sph_ps,sph_acf,sph_cs,e_sph_ps,e_sph_acf,e_sph_cs,h_ps,fa_prob_ps,hacf,gacf,hcs
11766331,0.2532921187785504,55.29364434443414,1.0059299328876248,0.3514449102240116,0.3514449102240116,-1.0,-1.0,0.01081264001342681,0.01081264001342681,542.8219495557615,913.868221024754,606.9518380093505,91.50922135061381,120.6062667000567,115.37026217293125,10.91663212731748,1.8153773231494333e-05,0.14984323084422052,0.07578000954597613,0.2964221580818396
