target_id,prot_ps,prot_acf,prot_cs,e_prot_ps,E_prot_ps,e_prot_acf,E_prot_acf,e_prot_cs,E_prot_cs,sph_ps,sph_acf,sph_cs,e_sph_ps,e_sph_acf,e_sph_cs,h_ps,fa_prob_ps,hacf,gacf,hcs
11773625,0.5650494367800944,-1.0,3.1760158088570463,7.38905609892274,7.38905609892274,-1.0,-1.0,1.0556547634293452,1.0556547634293452,178.71012002255918,-1.0,202.67945798422144,17.538215462525724,-1.0,36.89753714955791,12.381289560436073,4.196374748881053e-06,-1.0,-1.0,0.15734343083524777
