target_id,prot_ps,prot_acf,prot_cs,e_prot_ps,E_prot_ps,e_prot_acf,E_prot_acf,e_prot_cs,E_prot_cs,sph_ps,sph_acf,sph_cs,e_sph_ps,e_sph_acf,e_sph_cs,h_ps,fa_prob_ps,hacf,gacf,hcs
11754430,0.31697497520517065,-1.0,1.5907708493737522,7.389056098568267,7.389056098568267,-1.0,-1.0,0.008333669359679009,0.008333669359679009,121.61574581598515,-1.0,147.91167355886947,68.68294586014102,-1.0,88.88791221068352,18.093646333032982,1.3868491991152071e-08,-1.0,-1.0,0.26521701105384937
