target_id,prot_ps,prot_acf,prot_cs,e_prot_ps,E_prot_ps,e_prot_acf,E_prot_acf,e_prot_cs,E_prot_cs,sph_ps,sph_acf,sph_cs,e_sph_ps,e_sph_acf,e_sph_cs,h_ps,fa_prob_ps,hacf,gacf,hcs
11703756,0.14693019485878425,-1.0,1.411484435466051,0.23405769260159942,0.23405769260159942,-1.0,-1.0,0.009628042603858156,0.009628042603858156,80.23775130033573,-1.0,100.81297722944929,45.23758636169141,-1.0,59.7127375607807,17.347585875117606,2.9244161936107748e-08,-1.0,-1.0,0.37470022136390524
