target_id,prot_ps,prot_acf,prot_cs,e_prot_ps,E_prot_ps,e_prot_acf,E_prot_acf,e_prot_cs,E_prot_cs,sph_ps,sph_acf,sph_cs,e_sph_ps,e_sph_acf,e_sph_cs,h_ps,fa_prob_ps,hacf,gacf,hcs
11758833,13.162023781080265,-1.0,0.552653004142899,3.270749326675321,3.270749326675321,-1.0,-1.0,0.009664924669603812,0.009664924669603812,846.2416123253046,-1.0,471.48124651756797,221.96437899663175,-1.0,77.00156300589676,13.6504838675262,1.1794245976504824e-06,-1.0,-1.0,0.48376484595121916
