target_id,prot_ps,prot_acf,prot_cs,e_prot_ps,E_prot_ps,e_prot_acf,E_prot_acf,e_prot_cs,E_prot_cs,sph_ps,sph_acf,sph_cs,e_sph_ps,e_sph_acf,e_sph_cs,h_ps,fa_prob_ps,hacf,gacf,hcs
11754150,15.546588741410584,15.611287167295814,15.590853775340204,0.6845121548770173,0.6845121548770173,-1.0,-1.0,0.44863763706732296,0.44863763706732296,1800.394659740584,1784.3131429965445,1789.645164603653,887.8859527012557,911.9936801979749,904.2096851256244,31.27747275629057,2.6083518470046363e-14,0.6760692611059675,0.37641508624515385,0.98117687472964
