target_id,prot_ps,prot_acf,prot_cs,e_prot_ps,E_prot_ps,e_prot_acf,E_prot_acf,e_prot_cs,E_prot_cs,sph_ps,sph_acf,sph_cs,e_sph_ps,e_sph_acf,e_sph_cs,h_ps,fa_prob_ps,hacf,gacf,hcs
11868854,0.12078776524881332,-1.0,0.10114683893043805,1.229181432527137,1.229181432527137,-1.0,-1.0,0.013734687085134372,0.013734687085134372,789.6880401185315,-1.0,781.7246967905254,268.55110090018746,-1.0,270.5234790163335,15.769455604862,1.4171389938109995e-07,-1.0,-1.0,0.24571719460488703
