target_id,prot_ps,prot_acf,prot_cs,e_prot_ps,E_prot_ps,e_prot_acf,E_prot_acf,e_prot_cs,E_prot_cs,sph_ps,sph_acf,sph_cs,e_sph_ps,e_sph_acf,e_sph_cs,h_ps,fa_prob_ps,hacf,gacf,hcs
11804320,2.9550071450580253,58.95093886181712,2.9641189145818085,1.8920673513840103,1.8920673513840103,-1.0,-1.0,0.008670235690096135,0.008670235690096135,667.5488561017062,844.8949364303244,674.0283417133081,356.7077135090979,109.14513844817324,356.5300039555359,17.10140806275479,3.7406997063889645e-08,0.020898525493287474,0.0009133061169714136,0.25120893135014377
