target_id,prot_ps,prot_acf,prot_cs,e_prot_ps,E_prot_ps,e_prot_acf,E_prot_acf,e_prot_cs,E_prot_cs,sph_ps,sph_acf,sph_cs,e_sph_ps,e_sph_acf,e_sph_cs,h_ps,fa_prob_ps,hacf,gacf,hcs
11858760,36.52462372582968,37.00537199014798,36.1700436594151,2.8313437388100953,2.8313437388100953,-1.0,-1.0,1.486722376097474,1.486722376097474,564.7054219991344,560.3870832110599,565.3300189593052,82.23870911120805,96.06433988599994,80.8419266675121,31.057483725075596,3.250170891115774e-14,0.5722251665361944,0.2335263527677714,0.9817715663361472
