target_id,prot_ps,prot_acf,prot_cs,e_prot_ps,E_prot_ps,e_prot_acf,E_prot_acf,e_prot_cs,E_prot_cs,sph_ps,sph_acf,sph_cs,e_sph_ps,e_sph_acf,e_sph_cs,h_ps,fa_prob_ps,hacf,gacf,hcs
11871782,14.908028029040665,-1.0,0.5937950675355127,3.922713739559826,3.922713739559826,-1.0,-1.0,0.011159866281428328,0.011159866281428328,851.6319810553007,-1.0,508.98527784588987,152.92630367884573,-1.0,77.90165608244831,11.042882075877133,1.6000636170204693e-05,-1.0,-1.0,0.3136329593065454
