target_id,prot_ps,prot_acf,prot_cs,e_prot_ps,E_prot_ps,e_prot_acf,E_prot_acf,e_prot_cs,E_prot_cs,sph_ps,sph_acf,sph_cs,e_sph_ps,e_sph_acf,e_sph_cs,h_ps,fa_prob_ps,hacf,gacf,hcs
11869707,0.4429916074490581,-1.0,0.2023174212503353,0.5100128706665062,0.5100128706665062,-1.0,-1.0,0.009861310623196994,0.009861310623196994,430.6234020814944,-1.0,412.90809074396094,61.44079904441688,-1.0,60.96219476039382,12.849901934676739,2.62638564960573e-06,-1.0,-1.0,0.1564016976262518
