target_id,prot_ps,prot_acf,prot_cs,e_prot_ps,E_prot_ps,e_prot_acf,E_prot_acf,e_prot_cs,E_prot_cs,sph_ps,sph_acf,sph_cs,e_sph_ps,e_sph_acf,e_sph_cs,h_ps,fa_prob_ps,hacf,gacf,hcs
11823879,28.6360784798085,-1.0,28.6481393464061,7.389056098930649,7.389056098930649,-1.0,-1.0,0.2664412749927113,0.2664412749927113,731.7398355714442,-1.0,731.711612991944,78.34355165635155,-1.0,78.24687468133946,15.031256666848071,2.9648871888197135e-07,-1.0,-1.0,0.159836642610666
