target_id,prot_ps,prot_acf,prot_cs,e_prot_ps,E_prot_ps,e_prot_acf,E_prot_acf,e_prot_cs,E_prot_cs,sph_ps,sph_acf,sph_cs,e_sph_ps,e_sph_acf,e_sph_cs,h_ps,fa_prob_ps,hacf,gacf,hcs
11803334,0.4962334128566426,-1.0,1.4590264616849542,7.389056098930649,7.389056098930649,-1.0,-1.0,0.10550496234157461,0.10550496234157461,106.39078839129542,-1.0,113.04656958505231,57.471632167034144,-1.0,59.12381226528343,17.7153810956077,2.024453218100134e-08,-1.0,-1.0,0.1717279730128405
