target_id,prot_ps,prot_acf,prot_cs,e_prot_ps,E_prot_ps,e_prot_acf,E_prot_acf,e_prot_cs,E_prot_cs,sph_ps,sph_acf,sph_cs,e_sph_ps,e_sph_acf,e_sph_cs,h_ps,fa_prob_ps,hacf,gacf,hcs
11876496,45.922199139763954,-1.0,2.8876489021653327,7.389056098930647,7.389056098930647,-1.0,-1.0,0.039463925422546085,0.039463925422546085,1091.408909250979,-1.0,877.2178990917326,140.93384757633973,-1.0,188.32112585434405,13.815318564796355,1.0001920115997869e-06,-1.0,-1.0,0.20058033713308362
