target_id,prot_ps,prot_acf,prot_cs,e_prot_ps,E_prot_ps,e_prot_acf,E_prot_acf,e_prot_cs,E_prot_cs,sph_ps,sph_acf,sph_cs,e_sph_ps,e_sph_acf,e_sph_cs,h_ps,fa_prob_ps,hacf,gacf,hcs
11853035,17.761695553319058,17.592926713172346,17.722204230331734,1.9382865324476537,1.9382865324476537,-1.0,-1.0,0.3926608797411356,0.3926608797411356,1077.8516786713783,1055.2469352841706,1078.5309948343108,1587.3065070049274,1562.7830678701532,1584.6786668795808,23.479303110345622,6.354307393251128e-11,0.5160580700695943,0.2918219835758338,0.26660269773562073
