target_id,prot_ps,prot_acf,prot_cs,e_prot_ps,E_prot_ps,e_prot_acf,E_prot_acf,e_prot_cs,E_prot_cs,sph_ps,sph_acf,sph_cs,e_sph_ps,e_sph_acf,e_sph_cs,h_ps,fa_prob_ps,hacf,gacf,hcs
11853243,18.72458850882852,19.309739735908806,18.924975292282177,2.7396928360424604,2.7396928360424604,-1.0,-1.0,1.3792019326808125,1.3792019326808125,1648.039159481596,1596.9158815968121,1645.6660165594199,613.5351618798163,762.5947741732788,623.8262667993374,22.925235584824527,1.1058511888815464e-10,0.6798561337909459,0.37517164338067,0.9432889905411669
