target_id,prot_ps,prot_acf,prot_cs,e_prot_ps,E_prot_ps,e_prot_acf,E_prot_acf,e_prot_cs,E_prot_cs,sph_ps,sph_acf,sph_cs,e_sph_ps,e_sph_acf,e_sph_cs,h_ps,fa_prob_ps,hacf,gacf,hcs
11954852,8.116567441540061,-1.0,1.5684849636070428,4.623676191547783,4.623676191547783,-1.0,-1.0,0.944950854379595,0.944950854379595,242.30130941592722,-1.0,161.61337930942352,123.34659182835271,-1.0,96.7125186354997,13.76644835652916,1.050285677984733e-06,-1.0,-1.0,0.301172660398241
