target_id,prot_ps,prot_acf,prot_cs,e_prot_ps,E_prot_ps,e_prot_acf,E_prot_acf,e_prot_cs,E_prot_cs,sph_ps,sph_acf,sph_cs,e_sph_ps,e_sph_acf,e_sph_cs,h_ps,fa_prob_ps,hacf,gacf,hcs
11912536,45.9049008509783,58.19516484439373,3.317614804822952,7.389056098930649,7.389056098930649,-1.0,-1.0,0.36937532909210796,0.36937532909210796,1119.541485984087,1119.3948701402746,899.599727737049,113.00435897533725,57.30666396772987,139.43641318097428,15.011145289674099,3.0251187934817667e-07,0.13634549575783494,0.03497046670316448,0.2851516103778501
