target_id,prot_ps,prot_acf,prot_cs,e_prot_ps,E_prot_ps,e_prot_acf,E_prot_acf,e_prot_cs,E_prot_cs,sph_ps,sph_acf,sph_cs,e_sph_ps,e_sph_acf,e_sph_cs,h_ps,fa_prob_ps,hacf,gacf,hcs
12052491,54.08912030181266,-1.0,3.0337778454646465,7.389056098930631,7.389056098930631,-1.0,-1.0,0.13861646093659008,0.13861646093659008,618.1278567533084,-1.0,392.22648162494625,82.73990946459901,-1.0,211.52809095043403,14.556344110107526,4.767163818996951e-07,-1.0,-1.0,0.2730069180613952
