target_id,prot_ps,prot_acf,prot_cs,e_prot_ps,E_prot_ps,e_prot_acf,E_prot_acf,e_prot_cs,E_prot_cs,sph_ps,sph_acf,sph_cs,e_sph_ps,e_sph_acf,e_sph_cs,h_ps,fa_prob_ps,hacf,gacf,hcs
12070182,12.48706669623312,38.84444367792457,1.7530448077242642,2.751393461091715,2.751393461091715,-1.0,-1.0,0.009735129081897824,0.009735129081897824,1636.0936949325917,1646.6405316335822,1122.854729665289,388.22359636550556,347.40882744004523,270.3780594931622,13.57492225641842,1.271997248193696e-06,0.27959876401155986,0.11039999813763318,0.828775761338837
