target_id,prot_ps,prot_acf,prot_cs,e_prot_ps,E_prot_ps,e_prot_acf,E_prot_acf,e_prot_cs,E_prot_cs,sph_ps,sph_acf,sph_cs,e_sph_ps,e_sph_acf,e_sph_cs,h_ps,fa_prob_ps,hacf,gacf,hcs
12013059,0.11370835029515719,26.012162568978965,1.5374352801963689,0.18232043072936582,0.18232043072936582,-1.0,-1.0,0.6632577006641357,0.6632577006641357,58.66159128496923,217.1192768540044,135.52093087052998,10.893747116989756,39.853797830435894,65.87440398767353,11.886048559124774,6.885804673965267e-06,0.418865100497926,0.18250425957413943,1.5672107080721271
