target_id,prot_ps,prot_acf,prot_cs,e_prot_ps,E_prot_ps,e_prot_acf,E_prot_acf,e_prot_cs,E_prot_cs,sph_ps,sph_acf,sph_cs,e_sph_ps,e_sph_acf,e_sph_cs,h_ps,fa_prob_ps,hacf,gacf,hcs
12024466,13.281659247208726,-1.0,0.505733825848438,4.846376988401212,4.846376988401212,-1.0,-1.0,2.814924440156293,2.814924440156293,380.49828489949704,-1.0,236.99850374252625,89.14368023539475,-1.0,32.337336876709884,15.353535906532915,2.1480484761358301e-07,-1.0,-1.0,0.20316138686063356
