target_id,prot_ps,prot_acf,prot_cs,e_prot_ps,E_prot_ps,e_prot_acf,E_prot_acf,e_prot_cs,E_prot_cs,sph_ps,sph_acf,sph_cs,e_sph_ps,e_sph_acf,e_sph_cs,h_ps,fa_prob_ps,hacf,gacf,hcs
12007823,28.635480257657683,-1.0,2.951232591136358,7.389056098930649,7.389056098930649,-1.0,-1.0,0.19333020423462435,0.19333020423462435,700.9938213990956,-1.0,496.60936998271444,116.31289655341106,-1.0,80.84040335211516,13.966547951542625,8.598155464780625e-07,-1.0,-1.0,0.339974191238298
