target_id,prot_ps,prot_acf,prot_cs,e_prot_ps,E_prot_ps,e_prot_acf,E_prot_acf,e_prot_cs,E_prot_cs,sph_ps,sph_acf,sph_cs,e_sph_ps,e_sph_acf,e_sph_cs,h_ps,fa_prob_ps,hacf,gacf,hcs
12024088,10.972491209324758,-1.0,1.593724672529896,3.973694446154181,3.973694446154181,-1.0,-1.0,0.008705913552779226,0.008705913552779226,2251.7139138060734,-1.0,935.9900622271424,957.2899867611247,-1.0,414.082571598462,17.28787592807906,3.104351434759654e-08,-1.0,-1.0,0.47651249809696183
