target_id,prot_ps,prot_acf,prot_cs,e_prot_ps,E_prot_ps,e_prot_acf,E_prot_acf,e_prot_cs,E_prot_cs,sph_ps,sph_acf,sph_cs,e_sph_ps,e_sph_acf,e_sph_cs,h_ps,fa_prob_ps,hacf,gacf,hcs
12058818,0.10860866654854265,-1.0,3.0748571765050294,0.1135785073856531,0.1135785073856531,-1.0,-1.0,1.4318560302324215,1.4318560302324215,429.7216658920826,-1.0,509.8220601814586,83.8144464193921,-1.0,92.7971547012876,14.681582937124213,4.2060026773452866e-07,-1.0,-1.0,0.14554118173445726
