target_id,prot_ps,prot_acf,prot_cs,e_prot_ps,E_prot_ps,e_prot_acf,E_prot_acf,e_prot_cs,E_prot_cs,sph_ps,sph_acf,sph_cs,e_sph_ps,e_sph_acf,e_sph_cs,h_ps,fa_prob_ps,hacf,gacf,hcs
12061901,0.31954184965055316,-1.0,0.5159504591719051,0.4119525133314292,0.4119525133314292,-1.0,-1.0,0.19613437996712252,0.19613437996712252,392.62245225131227,-1.0,400.88116752704707,57.57678635863652,-1.0,61.53532414568269,11.997927393415164,6.1569600942728886e-06,-1.0,-1.0,0.2622505721384015
