target_id,prot_ps,prot_acf,prot_cs,e_prot_ps,E_prot_ps,e_prot_acf,E_prot_acf,e_prot_cs,E_prot_cs,sph_ps,sph_acf,sph_cs,e_sph_ps,e_sph_acf,e_sph_cs,h_ps,fa_prob_ps,hacf,gacf,hcs
12062063,14.047940324340088,13.935766689479351,14.0854247520442,0.5503115026044857,0.5503115026044857,-1.0,-1.0,0.09654110978073216,0.09654110978073216,4453.176592493974,4443.314421633031,4448.319724173413,1758.0566032444694,1804.0629929574845,1751.3689943813947,168.5825743612898,6.102646443355624e-74,0.9027143585667424,0.5411629773840697,0.9615830170604927
