target_id,prot_ps,prot_acf,prot_cs,e_prot_ps,E_prot_ps,e_prot_acf,E_prot_acf,e_prot_cs,E_prot_cs,sph_ps,sph_acf,sph_cs,e_sph_ps,e_sph_acf,e_sph_cs,h_ps,fa_prob_ps,hacf,gacf,hcs
12071107,0.32779617837029745,-1.0,26.829447722062465,0.40120321791658303,0.40120321791658303,-1.0,-1.0,1.7970892064974777,1.7970892064974777,225.40360366763534,-1.0,381.4789950578219,28.543891482680763,-1.0,85.46945892984833,11.736724571603764,7.994757276080925e-06,-1.0,-1.0,0.2985834355657654
