target_id,prot_ps,prot_acf,prot_cs,e_prot_ps,E_prot_ps,e_prot_acf,E_prot_acf,e_prot_cs,E_prot_cs,sph_ps,sph_acf,sph_cs,e_sph_ps,e_sph_acf,e_sph_cs,h_ps,fa_prob_ps,hacf,gacf,hcs
12165246,1.5080490022886388,53.72018797369674,0.36912393542397565,7.389056098930649,7.389056098930649,-1.0,-1.0,0.008875441940997689,0.008875441940997689,391.8919235926869,545.3174410632545,346.94349175710806,71.5169158457355,69.09728262575632,46.501979621040206,18.096342518511573,1.3831150327082781e-08,0.13051991231878612,0.04014559334912015,0.2594778170533396
