target_id,prot_ps,prot_acf,prot_cs,e_prot_ps,E_prot_ps,e_prot_acf,E_prot_acf,e_prot_cs,E_prot_cs,sph_ps,sph_acf,sph_cs,e_sph_ps,e_sph_acf,e_sph_cs,h_ps,fa_prob_ps,hacf,gacf,hcs
12119331,0.5484130390043341,-1.0,1.4521008928048451,2.5507762071097075,2.5507762071097075,-1.0,-1.0,0.007860704610696266,0.007860704610696266,311.8719610023552,-1.0,391.65830279179966,56.16484599572948,-1.0,118.25156961360976,13.349623783296332,1.5934265728814298e-06,-1.0,-1.0,0.6433444725657668
