target_id,prot_ps,prot_acf,prot_cs,e_prot_ps,E_prot_ps,e_prot_acf,E_prot_acf,e_prot_cs,E_prot_cs,sph_ps,sph_acf,sph_cs,e_sph_ps,e_sph_acf,e_sph_cs,h_ps,fa_prob_ps,hacf,gacf,hcs
12154888,1.6415613126907185,-1.0,0.5132385247744781,1.311955100433697,1.311955100433697,-1.0,-1.0,0.010087039075568764,0.010087039075568764,554.5211650077689,-1.0,516.8258641883502,86.43123758474646,-1.0,75.29061891836412,11.913510114429458,6.699282583236104e-06,-1.0,-1.0,0.2692106076360406
