target_id,prot_ps,prot_acf,prot_cs,e_prot_ps,E_prot_ps,e_prot_acf,E_prot_acf,e_prot_cs,E_prot_cs,sph_ps,sph_acf,sph_cs,e_sph_ps,e_sph_acf,e_sph_cs,h_ps,fa_prob_ps,hacf,gacf,hcs
12153141,16.22736699105501,-1.0,1.324319019174695,3.6883549961628823,3.6883549961628823,-1.0,-1.0,0.008413797981702548,0.008413797981702548,1326.6136144246188,-1.0,794.7614370482428,372.10599834299967,-1.0,194.70914111394396,16.927663199937506,4.450504871511113e-08,-1.0,-1.0,0.332314716108042
