target_id,prot_ps,prot_acf,prot_cs,e_prot_ps,E_prot_ps,e_prot_acf,E_prot_acf,e_prot_cs,E_prot_cs,sph_ps,sph_acf,sph_cs,e_sph_ps,e_sph_acf,e_sph_cs,h_ps,fa_prob_ps,hacf,gacf,hcs
12167133,11.69956846172094,35.881569335237145,5.071261660281396,0.4366050619244664,0.4366050619244664,-1.0,-1.0,0.01778024925758724,0.01778024925758724,1460.170268357769,1523.256356897617,1346.2945524574761,289.9915501232452,228.22724972527243,400.95291119145156,23.125627761710714,9.050393715347122e-11,0.23461046802057905,0.061068011605544655,0.4144490663448705
