target_id,prot_ps,prot_acf,prot_cs,e_prot_ps,E_prot_ps,e_prot_acf,E_prot_acf,e_prot_cs,E_prot_cs,sph_ps,sph_acf,sph_cs,e_sph_ps,e_sph_acf,e_sph_cs,h_ps,fa_prob_ps,hacf,gacf,hcs
12108870,17.39267386978038,17.859019768424332,17.56293601963203,1.0253396165694144,1.0253396165694144,-1.0,-1.0,0.8101433339390169,0.8101433339390169,3546.123910816739,3501.8979455777926,3541.763762676801,803.2381629186054,932.9450132587735,871.1227122217913,89.26427956474967,1.710078134256079e-39,1.0243330001185187,0.5522131044482034,0.9663996532881293
