target_id,prot_ps,prot_acf,prot_cs,e_prot_ps,E_prot_ps,e_prot_acf,E_prot_acf,e_prot_cs,E_prot_cs,sph_ps,sph_acf,sph_cs,e_sph_ps,e_sph_acf,e_sph_cs,h_ps,fa_prob_ps,hacf,gacf,hcs
12115283,52.15970224322751,-1.0,0.8799479436782438,7.389056098930649,7.389056098930649,-1.0,-1.0,0.011304113729809023,0.011304113729809023,656.8306097129563,-1.0,452.6223424783748,96.33719051298554,-1.0,78.08325808499,17.61832055116642,2.2307998377152934e-08,-1.0,-1.0,0.2339437726251886
