target_id,prot_ps,prot_acf,prot_cs,e_prot_ps,E_prot_ps,e_prot_acf,E_prot_acf,e_prot_cs,E_prot_cs,sph_ps,sph_acf,sph_cs,e_sph_ps,e_sph_acf,e_sph_cs,h_ps,fa_prob_ps,hacf,gacf,hcs
12157048,0.1011482007092852,-1.0,2.1669895087368736,0.11731564152217683,0.11731564152217683,-1.0,-1.0,0.1743056704130296,0.1743056704130296,665.6350555367145,-1.0,751.9848114547387,134.69116996651647,-1.0,102.06915340421888,13.502185486436238,1.3679661456031734e-06,-1.0,-1.0,0.19146888184936559
