target_id,prot_ps,prot_acf,prot_cs,e_prot_ps,E_prot_ps,e_prot_acf,E_prot_acf,e_prot_cs,E_prot_cs,sph_ps,sph_acf,sph_cs,e_sph_ps,e_sph_acf,e_sph_cs,h_ps,fa_prob_ps,hacf,gacf,hcs
12115447,0.13039133278817736,-1.0,0.9207155457696908,0.3147854005745605,0.3147854005745605,-1.0,-1.0,0.008642158926292672,0.008642158926292672,377.9931510812821,-1.0,422.77669293800733,68.3151515941172,-1.0,72.85905804918534,15.725060895470573,1.4814698776426876e-07,-1.0,-1.0,0.4126518414559133
