target_id,prot_ps,prot_acf,prot_cs,e_prot_ps,E_prot_ps,e_prot_acf,E_prot_acf,e_prot_cs,E_prot_cs,sph_ps,sph_acf,sph_cs,e_sph_ps,e_sph_acf,e_sph_cs,h_ps,fa_prob_ps,hacf,gacf,hcs
12156880,2.9520869195107147,-1.0,2.981284750280513,1.9478405795121787,1.9478405795121787,-1.0,-1.0,0.013670508377718566,0.013670508377718566,131.59514844327958,-1.0,135.34177168267883,50.19228233404029,-1.0,60.425547052749145,19.49859826544531,3.403034629044071e-09,-1.0,-1.0,0.5244072030050437
