target_id,prot_ps,prot_acf,prot_cs,e_prot_ps,E_prot_ps,e_prot_acf,E_prot_acf,e_prot_cs,E_prot_cs,sph_ps,sph_acf,sph_cs,e_sph_ps,e_sph_acf,e_sph_cs,h_ps,fa_prob_ps,hacf,gacf,hcs
12153260,6.254307175714247,9.358641719445586,6.271578257034974,0.1649832225947238,0.1649832225947238,-1.0,-1.0,0.03132458570184363,0.03132458570184363,330.68615454453106,347.1292193988472,327.1070368219647,120.36873937008932,138.04649267218957,105.3392032476258,120.51076838908725,4.600852164993201e-53,0.2051795145483711,0.1632697337911628,1.553133031840366
