target_id,prot_ps,prot_acf,prot_cs,e_prot_ps,E_prot_ps,e_prot_acf,E_prot_acf,e_prot_cs,E_prot_cs,sph_ps,sph_acf,sph_cs,e_sph_ps,e_sph_acf,e_sph_cs,h_ps,fa_prob_ps,hacf,gacf,hcs
12158152,0.43898715767756236,-1.0,28.65203548705212,7.389056098930544,7.389056098930544,-1.0,-1.0,0.26053971569308837,0.26053971569308837,558.5986471987071,-1.0,836.9037244658451,78.90887210571799,-1.0,119.65778709640803,15.259248792933711,2.3604372045019418e-07,-1.0,-1.0,0.1725785525587755
