target_id,prot_ps,prot_acf,prot_cs,e_prot_ps,E_prot_ps,e_prot_acf,E_prot_acf,e_prot_cs,E_prot_cs,sph_ps,sph_acf,sph_cs,e_sph_ps,e_sph_acf,e_sph_cs,h_ps,fa_prob_ps,hacf,gacf,hcs
12154883,47.11147199631413,-1.0,28.619574645143903,7.389056098930588,7.389056098930588,-1.0,-1.0,0.30084656255705894,0.30084656255705894,499.3372378370818,-1.0,491.1025414956918,47.43199775646211,-1.0,82.82435559036787,16.10919218804973,1.0089432166288085e-07,-1.0,-1.0,0.2508020213239463
