target_id,prot_ps,prot_acf,prot_cs,e_prot_ps,E_prot_ps,e_prot_acf,E_prot_acf,e_prot_cs,E_prot_cs,sph_ps,sph_acf,sph_cs,e_sph_ps,e_sph_acf,e_sph_cs,h_ps,fa_prob_ps,hacf,gacf,hcs
12120684,0.10352055288058,-1.0,2.451630426750755,0.12176957930183263,0.12176957930183263,-1.0,-1.0,0.008619969113821627,0.008619969113821627,767.1230383105309,-1.0,867.4731646842569,130.72136694926724,-1.0,201.67870322091397,11.555696809967673,9.581304463415768e-06,-1.0,-1.0,0.2538069947653816
