target_id,prot_ps,prot_acf,prot_cs,e_prot_ps,E_prot_ps,e_prot_acf,E_prot_acf,e_prot_cs,E_prot_cs,sph_ps,sph_acf,sph_cs,e_sph_ps,e_sph_acf,e_sph_cs,h_ps,fa_prob_ps,hacf,gacf,hcs
12167160,5.391090412137162,55.62045202963054,5.448429429869673,2.600966333631913,2.600966333631913,-1.0,-1.0,0.12239040557331497,0.12239040557331497,495.13136203526153,580.6031695201443,506.30146350622607,114.9699683413314,86.9847472340844,122.42894864360343,13.194877917829233,1.8601044464149034e-06,0.17454509176907437,0.09668595101536927,0.4253759833132767
