target_id,prot_ps,prot_acf,prot_cs,e_prot_ps,E_prot_ps,e_prot_acf,E_prot_acf,e_prot_cs,E_prot_cs,sph_ps,sph_acf,sph_cs,e_sph_ps,e_sph_acf,e_sph_cs,h_ps,fa_prob_ps,hacf,gacf,hcs
12117877,24.762514507012394,52.616825920995325,1.638579910914414,0.6243995949961076,0.6243995949961076,-1.0,-1.0,0.043764684150580595,0.043764684150580595,1126.8452478359166,1140.9356508625663,857.6986017360068,137.5165730762962,64.82524873825575,156.25953275403296,31.152265573377267,2.956262284075765e-14,0.1754647939002114,0.09296453678478052,0.23690712578007736
