target_id,prot_ps,prot_acf,prot_cs,e_prot_ps,E_prot_ps,e_prot_acf,E_prot_acf,e_prot_cs,E_prot_cs,sph_ps,sph_acf,sph_cs,e_sph_ps,e_sph_acf,e_sph_cs,h_ps,fa_prob_ps,hacf,gacf,hcs
12251852,13.927306917191032,27.62700480595231,0.3236773344129346,0.5474488267479178,0.5474488267479178,-1.0,-1.0,0.00796150493120257,0.00796150493120257,3876.8090244710575,3784.6709373319477,2233.11573385887,0.0,0.0,213.4125819031261,14.380826184380455,5.681807855883699e-07,0.2532265059028537,0.4232963625343763,1.0498058994349782
