target_id,prot_ps,prot_acf,prot_cs,e_prot_ps,E_prot_ps,e_prot_acf,E_prot_acf,e_prot_cs,E_prot_cs,sph_ps,sph_acf,sph_cs,e_sph_ps,e_sph_acf,e_sph_cs,h_ps,fa_prob_ps,hacf,gacf,hcs
12254187,0.19507368387179663,57.8680621907115,0.6348866781569885,7.389056098930649,7.389056098930649,-1.0,-1.0,0.008512843785805219,0.008512843785805219,302.3223407468376,464.46555871742237,314.6435437490098,45.29904247745839,41.80841525441244,41.192921228244025,13.209229293964606,1.833600030183595e-06,0.1364565146670306,0.033870069375285236,0.37134287265320653
