target_id,prot_ps,prot_acf,prot_cs,e_prot_ps,E_prot_ps,e_prot_acf,E_prot_acf,e_prot_cs,E_prot_cs,sph_ps,sph_acf,sph_cs,e_sph_ps,e_sph_acf,e_sph_cs,h_ps,fa_prob_ps,hacf,gacf,hcs
12204948,0.222219922734451,33.28641035500914,2.594068692948761,0.19931124121860558,0.19931124121860558,-1.0,-1.0,0.0406823487107892,0.0406823487107892,553.6885935556719,1368.4043705074796,922.9499815335523,90.518892775237,403.80543489394194,350.04516688780546,14.027970350086784,8.08592827469192e-07,0.21416554942362204,0.07859960919713115,4.386143876648277
