target_id,prot_ps,prot_acf,prot_cs,e_prot_ps,E_prot_ps,e_prot_acf,E_prot_acf,e_prot_cs,E_prot_cs,sph_ps,sph_acf,sph_cs,e_sph_ps,e_sph_acf,e_sph_cs,h_ps,fa_prob_ps,hacf,gacf,hcs
12206644,4.602653162592672,13.83362763049081,4.6932165349647414,1.2382942354440711,1.2382942354440711,-1.0,-1.0,0.1281934603279916,0.1281934603279916,273.7698529578154,302.53154604461406,271.2741057975002,99.21305834041617,93.68209253699631,88.49271091512085,32.24592820243575,9.90310349615775e-15,0.13116533314963708,0.011393743236232665,1.4829061091451807
