target_id,prot_ps,prot_acf,prot_cs,e_prot_ps,E_prot_ps,e_prot_acf,E_prot_acf,e_prot_cs,E_prot_cs,sph_ps,sph_acf,sph_cs,e_sph_ps,e_sph_acf,e_sph_cs,h_ps,fa_prob_ps,hacf,gacf,hcs
12265176,4.261902474233895,-1.0,3.420292973927633,1.618608262858515,1.618608262858515,-1.0,-1.0,0.45075799041283743,0.45075799041283743,365.0300950942734,-1.0,353.3063388305653,86.87352891279531,-1.0,69.22328152766949,15.194921022965254,2.5172691114863423e-07,-1.0,-1.0,0.201821353348656
