target_id,prot_ps,prot_acf,prot_cs,e_prot_ps,E_prot_ps,e_prot_acf,E_prot_acf,e_prot_cs,E_prot_cs,sph_ps,sph_acf,sph_cs,e_sph_ps,e_sph_acf,e_sph_cs,h_ps,fa_prob_ps,hacf,gacf,hcs
12268654,54.11068976722438,-1.0,2.89279853863176,7.389056098922849,7.389056098922849,-1.0,-1.0,1.1253217365493557,1.1253217365493557,449.48522046478683,-1.0,252.42698291715487,31.10505590506561,-1.0,89.23847280657043,14.506547810484147,5.010560777522804e-07,-1.0,-1.0,0.31876150328580605
