target_id,prot_ps,prot_acf,prot_cs,e_prot_ps,E_prot_ps,e_prot_acf,E_prot_acf,e_prot_cs,E_prot_cs,sph_ps,sph_acf,sph_cs,e_sph_ps,e_sph_acf,e_sph_cs,h_ps,fa_prob_ps,hacf,gacf,hcs
12206157,47.11136218976487,55.74299434944987,1.577886372311041,7.389056098930632,7.389056098930632,-1.0,-1.0,0.07870700605523727,0.07870700605523727,450.28786497954496,450.6498748761466,304.389060449493,40.60922104774447,51.4151297571048,49.42340593837968,15.892278022431876,1.2533470696821874e-07,0.23244252651141362,0.11402622187900985,0.3611693197530671
