target_id,prot_ps,prot_acf,prot_cs,e_prot_ps,E_prot_ps,e_prot_acf,E_prot_acf,e_prot_cs,E_prot_cs,sph_ps,sph_acf,sph_cs,e_sph_ps,e_sph_acf,e_sph_cs,h_ps,fa_prob_ps,hacf,gacf,hcs
12251267,6.077812796258526,17.899885458871722,1.4492258031493723,2.847088106750169,2.847088106750169,-1.0,-1.0,0.008487828062204768,0.008487828062204768,774.2914657212397,860.0269716888376,574.6650211278636,225.10091976425522,199.76867503672005,216.54949736020933,36.505681595528635,1.3988911574073711e-16,0.20432998390612006,0.03851742940714293,1.7465971446016664
