target_id,prot_ps,prot_acf,prot_cs,e_prot_ps,E_prot_ps,e_prot_acf,E_prot_acf,e_prot_cs,E_prot_cs,sph_ps,sph_acf,sph_cs,e_sph_ps,e_sph_acf,e_sph_cs,h_ps,fa_prob_ps,hacf,gacf,hcs
12268307,2.909669697102181,-1.0,2.930580976819619,1.2526334258849012,1.2526334258849012,-1.0,-1.0,0.19769856156534898,0.19769856156534898,741.3831665111585,-1.0,734.9983087017615,77.74901791792664,-1.0,75.6966589453606,9.050855331639632,0.00011729067157997589,-1.0,-1.0,0.28853623358404545
