target_id,prot_ps,prot_acf,prot_cs,e_prot_ps,E_prot_ps,e_prot_acf,E_prot_acf,e_prot_cs,E_prot_cs,sph_ps,sph_acf,sph_cs,e_sph_ps,e_sph_acf,e_sph_cs,h_ps,fa_prob_ps,hacf,gacf,hcs
12207328,22.468710320750947,22.722211942076683,2.3870582725480203,1.4372374809815094,1.4372374809815094,-1.0,-1.0,0.1252650306297568,0.1252650306297568,3690.9090922648606,3652.141383756234,2206.244645058636,1646.4902287971602,1726.502334847146,1357.438173360058,17.32091947055206,3.0034489352041044e-08,0.39108835383669,0.051006916113415145,5.202481296318873
