target_id,prot_ps,prot_acf,prot_cs,e_prot_ps,E_prot_ps,e_prot_acf,E_prot_acf,e_prot_cs,E_prot_cs,sph_ps,sph_acf,sph_cs,e_sph_ps,e_sph_acf,e_sph_cs,h_ps,fa_prob_ps,hacf,gacf,hcs
12203913,20.577233382540633,19.800202678889036,20.3709144031629,1.2562608170710476,1.2562608170710476,-1.0,-1.0,0.9176522511344382,0.9176522511344382,3170.50408400838,3145.749989053179,3166.814534844402,662.3780914717894,719.2161984342025,706.3864062733717,73.05894172530509,1.865970420550271e-32,0.7912115789318546,0.4203534122776425,0.9468804340839658
