target_id,prot_ps,prot_acf,prot_cs,e_prot_ps,E_prot_ps,e_prot_acf,E_prot_acf,e_prot_cs,E_prot_cs,sph_ps,sph_acf,sph_cs,e_sph_ps,e_sph_acf,e_sph_cs,h_ps,fa_prob_ps,hacf,gacf,hcs
12300406,0.4353909619200688,33.9820170160383,0.8294227725081449,0.3594961605268796,0.3594961605268796,-1.0,-1.0,2.145812753595025,2.145812753595025,1736.0717932021348,4237.971859791833,1869.1496493449438,157.92747493829827,0.0,207.49873536868395,8.127035004205402,0.00029544289036704955,0.739192515245453,0.4343196061985461,0.12814043445601
