target_id,prot_ps,prot_acf,prot_cs,e_prot_ps,E_prot_ps,e_prot_acf,E_prot_acf,e_prot_cs,E_prot_cs,sph_ps,sph_acf,sph_cs,e_sph_ps,e_sph_acf,e_sph_cs,h_ps,fa_prob_ps,hacf,gacf,hcs
12306142,25.631298749181003,25.725968724582344,25.552358755492854,1.4284845758685396,1.4284845758685396,-1.0,-1.0,0.29228736315799075,0.29228736315799075,1481.1434985570754,1503.9129636139878,1534.402333813591,397.8535985662704,419.82411955889813,420.5112834821705,37.126423176845634,7.519678647873649e-17,0.6772059071614569,0.3383363758396249,0.9881671165604671
