target_id,prot_ps,prot_acf,prot_cs,e_prot_ps,E_prot_ps,e_prot_acf,E_prot_acf,e_prot_cs,E_prot_cs,sph_ps,sph_acf,sph_cs,e_sph_ps,e_sph_acf,e_sph_cs,h_ps,fa_prob_ps,hacf,gacf,hcs
12301013,0.13018698758378608,56.11082560475916,1.452404079441927,0.21674168938909186,0.21674168938909186,-1.0,-1.0,0.00865284825376988,0.00865284825376988,494.13572788884477,791.5080729395378,542.9832569169763,102.89118036952269,108.02181054299753,91.59859428343199,16.565961715966317,6.389902614564404e-08,0.215672066649903,0.11797742567312083,0.7898026155286751
