target_id,prot_ps,prot_acf,prot_cs,e_prot_ps,E_prot_ps,e_prot_acf,E_prot_acf,e_prot_cs,E_prot_cs,sph_ps,sph_acf,sph_cs,e_sph_ps,e_sph_acf,e_sph_cs,h_ps,fa_prob_ps,hacf,gacf,hcs
12302305,2.9514837085741825,-1.0,3.1355445039924237,3.2717809847053134,3.2717809847053134,-1.0,-1.0,0.4282867312144087,0.4282867312144087,560.5025792807365,-1.0,569.1861963643763,106.60316336505986,-1.0,103.97500596006361,11.126055831512405,1.4723645316880344e-05,-1.0,-1.0,0.27904560040508536
