target_id,prot_ps,prot_acf,prot_cs,e_prot_ps,E_prot_ps,e_prot_acf,E_prot_acf,e_prot_cs,E_prot_cs,sph_ps,sph_acf,sph_cs,e_sph_ps,e_sph_acf,e_sph_cs,h_ps,fa_prob_ps,hacf,gacf,hcs
12405321,10.435588018635976,-1.0,1.0114657615777107,7.389056098930649,7.389056098930649,-1.0,-1.0,0.13235317362665053,0.13235317362665053,2293.9705910265,-1.0,1112.9241036855287,2119.152269886312,-1.0,586.8164117380346,21.110410554073994,6.789928259247875e-10,-1.0,-1.0,0.3049777878429679
