target_id,prot_ps,prot_acf,prot_cs,e_prot_ps,E_prot_ps,e_prot_acf,E_prot_acf,e_prot_cs,E_prot_cs,sph_ps,sph_acf,sph_cs,e_sph_ps,e_sph_acf,e_sph_cs,h_ps,fa_prob_ps,hacf,gacf,hcs
12406784,0.12476486528670536,-1.0,0.5139673670457664,0.2329296924824067,0.2329296924824067,-1.0,-1.0,0.013392273478602633,0.013392273478602633,221.889449683467,-1.0,235.53737222012606,39.32870383575578,-1.0,36.74584489833273,11.069084253677456,1.558682964717728e-05,-1.0,-1.0,0.4395049847389307
