target_id,prot_ps,prot_acf,prot_cs,e_prot_ps,E_prot_ps,e_prot_acf,E_prot_acf,e_prot_cs,E_prot_cs,sph_ps,sph_acf,sph_cs,e_sph_ps,e_sph_acf,e_sph_cs,h_ps,fa_prob_ps,hacf,gacf,hcs
12402593,12.074218800823031,56.74427676992491,1.3621078464109448,4.804577902312112,4.804577902312112,-1.0,-1.0,1.5875883798431558,1.5875883798431558,932.5447700280041,965.2353872111286,632.7962506148564,163.56730982021386,58.658887420671384,139.38666161390313,16.53016136649291,6.622807524883531e-08,0.15224347761120297,0.06840858819100107,0.26401812874710523
