target_id,prot_ps,prot_acf,prot_cs,e_prot_ps,E_prot_ps,e_prot_acf,E_prot_acf,e_prot_cs,E_prot_cs,sph_ps,sph_acf,sph_cs,e_sph_ps,e_sph_acf,e_sph_cs,h_ps,fa_prob_ps,hacf,gacf,hcs
12401377,0.35694192024729504,-1.0,3.135543146333658,0.7767984068712597,0.7767984068712597,-1.0,-1.0,1.171755459735397,1.171755459735397,604.4334835076374,-1.0,718.5507021081942,111.2612175395434,-1.0,134.1621150782323,11.823082423017302,7.33331844856472e-06,-1.0,-1.0,0.3045774996866782
