target_id,prot_ps,prot_acf,prot_cs,e_prot_ps,E_prot_ps,e_prot_acf,E_prot_acf,e_prot_cs,E_prot_cs,sph_ps,sph_acf,sph_cs,e_sph_ps,e_sph_acf,e_sph_cs,h_ps,fa_prob_ps,hacf,gacf,hcs
12417486,26.563353206768372,-1.0,1.7599532326636838,7.389056098928217,7.389056098928217,-1.0,-1.0,0.10436633303957217,0.10436633303957217,871.0363148868236,-1.0,485.9974086205105,116.09453788732772,-1.0,115.16538562826844,17.617448751042822,2.2327454972794286e-08,-1.0,-1.0,0.2226624148310315
