target_id,prot_ps,prot_acf,prot_cs,e_prot_ps,E_prot_ps,e_prot_acf,E_prot_acf,e_prot_cs,E_prot_cs,sph_ps,sph_acf,sph_cs,e_sph_ps,e_sph_acf,e_sph_cs,h_ps,fa_prob_ps,hacf,gacf,hcs
12454853,18.730547507167085,18.512872030958533,18.763254752939364,0.5591572739615185,0.5591572739615185,-1.0,-1.0,0.26265733151526277,0.26265733151526277,5242.9266276337685,5214.496759478244,5242.980978316005,1327.7823779169194,1324.353537936216,1335.2634613022194,115.7731372218055,5.252491423482404e-51,0.8788725142972509,0.47396369337960875,0.9782168447354481
