target_id,prot_ps,prot_acf,prot_cs,e_prot_ps,E_prot_ps,e_prot_acf,E_prot_acf,e_prot_cs,E_prot_cs,sph_ps,sph_acf,sph_cs,e_sph_ps,e_sph_acf,e_sph_cs,h_ps,fa_prob_ps,hacf,gacf,hcs
12406326,12.594665366179381,38.558314030990005,1.341469695884734,2.9110013553454634,2.9110013553454634,-1.0,-1.0,0.19831446830171473,0.19831446830171473,1206.6003187400738,1220.9573034748187,787.1387472471371,275.79818827822106,178.96968368792517,152.4866759321616,16.292753915403424,8.397439421028298e-08,0.2071198106696769,0.06520721999787399,0.6794330342021979
