target_id,prot_ps,prot_acf,prot_cs,e_prot_ps,E_prot_ps,e_prot_acf,E_prot_acf,e_prot_cs,E_prot_cs,sph_ps,sph_acf,sph_cs,e_sph_ps,e_sph_acf,e_sph_cs,h_ps,fa_prob_ps,hacf,gacf,hcs
12402792,52.57025143135869,54.70088822534308,52.827789800546995,7.389056098930649,7.389056098930649,-1.0,-1.0,1.2499664294708304,1.2499664294708304,408.76154046425376,418.07105800372364,405.7717231780064,57.61304420277785,48.51600768007186,65.43154065485123,31.356846657782526,2.409320226769702e-14,0.2805380416131431,0.15446412590080855,0.27137352304353207
