target_id,prot_ps,prot_acf,prot_cs,e_prot_ps,E_prot_ps,e_prot_acf,E_prot_acf,e_prot_cs,E_prot_cs,sph_ps,sph_acf,sph_cs,e_sph_ps,e_sph_acf,e_sph_cs,h_ps,fa_prob_ps,hacf,gacf,hcs
12598744,0.3316903125825052,50.53246108070016,0.6877972664684058,0.13047060568708335,0.13047060568708335,-1.0,-1.0,0.25466222422805374,0.25466222422805374,319.98214635782335,454.96523743129745,326.6002457627232,28.852894283030874,0.0,30.614313453194328,9.820969160536288,5.430093236550819e-05,0.21948175709097553,0.15645936811694916,0.08580481373971878
