target_id,prot_ps,prot_acf,prot_cs,e_prot_ps,E_prot_ps,e_prot_acf,E_prot_acf,e_prot_cs,E_prot_cs,sph_ps,sph_acf,sph_cs,e_sph_ps,e_sph_acf,e_sph_cs,h_ps,fa_prob_ps,hacf,gacf,hcs
12506035,47.1286323727325,-1.0,6.048569251606241,7.389056098930649,7.389056098930649,-1.0,-1.0,2.1101690093897436,2.1101690093897436,514.8379048422685,-1.0,451.8077404629567,40.74568652626771,-1.0,75.4444071992051,13.360810805673776,1.5757002116238288e-06,-1.0,-1.0,0.15531470386025126
