target_id,prot_ps,prot_acf,prot_cs,e_prot_ps,E_prot_ps,e_prot_acf,E_prot_acf,e_prot_cs,E_prot_cs,sph_ps,sph_acf,sph_cs,e_sph_ps,e_sph_acf,e_sph_cs,h_ps,fa_prob_ps,hacf,gacf,hcs
12647815,10.436849687967953,10.421168804168701,10.439004806981666,0.29121240781538577,0.29121240781538577,-1.0,-1.0,0.03634142770966284,0.03634142770966284,4727.46786690262,4731.485721249282,4725.580181396114,1638.0842805972559,1651.0400276667428,1635.9844281804412,321.26136661799256,3.0058079523232474e-140,0.9936025991281123,0.6064396748560871,0.9282686894626466
