target_id,prot_ps,prot_acf,prot_cs,e_prot_ps,E_prot_ps,e_prot_acf,E_prot_acf,e_prot_cs,E_prot_cs,sph_ps,sph_acf,sph_cs,e_sph_ps,e_sph_acf,e_sph_cs,h_ps,fa_prob_ps,hacf,gacf,hcs
12644614,1.585848396545568,56.417335621546954,0.8575125693378065,1.0126050962641442,1.0126050962641442,-1.0,-1.0,0.009938237367470208,0.009938237367470208,279.13680040050457,420.127826498176,246.54190692042852,82.1699042533637,57.09647761707614,53.398716478176325,15.204644758738146,2.492910472190716e-07,0.17271051386659633,0.06026412775944327,0.6062168251970843
