target_id,prot_ps,prot_acf,prot_cs,e_prot_ps,E_prot_ps,e_prot_acf,E_prot_acf,e_prot_cs,E_prot_cs,sph_ps,sph_acf,sph_cs,e_sph_ps,e_sph_acf,e_sph_cs,h_ps,fa_prob_ps,hacf,gacf,hcs
12834290,52.67271571095383,57.295904664322734,3.25408464591137,7.389056098930649,7.389056098930649,-1.0,-1.0,0.08599592077677681,0.08599592077677681,528.6805780905178,527.0462512093618,361.1594303556527,89.20715329564109,76.27611977066155,70.50615126083139,15.638527210508794,1.6153771203204976e-07,0.19737927007302267,0.07617896205653049,0.16071216133382807
