target_id,prot_ps,prot_acf,prot_cs,e_prot_ps,E_prot_ps,e_prot_acf,E_prot_acf,e_prot_cs,E_prot_cs,sph_ps,sph_acf,sph_cs,e_sph_ps,e_sph_acf,e_sph_cs,h_ps,fa_prob_ps,hacf,gacf,hcs
3733735,2.5745598499683404,2.635941315907985,2.5615938135660308,0.06534695428025517,0.0688416013158002,-1.0,-1.0,0.015911376777077733,0.015911376777077733,285.3461056249432,285.4690190758596,286.5711400609552,100.95488567040516,100.48283566410404,99.62589057373816,1102.1159499545402,0.0,1.0856292651159007,0.5980954830863897,0.15472073902178246
